Date,Category,Citations
2026-01-01,social-welfare,11
2026-01-01,money-and-tax,7
2026-01-01,employment,4
2026-01-01,housing,4
2026-01-01,birth-family-relationships,2
2026-01-01,environment,1
2026-01-01,moving-country,1
2026-01-01,returning-to-ireland,1
2026-01-01,justice,1
2026-01-01,death,1
2026-01-01,about,1
2026-01-02,social-welfare,51
2026-01-02,money-and-tax,25
2026-01-02,employment,15
2026-01-02,health,14
2026-01-02,housing,13
2026-01-02,birth-family-relationships,5
2026-01-02,travel-and-recreation,4
2026-01-02,moving-country,4
2026-01-02,environment,2
2026-01-02,death,2
2026-01-02,about,2
2026-01-02,consumer,2
2026-01-02,education,2
2026-01-02,justice,2
2026-01-02,returning-to-ireland,1
2026-01-03,health,4
2026-01-03,justice,4
2026-01-03,money-and-tax,2
2026-01-03,environment,2
2026-01-03,housing,2
2026-01-03,consumer,1
2026-01-03,social-welfare,1
2026-01-03,death,1
2026-01-04,social-welfare,11
2026-01-04,housing,5
2026-01-04,government-in-ireland,2
2026-01-04,justice,2
2026-01-04,employment,2
2026-01-04,money-and-tax,1
2026-01-04,education,1
2026-01-05,social-welfare,100
2026-01-05,money-and-tax,29
2026-01-05,moving-country,29
2026-01-05,housing,20
2026-01-05,health,20
2026-01-05,employment,19
2026-01-05,travel-and-recreation,11
2026-01-05,returning-to-ireland,9
2026-01-05,government-in-ireland,9
2026-01-05,about,7
2026-01-05,education,6
2026-01-05,justice,5
2026-01-05,consumer,5
2026-01-05,birth-family-relationships,4
2026-01-05,environment,2
2026-01-05,death,1
2026-01-06,social-welfare,67
2026-01-06,employment,37
2026-01-06,moving-country,23
2026-01-06,housing,15
2026-01-06,money-and-tax,14
2026-01-06,health,8
2026-01-06,birth-family-relationships,8
2026-01-06,education,7
2026-01-06,returning-to-ireland,6
2026-01-06,travel-and-recreation,4
2026-01-06,death,3
2026-01-06,about,3
2026-01-06,my-situation,1
2026-01-06,government-in-ireland,1
2026-01-06,consumer,1
2026-01-07,social-welfare,107
2026-01-07,moving-country,37
2026-01-07,employment,33
2026-01-07,money-and-tax,30
2026-01-07,housing,17
2026-01-07,health,9
2026-01-07,returning-to-ireland,9
2026-01-07,death,9
2026-01-07,consumer,8
2026-01-07,birth-family-relationships,6
2026-01-07,justice,5
2026-01-07,travel-and-recreation,3
2026-01-07,government-in-ireland,3
2026-01-07,education,3
2026-01-07,about,2
2026-01-08,social-welfare,97
2026-01-08,money-and-tax,34
2026-01-08,employment,21
2026-01-08,housing,21
2026-01-08,moving-country,15
2026-01-08,education,14
2026-01-08,returning-to-ireland,8
2026-01-08,birth-family-relationships,8
2026-01-08,travel-and-recreation,5
2026-01-08,consumer,5
2026-01-08,government-in-ireland,4
2026-01-08,health,3
2026-01-08,death,3
2026-01-08,environment,3
2026-01-08,justice,3
2026-01-08,about,2
2026-01-09,social-welfare,78
2026-01-09,employment,36
2026-01-09,money-and-tax,26
2026-01-09,housing,17
2026-01-09,moving-country,13
2026-01-09,health,9
2026-01-09,justice,8
2026-01-09,birth-family-relationships,7
2026-01-09,education,6
2026-01-09,travel-and-recreation,5
2026-01-09,death,3
2026-01-09,consumer,2
2026-01-09,returning-to-ireland,1
2026-01-09,government-in-ireland,1
2026-01-09,about,1
2026-01-10,social-welfare,13
2026-01-10,employment,8
2026-01-10,money-and-tax,6
2026-01-10,travel-and-recreation,4
2026-01-10,justice,2
2026-01-10,housing,1
2026-01-10,health,1
2026-01-11,employment,22
2026-01-11,social-welfare,15
2026-01-11,money-and-tax,9
2026-01-11,government-in-ireland,4
2026-01-11,justice,4
2026-01-11,moving-country,2
2026-01-11,travel-and-recreation,2
2026-01-11,health,2
2026-01-11,birth-family-relationships,2
2026-01-11,returning-to-ireland,1
2026-01-11,housing,1
2026-01-11,about,1
2026-01-12,social-welfare,94
2026-01-12,money-and-tax,58
2026-01-12,employment,37
2026-01-12,moving-country,15
2026-01-12,travel-and-recreation,14
2026-01-12,health,12
2026-01-12,housing,9
2026-01-12,justice,4
2026-01-12,education,4
2026-01-12,returning-to-ireland,4
2026-01-12,birth-family-relationships,3
2026-01-12,about,2
2026-01-12,environment,2
2026-01-12,consumer,2
2026-01-12,government-in-ireland,1
2026-01-12,death,1
2026-01-13,social-welfare,124
2026-01-13,money-and-tax,39
2026-01-13,employment,27
2026-01-13,housing,23
2026-01-13,moving-country,14
2026-01-13,travel-and-recreation,14
2026-01-13,health,13
2026-01-13,birth-family-relationships,9
2026-01-13,returning-to-ireland,9
2026-01-13,education,9
2026-01-13,consumer,5
2026-01-13,justice,5
2026-01-13,environment,4
2026-01-13,death,1
2026-01-13,government-in-ireland,1
2026-01-13,about,1
2026-01-14,social-welfare,103
2026-01-14,money-and-tax,48
2026-01-14,housing,38
2026-01-14,moving-country,26
2026-01-14,travel-and-recreation,20
2026-01-14,employment,15
2026-01-14,returning-to-ireland,13
2026-01-14,health,10
2026-01-14,birth-family-relationships,7
2026-01-14,justice,6
2026-01-14,education,6
2026-01-14,about,1
2026-01-14,death,1
2026-01-15,social-welfare,112
2026-01-15,money-and-tax,37
2026-01-15,moving-country,28
2026-01-15,employment,28
2026-01-15,housing,27
2026-01-15,travel-and-recreation,19
2026-01-15,health,13
2026-01-15,birth-family-relationships,9
2026-01-15,education,5
2026-01-15,returning-to-ireland,4
2026-01-15,death,4
2026-01-15,justice,4
2026-01-15,government-in-ireland,1
2026-01-15,about,1
2026-01-15,consumer,1
2026-01-16,social-welfare,187
2026-01-16,employment,35
2026-01-16,money-and-tax,35
2026-01-16,returning-to-ireland,32
2026-01-16,moving-country,32
2026-01-16,travel-and-recreation,30
2026-01-16,housing,27
2026-01-16,birth-family-relationships,21
2026-01-16,education,18
2026-01-16,health,15
2026-01-16,justice,10
2026-01-16,government-in-ireland,6
2026-01-16,death,5
2026-01-16,consumer,3
2026-01-16,about,2
2026-01-16,environment,1
2026-01-17,social-welfare,7
2026-01-17,money-and-tax,6
2026-01-17,housing,4
2026-01-17,death,3
2026-01-17,birth-family-relationships,3
2026-01-17,moving-country,1
2026-01-17,travel-and-recreation,1
2026-01-18,social-welfare,21
2026-01-18,moving-country,15
2026-01-18,money-and-tax,8
2026-01-18,returning-to-ireland,4
2026-01-18,housing,2
2026-01-18,employment,2
2026-01-18,health,1
2026-01-18,consumer,1
2026-01-18,travel-and-recreation,1
2026-01-18,birth-family-relationships,1
2026-01-19,social-welfare,114
2026-01-19,money-and-tax,58
2026-01-19,employment,45
2026-01-19,moving-country,41
2026-01-19,housing,27
2026-01-19,health,13
2026-01-19,justice,10
2026-01-19,returning-to-ireland,9
2026-01-19,education,8
2026-01-19,death,7
2026-01-19,travel-and-recreation,6
2026-01-19,consumer,4
2026-01-19,birth-family-relationships,3
2026-01-19,about,1
2026-01-20,social-welfare,149
2026-01-20,money-and-tax,45
2026-01-20,moving-country,41
2026-01-20,employment,21
2026-01-20,travel-and-recreation,18
2026-01-20,birth-family-relationships,16
2026-01-20,health,15
2026-01-20,justice,11
2026-01-20,housing,11
2026-01-20,death,8
2026-01-20,returning-to-ireland,6
2026-01-20,consumer,5
2026-01-20,education,2
2026-01-20,environment,2
2026-01-20,about,1
2026-01-21,social-welfare,128
2026-01-21,moving-country,34
2026-01-21,money-and-tax,31
2026-01-21,employment,30
2026-01-21,birth-family-relationships,26
2026-01-21,justice,22
2026-01-21,health,19
2026-01-21,housing,19
2026-01-21,travel-and-recreation,14
2026-01-21,consumer,4
2026-01-21,education,4
2026-01-21,government-in-ireland,3
2026-01-21,death,3
2026-01-21,returning-to-ireland,3
2026-01-21,about,2
2026-01-21,environment,2
2026-01-22,social-welfare,142
2026-01-22,money-and-tax,48
2026-01-22,housing,48
2026-01-22,employment,35
2026-01-22,moving-country,22
2026-01-22,health,16
2026-01-22,travel-and-recreation,14
2026-01-22,returning-to-ireland,10
2026-01-22,education,7
2026-01-22,about,5
2026-01-22,death,5
2026-01-22,birth-family-relationships,4
2026-01-22,government-in-ireland,3
2026-01-22,justice,3
2026-01-22,environment,2
2026-01-22,consumer,1
2026-01-23,social-welfare,68
2026-01-23,money-and-tax,27
2026-01-23,moving-country,16
2026-01-23,employment,15
2026-01-23,travel-and-recreation,11
2026-01-23,housing,9
2026-01-23,returning-to-ireland,9
2026-01-23,health,8
2026-01-23,education,8
2026-01-23,birth-family-relationships,6
2026-01-23,consumer,3
2026-01-23,justice,2
2026-01-23,death,2
2026-01-24,money-and-tax,16
2026-01-24,social-welfare,12
2026-01-24,moving-country,9
2026-01-24,health,9
2026-01-24,returning-to-ireland,6
2026-01-24,justice,5
2026-01-24,housing,3
2026-01-24,education,3
2026-01-24,birth-family-relationships,3
2026-01-24,travel-and-recreation,1
2026-01-25,money-and-tax,7
2026-01-25,social-welfare,6
2026-01-25,travel-and-recreation,4
2026-01-25,health,3
2026-01-25,consumer,3
2026-01-25,returning-to-ireland,3
2026-01-25,death,3
2026-01-25,moving-country,2
2026-01-25,birth-family-relationships,1
2026-01-25,employment,1
2026-01-26,social-welfare,97
2026-01-26,employment,33
2026-01-26,moving-country,32
2026-01-26,money-and-tax,30
2026-01-26,housing,10
2026-01-26,health,9
2026-01-26,travel-and-recreation,8
2026-01-26,education,7
2026-01-26,returning-to-ireland,5
2026-01-26,birth-family-relationships,5
2026-01-26,consumer,3
2026-01-26,environment,3
2026-01-26,government-in-ireland,2
2026-01-26,justice,2
2026-01-26,death,1
2026-01-27,social-welfare,8
2026-01-27,travel-and-recreation,6
2026-01-27,housing,5
2026-01-27,moving-country,4
2026-01-27,employment,3
2026-01-27,money-and-tax,2
2026-01-27,death,2
2026-01-27,health,1
2026-01-27,justice,1
2026-01-27,birth-family-relationships,1
2026-01-27,education,1
2026-01-27,consumer,1
2026-01-28,social-welfare,97
2026-01-28,money-and-tax,24
2026-01-28,employment,21
2026-01-28,housing,21
2026-01-28,moving-country,21
2026-01-28,health,20
2026-01-28,birth-family-relationships,11
2026-01-28,returning-to-ireland,8
2026-01-28,travel-and-recreation,6
2026-01-28,education,4
2026-01-28,government-in-ireland,3
2026-01-28,environment,2
2026-01-28,consumer,2
2026-01-28,death,2
2026-01-28,about,2
2026-01-28,justice,2
2026-01-29,social-welfare,79
2026-01-29,moving-country,33
2026-01-29,money-and-tax,30
2026-01-29,housing,28
2026-01-29,employment,26
2026-01-29,travel-and-recreation,18
2026-01-29,health,15
2026-01-29,birth-family-relationships,7
2026-01-29,returning-to-ireland,6
2026-01-29,justice,5
2026-01-29,death,4
2026-01-29,environment,2
2026-01-29,education,2
2026-01-29,consumer,2
2026-01-29,government-in-ireland,2
2026-01-29,about,1
2026-01-30,social-welfare,61
2026-01-30,housing,19
2026-01-30,moving-country,17
2026-01-30,employment,17
2026-01-30,money-and-tax,13
2026-01-30,health,12
2026-01-30,education,11
2026-01-30,birth-family-relationships,9
2026-01-30,returning-to-ireland,9
2026-01-30,government-in-ireland,7
2026-01-30,travel-and-recreation,4
2026-01-30,justice,3
2026-01-30,consumer,2
2026-01-30,environment,1
2026-01-31,social-welfare,28
2026-01-31,moving-country,8
2026-01-31,returning-to-ireland,3
2026-01-31,money-and-tax,2
2026-01-31,health,2
2026-01-31,government-in-ireland,1
2026-01-31,birth-family-relationships,1
2026-02-01,social-welfare,20
2026-02-01,money-and-tax,11
2026-02-01,housing,9
2026-02-01,employment,7
2026-02-01,returning-to-ireland,4
2026-02-01,birth-family-relationships,3
2026-02-01,moving-country,2
2026-02-01,death,1
2026-02-01,justice,1
2026-02-01,consumer,1
2026-02-02,social-welfare,12
2026-02-02,moving-country,11
2026-02-02,money-and-tax,10
2026-02-02,returning-to-ireland,7
2026-02-02,health,2
2026-02-02,employment,2
2026-02-02,consumer,2
2026-02-02,about,2
2026-02-02,birth-family-relationships,2
2026-02-02,travel-and-recreation,1
2026-02-02,education,1
2026-02-03,social-welfare,79
2026-02-03,money-and-tax,27
2026-02-03,moving-country,26
2026-02-03,employment,25
2026-02-03,housing,17
2026-02-03,health,12
2026-02-03,travel-and-recreation,12
2026-02-03,returning-to-ireland,8
2026-02-03,birth-family-relationships,7
2026-02-03,death,5
2026-02-03,justice,4
2026-02-03,government-in-ireland,2
2026-02-03,education,1
2026-02-03,consumer,1
2026-02-04,social-welfare,101
2026-02-04,housing,29
2026-02-04,money-and-tax,22
2026-02-04,health,21
2026-02-04,employment,19
2026-02-04,returning-to-ireland,12
2026-02-04,moving-country,10
2026-02-04,death,5
2026-02-04,birth-family-relationships,5
2026-02-04,travel-and-recreation,5
2026-02-04,justice,4
2026-02-04,environment,3
2026-02-04,about,3
2026-02-04,consumer,1
2026-02-04,education,1
2026-02-04,government-in-ireland,1
2026-02-05,social-welfare,117
2026-02-05,money-and-tax,33
2026-02-05,employment,29
2026-02-05,housing,19
2026-02-05,health,15
2026-02-05,moving-country,13
2026-02-05,education,8
2026-02-05,birth-family-relationships,7
2026-02-05,travel-and-recreation,5
2026-02-05,consumer,5
2026-02-05,returning-to-ireland,5
2026-02-05,environment,3
2026-02-05,about,2
2026-02-05,justice,1
2026-02-05,death,1
2026-02-06,social-welfare,111
2026-02-06,money-and-tax,36
2026-02-06,employment,28
2026-02-06,moving-country,25
2026-02-06,returning-to-ireland,23
2026-02-06,housing,22
2026-02-06,travel-and-recreation,13
2026-02-06,health,12
2026-02-06,justice,5
2026-02-06,consumer,3
2026-02-06,government-in-ireland,3
2026-02-06,death,2
2026-02-06,environment,2
2026-02-06,education,1
2026-02-06,about,1
2026-02-06,birth-family-relationships,1
2026-02-07,social-welfare,14
2026-02-07,employment,13
2026-02-07,housing,5
2026-02-07,money-and-tax,4
2026-02-07,returning-to-ireland,3
2026-02-07,justice,2
2026-02-07,health,2
2026-02-08,social-welfare,8
2026-02-08,health,7
2026-02-08,birth-family-relationships,2
2026-02-08,money-and-tax,2
2026-02-08,justice,1
2026-02-08,housing,1
2026-02-09,social-welfare,81
2026-02-09,moving-country,26
2026-02-09,housing,20
2026-02-09,employment,15
2026-02-09,education,15
2026-02-09,birth-family-relationships,13
2026-02-09,money-and-tax,12
2026-02-09,health,8
2026-02-09,travel-and-recreation,6
2026-02-09,returning-to-ireland,5
2026-02-09,government-in-ireland,2
2026-02-09,environment,2
2026-02-09,justice,2
2026-02-09,consumer,1
2026-02-10,social-welfare,102
2026-02-10,employment,23
2026-02-10,money-and-tax,21
2026-02-10,travel-and-recreation,20
2026-02-10,housing,20
2026-02-10,education,15
2026-02-10,moving-country,13
2026-02-10,health,11
2026-02-10,returning-to-ireland,10
2026-02-10,birth-family-relationships,10
2026-02-10,consumer,6
2026-02-10,death,3
2026-02-10,justice,2
2026-02-10,about,2
2026-02-10,government-in-ireland,2
2026-02-10,environment,1
2026-02-11,social-welfare,77
2026-02-11,money-and-tax,25
2026-02-11,housing,19
2026-02-11,employment,16
2026-02-11,travel-and-recreation,14
2026-02-11,moving-country,12
2026-02-11,health,8
2026-02-11,consumer,7
2026-02-11,education,6
2026-02-11,returning-to-ireland,4
2026-02-11,justice,4
2026-02-11,birth-family-relationships,3
2026-02-11,death,3
2026-02-11,government-in-ireland,2
2026-02-11,about,1
2026-02-12,social-welfare,121
2026-02-12,money-and-tax,31
2026-02-12,housing,24
2026-02-12,employment,23
2026-02-12,moving-country,14
2026-02-12,health,11
2026-02-12,education,7
2026-02-12,birth-family-relationships,5
2026-02-12,returning-to-ireland,3
2026-02-12,death,3
2026-02-12,travel-and-recreation,3
2026-02-12,environment,2
2026-02-12,justice,2
2026-02-12,consumer,2
2026-02-12,government-in-ireland,1
2026-02-13,social-welfare,79
2026-02-13,employment,22
2026-02-13,housing,15
2026-02-13,money-and-tax,13
2026-02-13,health,12
2026-02-13,moving-country,11
2026-02-13,travel-and-recreation,10
2026-02-13,education,9
2026-02-13,birth-family-relationships,9
2026-02-13,justice,5
2026-02-13,death,4
2026-02-13,consumer,1
2026-02-13,returning-to-ireland,1
2026-02-14,housing,4
2026-02-14,travel-and-recreation,2
2026-02-14,employment,1
2026-02-14,social-welfare,1
2026-02-15,social-welfare,9
2026-02-15,housing,3
2026-02-15,employment,3
2026-02-15,birth-family-relationships,2
2026-02-15,money-and-tax,2
2026-02-15,consumer,1
2026-02-15,moving-country,1
2026-02-16,social-welfare,111
2026-02-16,money-and-tax,30
2026-02-16,moving-country,22
2026-02-16,employment,20
2026-02-16,travel-and-recreation,16
2026-02-16,health,12
2026-02-16,returning-to-ireland,12
2026-02-16,housing,11
2026-02-16,birth-family-relationships,9
2026-02-16,consumer,3
2026-02-16,justice,2
2026-02-16,education,1
2026-02-16,death,1
2026-02-16,about,1
2026-02-17,social-welfare,86
2026-02-17,moving-country,39
2026-02-17,health,29
2026-02-17,housing,24
2026-02-17,employment,18
2026-02-17,money-and-tax,14
2026-02-17,travel-and-recreation,13
2026-02-17,returning-to-ireland,10
2026-02-17,birth-family-relationships,5
2026-02-17,consumer,4
2026-02-17,education,4
2026-02-17,justice,3
2026-02-17,government-in-ireland,2
2026-02-17,death,1
2026-02-17,environment,1
2026-02-18,social-welfare,83
2026-02-18,money-and-tax,43
2026-02-18,housing,33
2026-02-18,employment,20
2026-02-18,health,18
2026-02-18,travel-and-recreation,11
2026-02-18,education,10
2026-02-18,moving-country,10
2026-02-18,birth-family-relationships,10
2026-02-18,returning-to-ireland,8
2026-02-18,about,5
2026-02-18,justice,4
2026-02-18,consumer,2
2026-02-18,death,1
2026-02-19,social-welfare,74
2026-02-19,housing,32
2026-02-19,employment,21
2026-02-19,money-and-tax,20
2026-02-19,moving-country,18
2026-02-19,health,10
2026-02-19,birth-family-relationships,9
2026-02-19,travel-and-recreation,9
2026-02-19,education,8
2026-02-19,justice,4
2026-02-19,returning-to-ireland,4
2026-02-19,environment,2
2026-02-19,death,1
2026-02-19,consumer,1
2026-02-20,social-welfare,82
2026-02-20,employment,33
2026-02-20,money-and-tax,27
2026-02-20,education,17
2026-02-20,health,15
2026-02-20,housing,15
2026-02-20,moving-country,10
2026-02-20,returning-to-ireland,6
2026-02-20,travel-and-recreation,6
2026-02-20,consumer,5
2026-02-20,birth-family-relationships,5
2026-02-20,death,4
2026-02-20,justice,2
2026-02-20,government-in-ireland,1
2026-02-20,about,1
2026-02-21,social-welfare,12
2026-02-21,housing,3
2026-02-21,health,2
2026-02-21,education,1
2026-02-21,about,1
2026-02-22,social-welfare,23
2026-02-22,money-and-tax,6
2026-02-22,housing,4
2026-02-22,employment,3
2026-02-22,travel-and-recreation,1
2026-02-23,social-welfare,88
2026-02-23,money-and-tax,26
2026-02-23,housing,18
2026-02-23,employment,17
2026-02-23,moving-country,16
2026-02-23,travel-and-recreation,15
2026-02-23,birth-family-relationships,12
2026-02-23,health,11
2026-02-23,returning-to-ireland,5
2026-02-23,education,5
2026-02-23,consumer,4
2026-02-23,justice,3
2026-02-23,death,3
2026-02-23,about,1
2026-02-23,government-in-ireland,1
2026-02-24,social-welfare,115
2026-02-24,money-and-tax,55
2026-02-24,employment,23
2026-02-24,housing,17
2026-02-24,moving-country,15
2026-02-24,health,13
2026-02-24,returning-to-ireland,7
2026-02-24,justice,7
2026-02-24,environment,4
2026-02-24,birth-family-relationships,4
2026-02-24,government-in-ireland,3
2026-02-24,consumer,3
2026-02-24,travel-and-recreation,3
2026-02-24,death,2
2026-02-24,education,1
2026-02-25,social-welfare,55
2026-02-25,employment,17
2026-02-25,health,14
2026-02-25,housing,12
2026-02-25,money-and-tax,12
2026-02-25,moving-country,11
2026-02-25,travel-and-recreation,11
2026-02-25,birth-family-relationships,5
2026-02-25,education,4
2026-02-25,death,3
2026-02-25,justice,2
2026-02-25,about,2
2026-02-25,returning-to-ireland,1
2026-02-26,social-welfare,95
2026-02-26,employment,29
2026-02-26,money-and-tax,25
2026-02-26,housing,15
2026-02-26,health,10
2026-02-26,moving-country,10
2026-02-26,education,9
2026-02-26,travel-and-recreation,7
2026-02-26,about,6
2026-02-26,returning-to-ireland,5
2026-02-26,environment,3
2026-02-26,consumer,3
2026-02-26,death,2
2026-02-26,government-in-ireland,1
2026-02-27,social-welfare,57
2026-02-27,employment,30
2026-02-27,money-and-tax,23
2026-02-27,moving-country,16
2026-02-27,education,16
2026-02-27,housing,11
2026-02-27,returning-to-ireland,8
2026-02-27,health,7
2026-02-27,justice,6
2026-02-27,travel-and-recreation,5
2026-02-27,birth-family-relationships,4
2026-02-27,environment,3
2026-02-27,death,1
2026-02-27,about,1
2026-02-27,consumer,1
2026-02-28,social-welfare,14
2026-02-28,employment,6
2026-02-28,death,6
2026-02-28,health,5
2026-02-28,money-and-tax,4
2026-02-28,education,2
2026-02-28,housing,2
2026-02-28,moving-country,1
2026-02-28,birth-family-relationships,1
2026-03-01,social-welfare,18
2026-03-01,housing,15
2026-03-01,money-and-tax,6
2026-03-01,education,4
2026-03-01,moving-country,4
2026-03-01,justice,2
2026-03-01,about,2
2026-03-01,travel-and-recreation,2
2026-03-01,returning-to-ireland,2
2026-03-01,health,2
2026-03-01,employment,1
2026-03-01,government-in-ireland,1
2026-03-02,social-welfare,108
2026-03-02,housing,24
2026-03-02,health,21
2026-03-02,employment,19
2026-03-02,money-and-tax,16
2026-03-02,moving-country,15
2026-03-02,returning-to-ireland,12
2026-03-02,travel-and-recreation,11
2026-03-02,education,4
2026-03-02,government-in-ireland,3
2026-03-02,about,2
2026-03-02,death,1
2026-03-02,consumer,1
2026-03-03,social-welfare,74
2026-03-03,employment,31
2026-03-03,housing,17
2026-03-03,money-and-tax,16
2026-03-03,moving-country,15
2026-03-03,health,9
2026-03-03,returning-to-ireland,8
2026-03-03,travel-and-recreation,7
2026-03-03,education,4
2026-03-03,environment,4
2026-03-03,consumer,4
2026-03-03,birth-family-relationships,4
2026-03-03,death,4
2026-03-03,justice,3
2026-03-03,government-in-ireland,2
2026-03-03,about,1
2026-03-04,social-welfare,83
2026-03-04,employment,28
2026-03-04,health,23
2026-03-04,housing,15
2026-03-04,money-and-tax,12
2026-03-04,education,10
2026-03-04,moving-country,10
2026-03-04,birth-family-relationships,6
2026-03-04,justice,5
2026-03-04,travel-and-recreation,4
2026-03-04,consumer,3
2026-03-04,returning-to-ireland,3
2026-03-04,environment,2
2026-03-04,death,2
2026-03-04,government-in-ireland,1
2026-03-05,social-welfare,89
2026-03-05,money-and-tax,29
2026-03-05,employment,26
2026-03-05,moving-country,19
2026-03-05,housing,15
2026-03-05,travel-and-recreation,8
2026-03-05,health,6
2026-03-05,birth-family-relationships,6
2026-03-05,death,5
2026-03-05,returning-to-ireland,4
2026-03-05,justice,3
2026-03-05,consumer,3
2026-03-05,education,2
2026-03-05,environment,2
2026-03-05,about,2
2026-03-05,government-in-ireland,1
2026-03-06,social-welfare,51
2026-03-06,employment,29
2026-03-06,health,20
2026-03-06,money-and-tax,11
2026-03-06,moving-country,8
2026-03-06,housing,8
2026-03-06,death,8
2026-03-06,travel-and-recreation,6
2026-03-06,justice,4
2026-03-06,birth-family-relationships,3
2026-03-06,consumer,3
2026-03-06,government-in-ireland,2
2026-03-06,education,2
2026-03-06,returning-to-ireland,2
2026-03-07,social-welfare,19
2026-03-07,birth-family-relationships,4
2026-03-07,employment,4
2026-03-07,moving-country,3
2026-03-07,death,3
2026-03-07,money-and-tax,2
2026-03-07,health,1
2026-03-07,travel-and-recreation,1
2026-03-08,employment,13
2026-03-08,social-welfare,8
2026-03-08,travel-and-recreation,3
2026-03-08,birth-family-relationships,2
2026-03-08,environment,1
2026-03-08,justice,1
2026-03-09,social-welfare,79
2026-03-09,housing,36
2026-03-09,moving-country,19
2026-03-09,money-and-tax,18
2026-03-09,returning-to-ireland,15
2026-03-09,health,13
2026-03-09,employment,12
2026-03-09,travel-and-recreation,10
2026-03-09,education,9
2026-03-09,birth-family-relationships,4
2026-03-09,environment,3
2026-03-09,death,2
2026-03-09,about,1
2026-03-09,government-in-ireland,1
2026-03-09,justice,1
2026-03-09,consumer,1
2026-03-10,social-welfare,83
2026-03-10,employment,33
2026-03-10,money-and-tax,27
2026-03-10,moving-country,19
2026-03-10,returning-to-ireland,15
2026-03-10,housing,11
2026-03-10,health,6
2026-03-10,travel-and-recreation,6
2026-03-10,government-in-ireland,3
2026-03-10,consumer,3
2026-03-10,death,3
2026-03-10,birth-family-relationships,2
2026-03-10,education,2
2026-03-10,justice,1
2026-03-11,social-welfare,109
2026-03-11,employment,31
2026-03-11,money-and-tax,26
2026-03-11,moving-country,17
2026-03-11,returning-to-ireland,11
2026-03-11,health,10
2026-03-11,education,6
2026-03-11,birth-family-relationships,5
2026-03-11,consumer,5
2026-03-11,about,3
2026-03-11,government-in-ireland,3
2026-03-11,travel-and-recreation,3
2026-03-11,justice,2
2026-03-11,housing,2
2026-03-11,environment,1
2026-03-12,social-welfare,103
2026-03-12,health,26
2026-03-12,moving-country,26
2026-03-12,money-and-tax,24
2026-03-12,education,23
2026-03-12,housing,21
2026-03-12,employment,19
2026-03-12,returning-to-ireland,12
2026-03-12,birth-family-relationships,9
2026-03-12,justice,8
2026-03-12,travel-and-recreation,7
2026-03-12,government-in-ireland,4
2026-03-12,consumer,3
2026-03-12,environment,2
2026-03-12,death,2
2026-03-12,about,2
2026-03-13,social-welfare,63
2026-03-13,employment,26
2026-03-13,money-and-tax,25
2026-03-13,moving-country,22
2026-03-13,housing,12
2026-03-13,health,11
2026-03-13,returning-to-ireland,10
2026-03-13,birth-family-relationships,10
2026-03-13,travel-and-recreation,9
2026-03-13,consumer,4
2026-03-13,justice,3
2026-03-13,government-in-ireland,3
2026-03-13,death,1
2026-03-13,education,1
2026-03-14,social-welfare,10
2026-03-14,about,4
2026-03-14,money-and-tax,3
2026-03-14,travel-and-recreation,2
2026-03-14,birth-family-relationships,1
2026-03-14,death,1
2026-03-14,housing,1
2026-03-14,health,1
2026-03-14,moving-country,1
2026-03-14,consumer,1
2026-03-14,justice,1
2026-03-15,employment,6
2026-03-15,money-and-tax,5
2026-03-15,social-welfare,4
2026-03-15,housing,3
2026-03-15,travel-and-recreation,3
2026-03-15,moving-country,2
2026-03-16,social-welfare,84
2026-03-16,money-and-tax,28
2026-03-16,housing,14
2026-03-16,education,12
2026-03-16,returning-to-ireland,11
2026-03-16,employment,9
2026-03-16,health,6
2026-03-16,moving-country,4
2026-03-16,travel-and-recreation,4
2026-03-16,birth-family-relationships,4
2026-03-16,justice,2
2026-03-16,consumer,1
2026-03-16,government-in-ireland,1
2026-03-17,social-welfare,14
2026-03-17,money-and-tax,9
2026-03-17,health,8
2026-03-17,returning-to-ireland,6
2026-03-17,employment,4
2026-03-17,death,4
2026-03-17,travel-and-recreation,3
2026-03-17,moving-country,3
2026-03-17,justice,2
2026-03-17,education,2
2026-03-17,about,1
2026-03-17,housing,1
2026-03-18,social-welfare,119
2026-03-18,moving-country,18
2026-03-18,money-and-tax,13
2026-03-18,returning-to-ireland,11
2026-03-18,employment,10
2026-03-18,education,8
2026-03-18,health,7
2026-03-18,justice,7
2026-03-18,housing,7
2026-03-18,birth-family-relationships,5
2026-03-18,about,5
2026-03-18,death,3
2026-03-18,travel-and-recreation,3
2026-03-18,consumer,3
2026-03-18,environment,2
2026-03-18,government-in-ireland,2
2026-03-19,social-welfare,100
2026-03-19,money-and-tax,29
2026-03-19,employment,24
2026-03-19,housing,19
2026-03-19,travel-and-recreation,15
2026-03-19,birth-family-relationships,13
2026-03-19,moving-country,11
2026-03-19,returning-to-ireland,10
2026-03-19,health,7
2026-03-19,education,7
2026-03-19,consumer,4
2026-03-19,justice,3
2026-03-19,environment,2
2026-03-19,death,1
2026-03-20,social-welfare,80
2026-03-20,housing,33
2026-03-20,employment,23
2026-03-20,money-and-tax,22
2026-03-20,returning-to-ireland,7
2026-03-20,moving-country,6
2026-03-20,health,6
2026-03-20,birth-family-relationships,4
2026-03-20,education,4
2026-03-20,travel-and-recreation,2
2026-03-20,government-in-ireland,1
2026-03-20,justice,1
2026-03-21,social-welfare,3
2026-03-21,health,2
2026-03-21,moving-country,2
2026-03-21,travel-and-recreation,1
2026-03-21,education,1
2026-03-22,moving-country,16
2026-03-22,social-welfare,11
2026-03-22,birth-family-relationships,11
2026-03-22,money-and-tax,7
2026-03-22,housing,3
2026-03-22,death,2
2026-03-22,health,1
2026-03-22,returning-to-ireland,1
2026-03-23,social-welfare,75
2026-03-23,money-and-tax,45
2026-03-23,moving-country,26
2026-03-23,employment,17
2026-03-23,housing,15
2026-03-23,health,11
2026-03-23,travel-and-recreation,9
2026-03-23,birth-family-relationships,9
2026-03-23,returning-to-ireland,8
2026-03-23,consumer,7
2026-03-23,education,7
2026-03-23,justice,5
2026-03-23,environment,1
2026-03-23,about,1
2026-03-23,death,1
2026-03-24,social-welfare,141
2026-03-24,money-and-tax,42
2026-03-24,employment,34
2026-03-24,housing,24
2026-03-24,consumer,16
2026-03-24,returning-to-ireland,14
2026-03-24,moving-country,14
2026-03-24,health,12
2026-03-24,travel-and-recreation,12
2026-03-24,birth-family-relationships,12
2026-03-24,about,12
2026-03-24,education,8
2026-03-24,death,3
2026-03-24,justice,3
2026-03-24,environment,2
2026-03-24,government-in-ireland,1
2026-03-25,social-welfare,129
2026-03-25,money-and-tax,29
2026-03-25,employment,26
2026-03-25,health,14
2026-03-25,birth-family-relationships,12
2026-03-25,housing,12
2026-03-25,moving-country,8
2026-03-25,travel-and-recreation,8
2026-03-25,returning-to-ireland,7
2026-03-25,about,5
2026-03-25,government-in-ireland,4
2026-03-25,justice,3
2026-03-25,death,2
2026-03-25,consumer,2
2026-03-25,environment,2
2026-03-25,education,1
2026-03-26,social-welfare,123
2026-03-26,employment,38
2026-03-26,money-and-tax,31
2026-03-26,housing,31
2026-03-26,moving-country,28
2026-03-26,travel-and-recreation,16
2026-03-26,returning-to-ireland,14
2026-03-26,consumer,8
2026-03-26,education,6
2026-03-26,about,6
2026-03-26,health,6
2026-03-26,birth-family-relationships,4
2026-03-26,environment,2
2026-03-26,death,2
2026-03-26,government-in-ireland,1
2026-03-26,justice,1
2026-03-27,social-welfare,87
2026-03-27,travel-and-recreation,20
2026-03-27,money-and-tax,19
2026-03-27,moving-country,17
2026-03-27,employment,15
2026-03-27,health,12
2026-03-27,justice,7
2026-03-27,returning-to-ireland,6
2026-03-27,housing,6
2026-03-27,birth-family-relationships,6
2026-03-27,death,3
2026-03-27,about,3
2026-03-27,consumer,2
2026-03-27,education,2
2026-03-28,social-welfare,16
2026-03-28,money-and-tax,11
2026-03-28,birth-family-relationships,7
2026-03-28,employment,7
2026-03-28,consumer,5
2026-03-28,housing,4
2026-03-28,moving-country,1
2026-03-28,travel-and-recreation,1
2026-03-29,social-welfare,33
2026-03-29,money-and-tax,15
2026-03-29,consumer,8
2026-03-29,housing,7
2026-03-29,health,5
2026-03-29,moving-country,4
2026-03-29,returning-to-ireland,3
2026-03-29,employment,3
2026-03-29,justice,3
2026-03-29,travel-and-recreation,2
2026-03-29,birth-family-relationships,2
2026-03-29,education,1
2026-03-29,environment,1
2026-03-30,social-welfare,93
2026-03-30,money-and-tax,42
2026-03-30,employment,40
2026-03-30,housing,36
2026-03-30,moving-country,17
2026-03-30,health,17
2026-03-30,travel-and-recreation,15
2026-03-30,returning-to-ireland,11
2026-03-30,government-in-ireland,6
2026-03-30,death,6
2026-03-30,education,6
2026-03-30,environment,4
2026-03-30,consumer,3
2026-03-30,justice,2
2026-03-30,about,2
2026-03-30,birth-family-relationships,1
2026-03-31,social-welfare,77
2026-03-31,moving-country,32
2026-03-31,money-and-tax,22
2026-03-31,housing,20
2026-03-31,travel-and-recreation,17
2026-03-31,employment,13
2026-03-31,returning-to-ireland,8
2026-03-31,consumer,8
2026-03-31,health,7
2026-03-31,education,4
2026-03-31,death,3
2026-03-31,justice,3
2026-03-31,birth-family-relationships,2
2026-03-31,about,1
2026-03-31,government-in-ireland,1
2026-04-01,social-welfare,114
2026-04-01,employment,34
2026-04-01,money-and-tax,29
2026-04-01,moving-country,21
2026-04-01,housing,15
2026-04-01,health,13
2026-04-01,travel-and-recreation,13
2026-04-01,returning-to-ireland,8
2026-04-01,death,5
2026-04-01,education,5
2026-04-01,consumer,4
2026-04-01,justice,2
2026-04-01,about,2
2026-04-01,birth-family-relationships,2
2026-04-01,government-in-ireland,2
2026-04-01,environment,1
2026-04-02,social-welfare,103
2026-04-02,money-and-tax,21
2026-04-02,employment,18
2026-04-02,moving-country,14
2026-04-02,justice,13
2026-04-02,housing,12
2026-04-02,returning-to-ireland,8
2026-04-02,birth-family-relationships,8
2026-04-02,consumer,8
2026-04-02,health,6
2026-04-02,about,3
2026-04-02,travel-and-recreation,2
2026-04-02,education,1
2026-04-03,social-welfare,26
2026-04-03,employment,10
2026-04-03,birth-family-relationships,10
2026-04-03,travel-and-recreation,8
2026-04-03,money-and-tax,8
2026-04-03,housing,6
2026-04-03,moving-country,3
2026-04-03,consumer,3
2026-04-03,justice,2
2026-04-03,returning-to-ireland,1
2026-04-03,education,1
2026-04-04,social-welfare,23
2026-04-04,money-and-tax,16
2026-04-04,employment,14
2026-04-04,housing,8
2026-04-04,consumer,3
2026-04-04,justice,1
2026-04-04,birth-family-relationships,1
2026-04-04,moving-country,1
2026-04-04,travel-and-recreation,1
2026-04-05,social-welfare,20
2026-04-05,moving-country,13
2026-04-05,housing,7
2026-04-05,money-and-tax,6
2026-04-05,travel-and-recreation,4
2026-04-05,returning-to-ireland,3
2026-04-05,about,3
2026-04-05,environment,3
2026-04-05,consumer,2
2026-04-05,birth-family-relationships,2
2026-04-05,government-in-ireland,2
2026-04-05,employment,1
2026-04-05,education,1
2026-04-05,justice,1
2026-04-06,social-welfare,42
2026-04-06,money-and-tax,11
2026-04-06,housing,10
2026-04-06,moving-country,8
2026-04-06,health,6
2026-04-06,employment,5
2026-04-06,returning-to-ireland,4
2026-04-06,travel-and-recreation,4
2026-04-06,consumer,3
2026-04-06,birth-family-relationships,2
2026-04-06,environment,2
2026-04-06,death,1
2026-04-06,education,1
2026-04-06,about,1
2026-04-07,social-welfare,191
2026-04-07,moving-country,39
2026-04-07,housing,36
2026-04-07,money-and-tax,32
2026-04-07,employment,24
2026-04-07,travel-and-recreation,19
2026-04-07,birth-family-relationships,11
2026-04-07,returning-to-ireland,11
2026-04-07,health,10
2026-04-07,consumer,8
2026-04-07,death,6
2026-04-07,education,5
2026-04-07,about,4
2026-04-07,justice,4
2026-04-07,environment,3
2026-04-07,government-in-ireland,1
2026-04-08,social-welfare,162
2026-04-08,money-and-tax,38
2026-04-08,employment,23
2026-04-08,travel-and-recreation,19
2026-04-08,moving-country,15
2026-04-08,birth-family-relationships,12
2026-04-08,housing,11
2026-04-08,justice,10
2026-04-08,returning-to-ireland,9
2026-04-08,health,7
2026-04-08,education,5
2026-04-08,about,3
2026-04-08,consumer,3
2026-04-08,government-in-ireland,1
2026-04-08,environment,1
2026-04-09,social-welfare,138
2026-04-09,money-and-tax,32
2026-04-09,employment,20
2026-04-09,travel-and-recreation,20
2026-04-09,moving-country,17
2026-04-09,returning-to-ireland,14
2026-04-09,health,13
2026-04-09,housing,12
2026-04-09,education,6
2026-04-09,consumer,6
2026-04-09,birth-family-relationships,5
2026-04-09,about,5
2026-04-09,justice,5
2026-04-09,government-in-ireland,4
2026-04-09,death,1
2026-04-09,environment,1
2026-04-10,social-welfare,65
2026-04-10,money-and-tax,20
2026-04-10,employment,20
2026-04-10,health,17
2026-04-10,moving-country,10
2026-04-10,housing,9
2026-04-10,travel-and-recreation,8
2026-04-10,education,4
2026-04-10,returning-to-ireland,3
2026-04-10,birth-family-relationships,2
2026-04-10,justice,2
2026-04-10,consumer,1
2026-04-11,social-welfare,28
2026-04-11,health,3
2026-04-11,travel-and-recreation,2
2026-04-11,employment,2
2026-04-11,consumer,2
2026-04-11,education,1
2026-04-11,returning-to-ireland,1
2026-04-11,money-and-tax,1
2026-04-11,moving-country,1
2026-04-12,money-and-tax,18
2026-04-12,social-welfare,17
2026-04-12,employment,14
2026-04-12,housing,4
2026-04-12,moving-country,3
2026-04-12,education,3
2026-04-12,health,1
2026-04-12,returning-to-ireland,1
2026-04-12,travel-and-recreation,1
2026-04-12,birth-family-relationships,1
2026-04-13,social-welfare,113
2026-04-13,employment,31
2026-04-13,money-and-tax,25
2026-04-13,moving-country,17
2026-04-13,housing,13
2026-04-13,returning-to-ireland,11
2026-04-13,education,6
2026-04-13,travel-and-recreation,5
2026-04-13,about,5
2026-04-13,health,4
2026-04-13,environment,4
2026-04-13,justice,4
2026-04-13,consumer,4
2026-04-13,government-in-ireland,4
2026-04-13,birth-family-relationships,3
2026-04-14,social-welfare,85
2026-04-14,employment,28
2026-04-14,travel-and-recreation,22
2026-04-14,money-and-tax,18
2026-04-14,returning-to-ireland,18
2026-04-14,moving-country,17
2026-04-14,education,17
2026-04-14,health,13
2026-04-14,housing,9
2026-04-14,birth-family-relationships,9
2026-04-14,consumer,5
2026-04-14,justice,4
2026-04-14,about,2
2026-04-14,government-in-ireland,1
2026-04-15,social-welfare,91
2026-04-15,money-and-tax,29
2026-04-15,travel-and-recreation,19
2026-04-15,employment,19
2026-04-15,health,12
2026-04-15,returning-to-ireland,10
2026-04-15,justice,10
2026-04-15,moving-country,9
2026-04-15,education,6
2026-04-15,birth-family-relationships,6
2026-04-15,housing,6
2026-04-15,consumer,5
2026-04-15,death,4
2026-04-15,about,1
2026-04-16,social-welfare,95
2026-04-16,money-and-tax,25
2026-04-16,employment,22
2026-04-16,returning-to-ireland,15
2026-04-16,housing,15
2026-04-16,moving-country,13
2026-04-16,health,13
2026-04-16,travel-and-recreation,11
2026-04-16,birth-family-relationships,8
2026-04-16,education,6
2026-04-16,environment,2
2026-04-16,government-in-ireland,2
2026-04-16,consumer,1
2026-04-16,justice,1
2026-04-17,social-welfare,71
2026-04-17,money-and-tax,31
2026-04-17,housing,19
2026-04-17,health,17
2026-04-17,education,10
2026-04-17,returning-to-ireland,9
2026-04-17,moving-country,9
2026-04-17,travel-and-recreation,8
2026-04-17,employment,7
2026-04-17,birth-family-relationships,4
2026-04-17,environment,3
2026-04-17,about,3
2026-04-17,death,3
2026-04-17,consumer,3
2026-04-17,justice,1
2026-04-17,government-in-ireland,1
2026-04-18,moving-country,11
2026-04-18,social-welfare,8
2026-04-18,money-and-tax,5
2026-04-18,travel-and-recreation,4
2026-04-18,returning-to-ireland,2
2026-04-18,health,2
2026-04-18,justice,1
2026-04-18,housing,1
2026-04-18,employment,1
2026-04-18,about,1
2026-04-19,social-welfare,29
2026-04-19,money-and-tax,12
2026-04-19,about,5
2026-04-19,travel-and-recreation,4
2026-04-19,returning-to-ireland,3
2026-04-19,moving-country,2
2026-04-19,employment,2
2026-04-19,birth-family-relationships,1
2026-04-19,justice,1
2026-04-19,health,1
2026-04-20,social-welfare,66
2026-04-20,moving-country,18
2026-04-20,employment,17
2026-04-20,money-and-tax,15
2026-04-20,housing,14
2026-04-20,health,12
2026-04-20,returning-to-ireland,10
2026-04-20,travel-and-recreation,7
2026-04-20,about,7
2026-04-20,justice,6
2026-04-20,birth-family-relationships,5
2026-04-20,education,3
2026-04-20,death,2
2026-04-20,consumer,1
2026-04-21,social-welfare,84
2026-04-21,money-and-tax,27
2026-04-21,employment,23
2026-04-21,travel-and-recreation,21
2026-04-21,moving-country,21
2026-04-21,housing,21
2026-04-21,health,19
2026-04-21,justice,12
2026-04-21,returning-to-ireland,11
2026-04-21,birth-family-relationships,9
2026-04-21,death,7
2026-04-21,consumer,2
2026-04-21,about,2
2026-04-21,government-in-ireland,2
2026-04-21,environment,2
2026-04-22,social-welfare,95
2026-04-22,money-and-tax,31
2026-04-22,employment,21
2026-04-22,moving-country,18
2026-04-22,travel-and-recreation,15
2026-04-22,justice,13
2026-04-22,returning-to-ireland,12
2026-04-22,education,9
2026-04-22,health,9
2026-04-22,housing,7
2026-04-22,birth-family-relationships,5
2026-04-22,consumer,3
2026-04-22,death,3
2026-04-22,government-in-ireland,2
2026-04-22,about,1
2026-04-23,social-welfare,77
2026-04-23,housing,26
2026-04-23,moving-country,23
2026-04-23,money-and-tax,19
2026-04-23,employment,19
2026-04-23,education,12
2026-04-23,about,8
2026-04-23,birth-family-relationships,6
2026-04-23,health,6
2026-04-23,returning-to-ireland,5
2026-04-23,travel-and-recreation,4
2026-04-23,justice,3
2026-04-23,consumer,2
2026-04-23,death,1
2026-04-24,social-welfare,64
2026-04-24,housing,25
2026-04-24,employment,17
2026-04-24,money-and-tax,13
2026-04-24,health,12
2026-04-24,education,9
2026-04-24,moving-country,4
2026-04-24,returning-to-ireland,4
2026-04-24,travel-and-recreation,3
2026-04-24,justice,2
2026-04-24,government-in-ireland,2
2026-04-24,about,2
2026-04-24,death,1
2026-04-24,consumer,1
2026-04-24,environment,1
2026-04-24,birth-family-relationships,1
2026-04-25,moving-country,12
2026-04-25,social-welfare,5
2026-04-25,travel-and-recreation,3
2026-04-25,consumer,2
2026-04-25,education,2
2026-04-25,government-in-ireland,2
2026-04-25,about,1
2026-04-25,money-and-tax,1
2026-04-25,returning-to-ireland,1
2026-04-26,social-welfare,14
2026-04-26,money-and-tax,8
2026-04-26,employment,4
2026-04-26,housing,3
2026-04-26,returning-to-ireland,3
2026-04-26,birth-family-relationships,2
2026-04-26,justice,2
2026-04-26,government-in-ireland,2
2026-04-26,travel-and-recreation,2
2026-04-26,environment,2
2026-04-26,moving-country,1
2026-04-26,education,1
2026-04-27,social-welfare,81
2026-04-27,money-and-tax,26
2026-04-27,moving-country,24
2026-04-27,housing,16
2026-04-27,employment,16
2026-04-27,returning-to-ireland,13
2026-04-27,birth-family-relationships,12
2026-04-27,travel-and-recreation,11
2026-04-27,health,8
2026-04-27,justice,6
2026-04-27,education,5
2026-04-27,death,3
2026-04-27,government-in-ireland,3
2026-04-27,consumer,2
2026-04-27,about,2
2026-04-27,environment,1
2026-04-28,social-welfare,82
2026-04-28,employment,26
2026-04-28,money-and-tax,18
2026-04-28,housing,15
2026-04-28,health,9
2026-04-28,moving-country,9
2026-04-28,justice,7
2026-04-28,returning-to-ireland,5
2026-04-28,education,5
2026-04-28,birth-family-relationships,5
2026-04-28,about,4
2026-04-28,travel-and-recreation,3
2026-04-28,death,2
2026-04-28,consumer,1
2026-04-29,social-welfare,109
2026-04-29,housing,27
2026-04-29,money-and-tax,22
2026-04-29,employment,18
2026-04-29,birth-family-relationships,13
2026-04-29,health,12
2026-04-29,returning-to-ireland,10
2026-04-29,moving-country,9
2026-04-29,travel-and-recreation,9
2026-04-29,death,7
2026-04-29,education,3
2026-04-29,consumer,3
2026-04-29,justice,3
2026-04-29,environment,2
2026-04-29,about,2
2026-04-30,social-welfare,71
2026-04-30,travel-and-recreation,42
2026-04-30,money-and-tax,29
2026-04-30,employment,23
2026-04-30,moving-country,19
2026-04-30,housing,8
2026-04-30,returning-to-ireland,7
2026-04-30,birth-family-relationships,7
2026-04-30,health,6
2026-04-30,education,5
2026-04-30,justice,3
2026-04-30,about,2
2026-04-30,environment,1
2026-04-30,death,1
2026-05-01,social-welfare,77
2026-05-01,money-and-tax,18
2026-05-01,travel-and-recreation,11
2026-05-01,employment,10
2026-05-01,health,6
2026-05-01,housing,6
2026-05-01,moving-country,6
2026-05-01,education,5
2026-05-01,returning-to-ireland,4
2026-05-01,consumer,2
2026-05-01,justice,1
2026-05-01,birth-family-relationships,1
2026-05-02,social-welfare,43
2026-05-02,about,3
2026-05-02,employment,2
2026-05-02,money-and-tax,2
2026-05-02,moving-country,2
2026-05-02,justice,1
2026-05-02,travel-and-recreation,1
2026-05-03,social-welfare,20
2026-05-03,money-and-tax,6
2026-05-03,employment,5
2026-05-03,housing,2
2026-05-03,about,2
2026-05-03,health,2
2026-05-03,consumer,1
2026-05-03,education,1
2026-05-04,social-welfare,40
2026-05-04,moving-country,5
2026-05-04,money-and-tax,4
2026-05-04,employment,3
2026-05-04,health,3
2026-05-04,returning-to-ireland,1
2026-05-05,social-welfare,105
2026-05-05,employment,18
2026-05-05,money-and-tax,14
2026-05-05,housing,11
2026-05-05,health,5
2026-05-05,returning-to-ireland,4
2026-05-05,justice,4
2026-05-05,moving-country,4
2026-05-05,travel-and-recreation,3
2026-05-05,birth-family-relationships,3
2026-05-05,consumer,3
2026-05-05,about,2
2026-05-05,government-in-ireland,2
2026-05-05,education,1
2026-05-06,social-welfare,91
2026-05-06,moving-country,18
2026-05-06,housing,17
2026-05-06,employment,15
2026-05-06,money-and-tax,14
2026-05-06,returning-to-ireland,9
2026-05-06,health,8
2026-05-06,travel-and-recreation,7
2026-05-06,justice,5
2026-05-06,education,5
2026-05-06,consumer,4
2026-05-06,birth-family-relationships,3
2026-05-06,government-in-ireland,3
2026-05-07,social-welfare,78
2026-05-07,employment,26
2026-05-07,housing,18
2026-05-07,moving-country,17
2026-05-07,money-and-tax,13
2026-05-07,health,12
2026-05-07,birth-family-relationships,6
2026-05-07,returning-to-ireland,5
2026-05-07,justice,5
2026-05-07,travel-and-recreation,5
2026-05-07,consumer,4
2026-05-07,death,3
2026-05-07,about,3
2026-05-07,education,3
2026-05-07,environment,1
2026-05-08,social-welfare,80
2026-05-08,money-and-tax,35
2026-05-08,moving-country,27
2026-05-08,employment,19
2026-05-08,birth-family-relationships,13
2026-05-08,returning-to-ireland,11
2026-05-08,travel-and-recreation,10
2026-05-08,health,9
2026-05-08,housing,5
2026-05-08,justice,5
2026-05-08,environment,3
2026-05-08,consumer,2
2026-05-08,government-in-ireland,1
2026-05-08,education,1
2026-05-09,social-welfare,14
2026-05-09,moving-country,11
2026-05-09,employment,9
2026-05-09,travel-and-recreation,7
2026-05-09,returning-to-ireland,3
2026-05-09,money-and-tax,3
2026-05-09,about,2
2026-05-09,birth-family-relationships,1
2026-05-09,education,1
2026-05-09,justice,1
2026-05-10,social-welfare,12
2026-05-10,about,9
2026-05-10,employment,5
2026-05-10,money-and-tax,4
2026-05-10,health,4
2026-05-10,moving-country,3
2026-05-10,returning-to-ireland,2
2026-05-10,justice,1
2026-05-10,education,1
2026-05-11,social-welfare,226
2026-05-11,money-and-tax,69
2026-05-11,employment,50
2026-05-11,moving-country,44
2026-05-11,housing,34
2026-05-11,health,31
2026-05-11,travel-and-recreation,28
2026-05-11,birth-family-relationships,18
2026-05-11,returning-to-ireland,16
2026-05-11,education,14
2026-05-11,consumer,11
2026-05-11,about,10
2026-05-11,justice,8
2026-05-11,government-in-ireland,7
2026-05-11,environment,3
2026-05-11,death,2
2026-05-12,social-welfare,243
2026-05-12,moving-country,77
2026-05-12,money-and-tax,61
2026-05-12,employment,55
2026-05-12,returning-to-ireland,48
2026-05-12,housing,29
2026-05-12,travel-and-recreation,24
2026-05-12,birth-family-relationships,23
2026-05-12,health,20
2026-05-12,education,13
2026-05-12,consumer,13
2026-05-12,government-in-ireland,12
2026-05-12,justice,7
2026-05-12,environment,5
2026-05-12,death,4
2026-05-12,about,3
2026-05-13,social-welfare,154
2026-05-13,money-and-tax,45
2026-05-13,travel-and-recreation,41
2026-05-13,housing,34
2026-05-13,employment,30
2026-05-13,moving-country,30
2026-05-13,health,18
2026-05-13,justice,15
2026-05-13,birth-family-relationships,15
2026-05-13,returning-to-ireland,11
2026-05-13,consumer,8
2026-05-13,education,7
2026-05-13,government-in-ireland,6
2026-05-13,about,3
2026-05-13,death,1
2026-05-14,social-welfare,172
2026-05-14,employment,53
2026-05-14,money-and-tax,46
2026-05-14,moving-country,41
2026-05-14,travel-and-recreation,34
2026-05-14,returning-to-ireland,33
2026-05-14,housing,32
2026-05-14,health,18
2026-05-14,birth-family-relationships,15
2026-05-14,education,11
2026-05-14,justice,7
2026-05-14,environment,2
2026-05-14,consumer,2
2026-05-14,about,2
2026-05-14,government-in-ireland,2
2026-05-14,death,1
2026-05-15,social-welfare,182
2026-05-15,employment,48
2026-05-15,money-and-tax,48
2026-05-15,moving-country,44
2026-05-15,housing,39
2026-05-15,travel-and-recreation,33
2026-05-15,returning-to-ireland,27
2026-05-15,health,26
2026-05-15,consumer,17
2026-05-15,birth-family-relationships,11
2026-05-15,justice,10
2026-05-15,education,4
2026-05-15,death,4
2026-05-15,about,3
2026-05-15,environment,2
2026-05-15,government-in-ireland,1
2026-05-16,social-welfare,66
2026-05-16,moving-country,18
2026-05-16,travel-and-recreation,17
2026-05-16,money-and-tax,16
2026-05-16,employment,16
2026-05-16,housing,14
2026-05-16,health,11
2026-05-16,birth-family-relationships,9
2026-05-16,education,4
2026-05-16,justice,4
2026-05-16,returning-to-ireland,3
2026-05-16,government-in-ireland,1
2026-05-17,social-welfare,91
2026-05-17,returning-to-ireland,21
2026-05-17,moving-country,21
2026-05-17,money-and-tax,16
2026-05-17,housing,16
2026-05-17,travel-and-recreation,13
2026-05-17,employment,12
2026-05-17,justice,12
2026-05-17,health,9
2026-05-17,birth-family-relationships,4
2026-05-17,education,3
2026-05-17,consumer,2
2026-05-17,environment,2
2026-05-17,government-in-ireland,1
2026-05-18,social-welfare,231
2026-05-18,money-and-tax,71
2026-05-18,housing,44
2026-05-18,employment,34
2026-05-18,moving-country,29
2026-05-18,justice,24
2026-05-18,health,24
2026-05-18,travel-and-recreation,23
2026-05-18,birth-family-relationships,21
2026-05-18,education,20
2026-05-18,returning-to-ireland,18
2026-05-18,consumer,6
2026-05-18,about,3
2026-05-18,death,2
2026-05-18,environment,1
2026-05-18,government-in-ireland,1
2026-05-19,social-welfare,245
2026-05-19,money-and-tax,68
2026-05-19,employment,67
2026-05-19,moving-country,48
2026-05-19,returning-to-ireland,31
2026-05-19,birth-family-relationships,30
2026-05-19,health,28
2026-05-19,housing,27
2026-05-19,education,26
2026-05-19,travel-and-recreation,24
2026-05-19,death,21
2026-05-19,justice,10
2026-05-19,environment,6
2026-05-19,consumer,4
2026-05-19,about,4
2026-05-20,social-welfare,380
2026-05-20,money-and-tax,102
2026-05-20,employment,92
2026-05-20,travel-and-recreation,72
2026-05-20,moving-country,64
2026-05-20,housing,53
2026-05-20,birth-family-relationships,50
2026-05-20,returning-to-ireland,37
2026-05-20,health,32
2026-05-20,education,15
2026-05-20,justice,12
2026-05-20,about,12
2026-05-20,consumer,12
2026-05-20,government-in-ireland,7
2026-05-20,environment,2
2026-05-20,death,2
2026-05-21,social-welfare,491
2026-05-21,employment,106
2026-05-21,money-and-tax,96
2026-05-21,moving-country,71
2026-05-21,housing,58
2026-05-21,travel-and-recreation,51
2026-05-21,health,51
2026-05-21,birth-family-relationships,46
2026-05-21,returning-to-ireland,44
2026-05-21,justice,23
2026-05-21,consumer,19
2026-05-21,government-in-ireland,15
2026-05-21,education,15
2026-05-21,about,12
2026-05-21,death,6
2026-05-21,environment,3
2026-05-22,social-welfare,281
2026-05-22,money-and-tax,75
2026-05-22,employment,57
2026-05-22,housing,51
2026-05-22,travel-and-recreation,48
2026-05-22,moving-country,39
2026-05-22,health,35
2026-05-22,returning-to-ireland,34
2026-05-22,justice,22
2026-05-22,birth-family-relationships,19
2026-05-22,education,18
2026-05-22,consumer,8
2026-05-22,about,7
2026-05-22,death,5
2026-05-22,environment,4
2026-05-22,government-in-ireland,3
2026-05-23,social-welfare,128
2026-05-23,moving-country,46
2026-05-23,travel-and-recreation,33
2026-05-23,employment,25
2026-05-23,money-and-tax,23
2026-05-23,housing,17
2026-05-23,health,17
2026-05-23,birth-family-relationships,15
2026-05-23,justice,11
2026-05-23,returning-to-ireland,7
2026-05-23,death,5
2026-05-23,environment,4
2026-05-23,government-in-ireland,4
2026-05-23,about,4
2026-05-23,education,4
2026-05-23,consumer,3
2026-05-24,social-welfare,144
2026-05-24,money-and-tax,31
2026-05-24,moving-country,27
2026-05-24,travel-and-recreation,24
2026-05-24,employment,23
2026-05-24,health,18
2026-05-24,housing,14
2026-05-24,justice,11
2026-05-24,birth-family-relationships,11
2026-05-24,returning-to-ireland,11
2026-05-24,government-in-ireland,10
2026-05-24,education,7
2026-05-24,consumer,2
2026-05-24,environment,2
2026-05-24,death,2
2026-05-25,social-welfare,390
2026-05-25,money-and-tax,92
2026-05-25,employment,64
2026-05-25,moving-country,57
2026-05-25,housing,49
2026-05-25,travel-and-recreation,47
2026-05-25,health,41
2026-05-25,returning-to-ireland,33
2026-05-25,justice,25
2026-05-25,birth-family-relationships,21
2026-05-25,consumer,17
2026-05-25,education,15
2026-05-25,about,8
2026-05-25,death,8
2026-05-25,government-in-ireland,4
2026-05-25,environment,3
2026-05-26,social-welfare,318
2026-05-26,money-and-tax,72
2026-05-26,employment,68
2026-05-26,moving-country,65
2026-05-26,health,53
2026-05-26,travel-and-recreation,51
2026-05-26,housing,45
2026-05-26,birth-family-relationships,38
2026-05-26,returning-to-ireland,34
2026-05-26,consumer,14
2026-05-26,education,12
2026-05-26,justice,11
2026-05-26,about,10
2026-05-26,government-in-ireland,9
2026-05-26,death,2
2026-05-26,environment,1
2026-05-27,social-welfare,339
2026-05-27,employment,97
2026-05-27,money-and-tax,67
2026-05-27,housing,66
2026-05-27,health,57
2026-05-27,justice,55
2026-05-27,travel-and-recreation,52
2026-05-27,moving-country,49
2026-05-27,birth-family-relationships,31
2026-05-27,returning-to-ireland,25
2026-05-27,education,24
2026-05-27,consumer,11
2026-05-27,death,9
2026-05-27,environment,4
2026-05-27,about,1
2026-05-27,government-in-ireland,1
2026-05-28,social-welfare,421
2026-05-28,employment,105
2026-05-28,money-and-tax,74
2026-05-28,moving-country,74
2026-05-28,travel-and-recreation,65
2026-05-28,health,48
2026-05-28,education,36
2026-05-28,returning-to-ireland,35
2026-05-28,housing,32
2026-05-28,justice,29
2026-05-28,birth-family-relationships,20
2026-05-28,about,13
2026-05-28,consumer,12
2026-05-28,environment,8
2026-05-28,death,3
2026-05-28,government-in-ireland,1
2026-05-29,social-welfare,255
2026-05-29,employment,76
2026-05-29,money-and-tax,41
2026-05-29,travel-and-recreation,41
2026-05-29,moving-country,41
2026-05-29,justice,34
2026-05-29,birth-family-relationships,27
2026-05-29,returning-to-ireland,25
2026-05-29,housing,23
2026-05-29,health,17
2026-05-29,education,15
2026-05-29,about,6
2026-05-29,consumer,4
2026-05-29,death,3
2026-05-29,government-in-ireland,1
2026-05-29,environment,1
2026-05-30,social-welfare,133
2026-05-30,money-and-tax,34
2026-05-30,birth-family-relationships,31
2026-05-30,travel-and-recreation,31
2026-05-30,employment,28
2026-05-30,housing,23
2026-05-30,justice,22
2026-05-30,moving-country,20
2026-05-30,education,18
2026-05-30,consumer,17
2026-05-30,health,16
2026-05-30,about,6
2026-05-30,death,5
2026-05-30,returning-to-ireland,4
2026-05-30,environment,3
2026-05-30,government-in-ireland,1
2026-05-31,social-welfare,150
2026-05-31,employment,49
2026-05-31,moving-country,46
2026-05-31,travel-and-recreation,31
2026-05-31,money-and-tax,27
2026-05-31,housing,25
2026-05-31,health,19
2026-05-31,birth-family-relationships,17
2026-05-31,returning-to-ireland,16
2026-05-31,environment,12
2026-05-31,education,9
2026-05-31,justice,9
2026-05-31,death,6
2026-05-31,consumer,2
2026-05-31,government-in-ireland,1
2026-06-01,social-welfare,286
2026-06-01,money-and-tax,62
2026-06-01,travel-and-recreation,61
2026-06-01,moving-country,57
2026-06-01,employment,48
2026-06-01,housing,35
2026-06-01,returning-to-ireland,32
2026-06-01,education,22
2026-06-01,birth-family-relationships,20
2026-06-01,health,20
2026-06-01,justice,15
2026-06-01,consumer,10
2026-06-01,death,7
2026-06-01,about,7
2026-06-01,government-in-ireland,6
2026-06-01,environment,5
2026-06-02,social-welfare,426
2026-06-02,money-and-tax,108
2026-06-02,employment,89
2026-06-02,travel-and-recreation,81
2026-06-02,housing,77
2026-06-02,moving-country,75
2026-06-02,health,51
2026-06-02,returning-to-ireland,36
2026-06-02,birth-family-relationships,31
2026-06-02,justice,28
2026-06-02,education,26
2026-06-02,consumer,13
2026-06-02,about,13
2026-06-02,environment,7
2026-06-02,government-in-ireland,6
2026-06-02,death,6
2026-06-03,social-welfare,413
2026-06-03,money-and-tax,99
2026-06-03,employment,77
2026-06-03,housing,70
2026-06-03,moving-country,67
2026-06-03,travel-and-recreation,60
2026-06-03,health,51
2026-06-03,returning-to-ireland,35
2026-06-03,birth-family-relationships,28
2026-06-03,education,21
2026-06-03,about,18
2026-06-03,consumer,16
2026-06-03,death,14
2026-06-03,justice,11
2026-06-03,government-in-ireland,7
2026-06-03,environment,4
2026-06-04,social-welfare,433
2026-06-04,moving-country,86
2026-06-04,money-and-tax,78
2026-06-04,employment,76
2026-06-04,health,48
2026-06-04,travel-and-recreation,45
2026-06-04,housing,36
2026-06-04,birth-family-relationships,32
2026-06-04,returning-to-ireland,26
2026-06-04,education,20
2026-06-04,justice,20
2026-06-04,consumer,19
2026-06-04,about,9
2026-06-04,death,5
2026-06-04,environment,2
2026-06-04,government-in-ireland,1
2026-06-05,social-welfare,265
2026-06-05,money-and-tax,74
2026-06-05,employment,55
2026-06-05,travel-and-recreation,52
2026-06-05,moving-country,45
2026-06-05,health,33
2026-06-05,returning-to-ireland,33
2026-06-05,housing,32
2026-06-05,education,25
2026-06-05,birth-family-relationships,22
2026-06-05,about,20
2026-06-05,justice,18
2026-06-05,death,12
2026-06-05,environment,10
2026-06-05,consumer,10
2026-06-05,government-in-ireland,1
2026-06-06,social-welfare,153
2026-06-06,money-and-tax,47
2026-06-06,birth-family-relationships,43
2026-06-06,travel-and-recreation,40
2026-06-06,housing,39
2026-06-06,moving-country,29
2026-06-06,employment,23
2026-06-06,justice,19
2026-06-06,returning-to-ireland,13
2026-06-06,health,9
2026-06-06,education,8
2026-06-06,environment,4
2026-06-06,about,2
2026-06-06,death,2
2026-06-06,government-in-ireland,1
2026-06-06,consumer,1
2026-06-07,social-welfare,227
2026-06-07,money-and-tax,52
2026-06-07,employment,45
2026-06-07,moving-country,34
2026-06-07,travel-and-recreation,31
2026-06-07,housing,23
2026-06-07,returning-to-ireland,21
2026-06-07,birth-family-relationships,19
2026-06-07,education,18
2026-06-07,health,17
2026-06-07,justice,11
2026-06-07,death,6
2026-06-07,about,3
2026-06-07,consumer,3
2026-06-08,social-welfare,382
2026-06-08,money-and-tax,83
2026-06-08,housing,82
2026-06-08,employment,77
2026-06-08,moving-country,52
2026-06-08,travel-and-recreation,47
2026-06-08,returning-to-ireland,34
2026-06-08,birth-family-relationships,34
2026-06-08,justice,33
2026-06-08,health,33
2026-06-08,education,27
2026-06-08,consumer,14
2026-06-08,about,7
2026-06-08,environment,4
2026-06-08,death,4
2026-06-08,government-in-ireland,2
2026-06-09,social-welfare,378
2026-06-09,money-and-tax,85
2026-06-09,moving-country,82
2026-06-09,housing,73
2026-06-09,travel-and-recreation,73
2026-06-09,health,66
2026-06-09,returning-to-ireland,53
2026-06-09,employment,41
2026-06-09,birth-family-relationships,35
2026-06-09,education,34
2026-06-09,consumer,20
2026-06-09,justice,12
2026-06-09,death,9
2026-06-09,environment,4
2026-06-09,government-in-ireland,3
2026-06-09,about,1
2026-06-10,social-welfare,319
2026-06-10,money-and-tax,80
2026-06-10,housing,77
2026-06-10,moving-country,64
2026-06-10,employment,60
2026-06-10,travel-and-recreation,49
2026-06-10,justice,37
2026-06-10,birth-family-relationships,30
2026-06-10,returning-to-ireland,25
2026-06-10,health,25
2026-06-10,consumer,22
2026-06-10,education,15
2026-06-10,government-in-ireland,6
2026-06-10,death,4
2026-06-10,environment,4
2026-06-10,about,3
2026-06-11,social-welfare,334
2026-06-11,money-and-tax,85
2026-06-11,employment,75
2026-06-11,moving-country,56
2026-06-11,housing,55
2026-06-11,returning-to-ireland,52
2026-06-11,health,50
2026-06-11,travel-and-recreation,42
2026-06-11,birth-family-relationships,27
2026-06-11,justice,21
2026-06-11,consumer,16
2026-06-11,education,11
2026-06-11,about,9
2026-06-11,government-in-ireland,4
2026-06-11,death,3
2026-06-11,environment,3
2026-06-12,social-welfare,264
2026-06-12,money-and-tax,82
2026-06-12,moving-country,63
2026-06-12,employment,45
2026-06-12,travel-and-recreation,35
2026-06-12,birth-family-relationships,34
2026-06-12,health,31
2026-06-12,housing,30
2026-06-12,education,24
2026-06-12,returning-to-ireland,23
2026-06-12,justice,18
2026-06-12,consumer,15
2026-06-12,about,5
2026-06-12,government-in-ireland,4
2026-06-12,death,3
2026-06-12,environment,2
2026-06-13,social-welfare,165
2026-06-13,moving-country,71
2026-06-13,money-and-tax,45
2026-06-13,returning-to-ireland,38
2026-06-13,travel-and-recreation,31
2026-06-13,housing,28
2026-06-13,health,22
2026-06-13,employment,17
2026-06-13,education,6
2026-06-13,about,4
2026-06-13,birth-family-relationships,3
2026-06-13,justice,3
2026-06-13,death,2
2026-06-13,environment,2
2026-06-13,consumer,1
2026-06-13,government-in-ireland,1
2026-06-14,social-welfare,101
2026-06-14,money-and-tax,72
2026-06-14,moving-country,43
2026-06-14,housing,32
2026-06-14,travel-and-recreation,25
2026-06-14,employment,18
2026-06-14,returning-to-ireland,11
2026-06-14,education,11
2026-06-14,birth-family-relationships,11
2026-06-14,consumer,10
2026-06-14,government-in-ireland,9
2026-06-14,health,9
2026-06-14,death,4
2026-06-14,justice,3
2026-06-14,environment,1
2026-06-15,social-welfare,432
2026-06-15,money-and-tax,98
2026-06-15,employment,79
2026-06-15,moving-country,74
2026-06-15,housing,71
2026-06-15,travel-and-recreation,62
2026-06-15,returning-to-ireland,37
2026-06-15,health,33
2026-06-15,education,28
2026-06-15,justice,17
2026-06-15,birth-family-relationships,15
2026-06-15,consumer,15
2026-06-15,about,9
2026-06-15,death,7
2026-06-15,government-in-ireland,4
2026-06-15,environment,2
2026-06-16,social-welfare,364
2026-06-16,money-and-tax,92
2026-06-16,employment,75
2026-06-16,travel-and-recreation,73
2026-06-16,health,49
2026-06-16,moving-country,40
2026-06-16,birth-family-relationships,37
2026-06-16,housing,34
2026-06-16,returning-to-ireland,27
2026-06-16,education,20
2026-06-16,justice,15
2026-06-16,consumer,15
2026-06-16,about,13
2026-06-16,death,3
2026-06-16,environment,1
2026-06-16,government-in-ireland,1
2026-06-17,social-welfare,434
2026-06-17,money-and-tax,74
2026-06-17,travel-and-recreation,58
2026-06-17,moving-country,52
2026-06-17,employment,51
2026-06-17,housing,49
2026-06-17,education,27
2026-06-17,health,27
2026-06-17,birth-family-relationships,26
2026-06-17,returning-to-ireland,21
2026-06-17,justice,19
2026-06-17,death,16
2026-06-17,consumer,5
2026-06-17,government-in-ireland,5
2026-06-17,about,4
2026-06-17,environment,3
2026-06-18,social-welfare,311
2026-06-18,employment,91
2026-06-18,money-and-tax,63
2026-06-18,moving-country,61
2026-06-18,housing,47
2026-06-18,health,42
2026-06-18,travel-and-recreation,33
2026-06-18,birth-family-relationships,16
2026-06-18,education,16
2026-06-18,returning-to-ireland,14
2026-06-18,justice,10
2026-06-18,about,10
2026-06-18,death,10
2026-06-18,government-in-ireland,10
2026-06-18,consumer,9
2026-06-18,environment,3
2026-06-19,social-welfare,288
2026-06-19,employment,70
2026-06-19,moving-country,57
2026-06-19,money-and-tax,54
2026-06-19,health,45
2026-06-19,housing,44
2026-06-19,returning-to-ireland,34
2026-06-19,travel-and-recreation,31
2026-06-19,birth-family-relationships,19
2026-06-19,justice,19
2026-06-19,consumer,10
2026-06-19,death,7
2026-06-19,education,6
2026-06-19,environment,6
2026-06-19,about,2
2026-06-19,government-in-ireland,2
2026-06-20,social-welfare,182
2026-06-20,money-and-tax,51
2026-06-20,moving-country,40
2026-06-20,travel-and-recreation,36
2026-06-20,housing,35
2026-06-20,health,23
2026-06-20,returning-to-ireland,16
2026-06-20,employment,14
2026-06-20,birth-family-relationships,8
2026-06-20,justice,5
2026-06-20,education,5
2026-06-20,about,5
2026-06-20,government-in-ireland,3
2026-06-20,consumer,1
2026-06-20,environment,1
2026-06-21,social-welfare,96
2026-06-21,money-and-tax,28
2026-06-21,returning-to-ireland,20
2026-06-21,travel-and-recreation,19
2026-06-21,moving-country,18
2026-06-21,employment,13
2026-06-21,health,11
2026-06-21,housing,9
2026-06-21,education,7
2026-06-21,birth-family-relationships,6
2026-06-21,environment,4
2026-06-21,death,3
2026-06-21,consumer,3
2026-06-21,government-in-ireland,2
2026-06-22,social-welfare,329
2026-06-22,moving-country,104
2026-06-22,money-and-tax,85
2026-06-22,employment,73
2026-06-22,housing,67
2026-06-22,travel-and-recreation,64
2026-06-22,returning-to-ireland,40
2026-06-22,birth-family-relationships,30
2026-06-22,justice,25
2026-06-22,health,19
2026-06-22,education,15
2026-06-22,death,8
2026-06-22,consumer,8
2026-06-22,environment,7
2026-06-22,about,7
2026-06-22,government-in-ireland,2
2026-06-23,social-welfare,252
2026-06-23,employment,64
2026-06-23,moving-country,55
2026-06-23,travel-and-recreation,55
2026-06-23,money-and-tax,50
2026-06-23,housing,38
2026-06-23,returning-to-ireland,32
2026-06-23,education,21
2026-06-23,health,21
2026-06-23,birth-family-relationships,17
2026-06-23,consumer,9
2026-06-23,justice,5
2026-06-23,about,5
2026-06-23,death,3
2026-06-23,environment,1
2026-06-23,government-in-ireland,1
2026-06-24,social-welfare,241
2026-06-24,money-and-tax,67
2026-06-24,housing,63
2026-06-24,moving-country,53
2026-06-24,employment,36
2026-06-24,travel-and-recreation,30
2026-06-24,health,27
2026-06-24,returning-to-ireland,23
2026-06-24,education,19
2026-06-24,birth-family-relationships,17
2026-06-24,justice,17
2026-06-24,consumer,10
2026-06-24,about,5
2026-06-24,death,3
2026-06-24,environment,2
2026-06-25,social-welfare,228
2026-06-25,moving-country,94
2026-06-25,travel-and-recreation,71
2026-06-25,money-and-tax,67
2026-06-25,employment,56
2026-06-25,housing,48
2026-06-25,birth-family-relationships,26
2026-06-25,returning-to-ireland,23
2026-06-25,justice,17
2026-06-25,health,16
2026-06-25,education,15
2026-06-25,about,7
2026-06-25,consumer,6
2026-06-25,death,3
2026-06-25,government-in-ireland,2
2026-06-25,environment,1
2026-06-26,social-welfare,199
2026-06-26,employment,65
2026-06-26,money-and-tax,51
2026-06-26,moving-country,48
2026-06-26,travel-and-recreation,32
2026-06-26,birth-family-relationships,29
2026-06-26,housing,27
2026-06-26,health,20
2026-06-26,returning-to-ireland,20
2026-06-26,education,8
2026-06-26,justice,8
2026-06-26,consumer,4
2026-06-26,death,2
2026-06-26,government-in-ireland,1
2026-06-27,social-welfare,131
2026-06-27,travel-and-recreation,52
2026-06-27,moving-country,42
2026-06-27,money-and-tax,34
2026-06-27,housing,30
2026-06-27,returning-to-ireland,24
2026-06-27,employment,23
2026-06-27,health,21
2026-06-27,justice,16
2026-06-27,birth-family-relationships,15
2026-06-27,consumer,11
2026-06-27,environment,8
2026-06-27,education,7
2026-06-27,government-in-ireland,2
2026-06-28,social-welfare,117
2026-06-28,moving-country,46
2026-06-28,travel-and-recreation,36
2026-06-28,housing,36
2026-06-28,money-and-tax,34
2026-06-28,employment,25
2026-06-28,birth-family-relationships,19
2026-06-28,returning-to-ireland,17
2026-06-28,health,16
2026-06-28,justice,10
2026-06-28,education,10
2026-06-28,death,7
2026-06-28,consumer,5
2026-06-28,environment,2
2026-06-28,government-in-ireland,2
2026-06-29,social-welfare,434
2026-06-29,money-and-tax,111
2026-06-29,employment,93
2026-06-29,housing,79
2026-06-29,moving-country,76
2026-06-29,returning-to-ireland,58
2026-06-29,travel-and-recreation,52
2026-06-29,justice,28
2026-06-29,health,26
2026-06-29,education,19
2026-06-29,birth-family-relationships,13
2026-06-29,consumer,7
2026-06-29,about,6
2026-06-29,death,3
2026-06-29,government-in-ireland,2
2026-06-29,environment,1
2026-06-30,social-welfare,371
2026-06-30,money-and-tax,90
2026-06-30,employment,76
2026-06-30,moving-country,72
2026-06-30,housing,66
2026-06-30,travel-and-recreation,58
2026-06-30,returning-to-ireland,42
2026-06-30,birth-family-relationships,35
2026-06-30,health,30
2026-06-30,education,29
2026-06-30,justice,16
2026-06-30,consumer,11
2026-06-30,about,11
2026-06-30,government-in-ireland,8
2026-06-30,death,7
2026-06-30,environment,3
2026-07-01,social-welfare,297
2026-07-01,money-and-tax,79
2026-07-01,travel-and-recreation,61
2026-07-01,employment,44
2026-07-01,housing,39
2026-07-01,moving-country,36
2026-07-01,health,31
2026-07-01,justice,28
2026-07-01,birth-family-relationships,25
2026-07-01,returning-to-ireland,21
2026-07-01,education,10
2026-07-01,consumer,10
2026-07-01,environment,9
2026-07-01,death,5
2026-07-01,about,5
2026-07-01,government-in-ireland,2
2026-07-02,social-welfare,358
2026-07-02,employment,75
2026-07-02,money-and-tax,72
2026-07-02,moving-country,59
2026-07-02,travel-and-recreation,55
2026-07-02,housing,41
2026-07-02,health,38
2026-07-02,birth-family-relationships,34
2026-07-02,returning-to-ireland,27
2026-07-02,consumer,18
2026-07-02,about,16
2026-07-02,justice,13
2026-07-02,government-in-ireland,8
2026-07-02,education,5
2026-07-02,death,3
2026-07-02,environment,2
2026-07-03,social-welfare,247
2026-07-03,employment,63
2026-07-03,money-and-tax,52
2026-07-03,moving-country,37
2026-07-03,housing,35
2026-07-03,travel-and-recreation,34
2026-07-03,returning-to-ireland,31
2026-07-03,birth-family-relationships,29
2026-07-03,health,23
2026-07-03,death,17
2026-07-03,justice,15
2026-07-03,education,11
2026-07-03,government-in-ireland,11
2026-07-03,about,8
2026-07-03,environment,8
2026-07-03,consumer,6
2026-07-04,social-welfare,112
2026-07-04,travel-and-recreation,31
2026-07-04,money-and-tax,29
2026-07-04,health,26
2026-07-04,employment,25
2026-07-04,birth-family-relationships,24
2026-07-04,moving-country,23
2026-07-04,justice,15
2026-07-04,housing,13
2026-07-04,consumer,9
2026-07-04,returning-to-ireland,8
2026-07-04,education,6
2026-07-04,government-in-ireland,4
2026-07-04,about,2
2026-07-04,my-situation,1
2026-07-04,death,1
2026-07-05,social-welfare,108
2026-07-05,employment,39
2026-07-05,travel-and-recreation,30
2026-07-05,money-and-tax,19
2026-07-05,moving-country,18
2026-07-05,housing,18
2026-07-05,health,17
2026-07-05,education,14
2026-07-05,consumer,12
2026-07-05,birth-family-relationships,10
2026-07-05,returning-to-ireland,9
2026-07-05,about,8
2026-07-05,justice,7
2026-07-05,environment,5
2026-07-05,death,4
2026-07-05,government-in-ireland,2
2026-07-06,social-welfare,282
2026-07-06,employment,95
2026-07-06,money-and-tax,82
2026-07-06,moving-country,64
2026-07-06,housing,53
2026-07-06,health,53
2026-07-06,travel-and-recreation,45
2026-07-06,birth-family-relationships,37
2026-07-06,consumer,24
2026-07-06,justice,23
2026-07-06,education,21
2026-07-06,returning-to-ireland,19
2026-07-06,government-in-ireland,14
2026-07-06,environment,10
2026-07-06,death,6
2026-07-06,about,5
2026-07-07,social-welfare,292
2026-07-07,housing,79
2026-07-07,travel-and-recreation,77
2026-07-07,employment,75
2026-07-07,money-and-tax,71
2026-07-07,moving-country,65
2026-07-07,health,50
2026-07-07,returning-to-ireland,37
2026-07-07,birth-family-relationships,25
2026-07-07,education,17
2026-07-07,justice,16
2026-07-07,government-in-ireland,15
2026-07-07,consumer,13
2026-07-07,death,10
2026-07-07,environment,6
2026-07-07,about,6
2026-07-08,social-welfare,286
2026-07-08,housing,93
2026-07-08,employment,72
2026-07-08,moving-country,66
2026-07-08,money-and-tax,60
2026-07-08,returning-to-ireland,54
2026-07-08,birth-family-relationships,44
2026-07-08,health,34
2026-07-08,education,30
2026-07-08,travel-and-recreation,23
2026-07-08,consumer,16
2026-07-08,about,13
2026-07-08,government-in-ireland,13
2026-07-08,death,12
2026-07-08,justice,10
2026-07-08,environment,6
2026-07-09,social-welfare,245
2026-07-09,employment,72
2026-07-09,housing,70
2026-07-09,health,46
2026-07-09,money-and-tax,45
2026-07-09,travel-and-recreation,45
2026-07-09,moving-country,34
2026-07-09,returning-to-ireland,26
2026-07-09,birth-family-relationships,21
2026-07-09,education,16
2026-07-09,government-in-ireland,13
2026-07-09,justice,12
2026-07-09,consumer,11
2026-07-09,environment,5
2026-07-09,death,4
2026-07-09,about,2
2026-07-09,my-situation,1
2026-07-10,social-welfare,191
2026-07-10,housing,60
2026-07-10,employment,60
2026-07-10,money-and-tax,55
2026-07-10,health,45
2026-07-10,travel-and-recreation,37
2026-07-10,moving-country,30
2026-07-10,birth-family-relationships,29
2026-07-10,returning-to-ireland,29
2026-07-10,justice,17
2026-07-10,consumer,12
2026-07-10,government-in-ireland,10
2026-07-10,death,7
2026-07-10,education,6
2026-07-10,environment,5
2026-07-10,about,4
2026-07-10,my-situation,2
2026-07-11,social-welfare,117
2026-07-11,money-and-tax,39
2026-07-11,moving-country,24
2026-07-11,housing,22
2026-07-11,health,17
2026-07-11,education,17
2026-07-11,travel-and-recreation,16
2026-07-11,employment,15
2026-07-11,justice,12
2026-07-11,birth-family-relationships,10
2026-07-11,returning-to-ireland,8
2026-07-11,consumer,6
2026-07-11,environment,4
2026-07-11,government-in-ireland,1
2026-07-11,about,1
2026-07-12,social-welfare,120
2026-07-12,moving-country,36
2026-07-12,housing,27
2026-07-12,travel-and-recreation,23
2026-07-12,employment,22
2026-07-12,money-and-tax,18
2026-07-12,returning-to-ireland,17
2026-07-12,health,12
2026-07-12,birth-family-relationships,10
2026-07-12,justice,8
2026-07-12,consumer,5
2026-07-12,death,5
2026-07-12,education,4
2026-07-12,government-in-ireland,3
2026-07-12,environment,1
2026-07-13,social-welfare,276
2026-07-13,employment,93
2026-07-13,moving-country,59
2026-07-13,housing,57
2026-07-13,birth-family-relationships,44
2026-07-13,money-and-tax,43
2026-07-13,health,39
2026-07-13,returning-to-ireland,24
2026-07-13,travel-and-recreation,23
2026-07-13,education,19
2026-07-13,justice,14
2026-07-13,consumer,10
2026-07-13,about,8
2026-07-13,government-in-ireland,7
2026-07-13,death,6
2026-07-13,environment,6
2026-07-14,social-welfare,253
2026-07-14,employment,89
2026-07-14,housing,71
2026-07-14,travel-and-recreation,56
2026-07-14,moving-country,46
2026-07-14,returning-to-ireland,43
2026-07-14,money-and-tax,41
2026-07-14,health,31
2026-07-14,education,30
2026-07-14,birth-family-relationships,28
2026-07-14,justice,20
2026-07-14,consumer,19
2026-07-14,death,7
2026-07-14,government-in-ireland,6
2026-07-14,environment,4
2026-07-14,about,2
2026-07-15,social-welfare,237
2026-07-15,employment,125
2026-07-15,housing,56
2026-07-15,money-and-tax,54
2026-07-15,moving-country,52
2026-07-15,health,37
2026-07-15,travel-and-recreation,30
2026-07-15,returning-to-ireland,26
2026-07-15,education,15
2026-07-15,justice,14
2026-07-15,about,14
2026-07-15,birth-family-relationships,13
2026-07-15,death,13
2026-07-15,environment,11
2026-07-15,consumer,10
2026-07-15,government-in-ireland,4
2026-07-16,social-welfare,209
2026-07-16,employment,86
2026-07-16,housing,56
2026-07-16,money-and-tax,51
2026-07-16,health,45
2026-07-16,moving-country,43
2026-07-16,travel-and-recreation,39
2026-07-16,birth-family-relationships,28
2026-07-16,returning-to-ireland,26
2026-07-16,education,21
2026-07-16,justice,19
2026-07-16,consumer,15
2026-07-16,death,8
2026-07-16,about,7
2026-07-16,government-in-ireland,7
2026-07-16,environment,3
2026-07-17,social-welfare,226
2026-07-17,employment,74
2026-07-17,housing,54
2026-07-17,money-and-tax,51
2026-07-17,moving-country,45
2026-07-17,health,33
2026-07-17,travel-and-recreation,30
2026-07-17,birth-family-relationships,26
2026-07-17,returning-to-ireland,23
2026-07-17,consumer,15
2026-07-17,justice,14
2026-07-17,education,13
2026-07-17,government-in-ireland,11
2026-07-17,death,8
2026-07-17,environment,7
2026-07-17,about,6
2026-07-18,social-welfare,167
2026-07-18,money-and-tax,52
2026-07-18,moving-country,45
2026-07-18,housing,41
2026-07-18,employment,41
2026-07-18,health,29
2026-07-18,birth-family-relationships,21
2026-07-18,travel-and-recreation,20
2026-07-18,returning-to-ireland,13
2026-07-18,justice,10
2026-07-18,consumer,9
2026-07-18,environment,8
2026-07-18,government-in-ireland,6
2026-07-18,education,5
2026-07-18,death,3
2026-07-18,about,3
2026-07-19,social-welfare,92
2026-07-19,housing,39
2026-07-19,travel-and-recreation,34
2026-07-19,money-and-tax,27
2026-07-19,moving-country,24
2026-07-19,employment,19
2026-07-19,health,15
2026-07-19,birth-family-relationships,14
2026-07-19,returning-to-ireland,12
2026-07-19,justice,9
2026-07-19,death,7
2026-07-19,education,5
2026-07-19,consumer,4
2026-07-19,government-in-ireland,4
2026-07-19,environment,3
2026-07-19,my-situation,1
2026-07-20,social-welfare,241
2026-07-20,employment,86
2026-07-20,moving-country,75
2026-07-20,housing,60
2026-07-20,health,45
2026-07-20,travel-and-recreation,45
2026-07-20,money-and-tax,44
2026-07-20,returning-to-ireland,40
2026-07-20,birth-family-relationships,27
2026-07-20,justice,22
2026-07-20,consumer,19
2026-07-20,education,16
2026-07-20,death,13
2026-07-20,government-in-ireland,11
2026-07-20,environment,8
2026-07-20,about,4
2026-07-21,social-welfare,263
2026-07-21,housing,92
2026-07-21,employment,84
2026-07-21,money-and-tax,60
2026-07-21,moving-country,60
2026-07-21,travel-and-recreation,55
2026-07-21,health,51
2026-07-21,birth-family-relationships,31
2026-07-21,returning-to-ireland,27
2026-07-21,justice,18
2026-07-21,education,17
2026-07-21,consumer,17
2026-07-21,death,15
2026-07-21,government-in-ireland,9
2026-07-21,environment,4
2026-07-21,about,4
2026-07-22,social-welfare,276
2026-07-22,housing,102
2026-07-22,employment,98
2026-07-22,travel-and-recreation,74
2026-07-22,moving-country,58
2026-07-22,health,49
2026-07-22,money-and-tax,48
2026-07-22,returning-to-ireland,34
2026-07-22,justice,28
2026-07-22,birth-family-relationships,27
2026-07-22,death,27
2026-07-22,consumer,18
2026-07-22,education,16
2026-07-22,government-in-ireland,11
2026-07-22,environment,8
2026-07-22,about,7
2026-07-23,social-welfare,267
2026-07-23,employment,110
2026-07-23,moving-country,66
2026-07-23,housing,58
2026-07-23,money-and-tax,56
2026-07-23,health,48
2026-07-23,travel-and-recreation,34
2026-07-23,returning-to-ireland,26
2026-07-23,birth-family-relationships,21
2026-07-23,education,15
2026-07-23,death,14
2026-07-23,justice,12
2026-07-23,environment,12
2026-07-23,consumer,10
2026-07-23,about,5
2026-07-23,government-in-ireland,3
2026-07-24,social-welfare,229
2026-07-24,housing,66
2026-07-24,travel-and-recreation,59
2026-07-24,employment,58
2026-07-24,money-and-tax,55
2026-07-24,health,45
2026-07-24,moving-country,37
2026-07-24,returning-to-ireland,32
2026-07-24,justice,20
2026-07-24,birth-family-relationships,20
2026-07-24,consumer,16
2026-07-24,government-in-ireland,14
2026-07-24,education,11
2026-07-24,environment,9
2026-07-24,death,8
2026-07-24,about,7
2026-07-25,social-welfare,95
2026-07-25,moving-country,49
2026-07-25,housing,43
2026-07-25,travel-and-recreation,32
2026-07-25,employment,28
2026-07-25,returning-to-ireland,27
2026-07-25,money-and-tax,20
2026-07-25,education,15
2026-07-25,justice,10
2026-07-25,birth-family-relationships,8
2026-07-25,consumer,7
2026-07-25,health,6
2026-07-25,about,6
2026-07-25,environment,5
2026-07-25,government-in-ireland,3
2026-07-25,death,3
2026-07-26,social-welfare,129
2026-07-26,moving-country,47
2026-07-26,health,38
2026-07-26,employment,36
2026-07-26,travel-and-recreation,30
2026-07-26,money-and-tax,27
2026-07-26,housing,24
2026-07-26,birth-family-relationships,23
2026-07-26,returning-to-ireland,19
2026-07-26,education,7
2026-07-26,consumer,7
2026-07-26,justice,6
2026-07-26,environment,6
2026-07-26,government-in-ireland,5
2026-07-26,death,5
2026-07-26,about,1
2026-07-27,social-welfare,253
2026-07-27,employment,97
2026-07-27,money-and-tax,69
2026-07-27,housing,60
2026-07-27,moving-country,48
2026-07-27,travel-and-recreation,47
2026-07-27,health,47
2026-07-27,returning-to-ireland,34
2026-07-27,birth-family-relationships,23
2026-07-27,consumer,21
2026-07-27,justice,19
2026-07-27,education,18
2026-07-27,death,16
2026-07-27,environment,11
2026-07-27,about,10
2026-07-27,government-in-ireland,6
2026-07-28,social-welfare,257
2026-07-28,employment,124
2026-07-28,housing,90
2026-07-28,health,72
2026-07-28,money-and-tax,60
2026-07-28,moving-country,58
2026-07-28,justice,52
2026-07-28,travel-and-recreation,49
2026-07-28,birth-family-relationships,40
2026-07-28,returning-to-ireland,30
2026-07-28,death,23
2026-07-28,consumer,19
2026-07-28,education,16
2026-07-28,environment,15
2026-07-28,government-in-ireland,13
2026-07-28,about,3
2026-07-29,social-welfare,248
2026-07-29,housing,86
2026-07-29,money-and-tax,74
2026-07-29,travel-and-recreation,62
2026-07-29,moving-country,48
2026-07-29,employment,48
2026-07-29,health,42
2026-07-29,returning-to-ireland,39
2026-07-29,birth-family-relationships,33
2026-07-29,justice,22
2026-07-29,education,20
2026-07-29,death,19
2026-07-29,government-in-ireland,16
2026-07-29,environment,16
2026-07-29,consumer,8
2026-07-29,about,5
2026-07-30,social-welfare,208
2026-07-30,employment,77
2026-07-30,housing,63
2026-07-30,money-and-tax,54
2026-07-30,moving-country,46
2026-07-30,health,45
2026-07-30,travel-and-recreation,32
2026-07-30,returning-to-ireland,30
2026-07-30,birth-family-relationships,29
2026-07-30,justice,20
2026-07-30,government-in-ireland,18
2026-07-30,death,12
2026-07-30,consumer,11
2026-07-30,education,10
2026-07-30,about,9
2026-07-30,environment,2
2026-07-31,social-welfare,199
2026-07-31,employment,74
2026-07-31,money-and-tax,54
2026-07-31,moving-country,52
2026-07-31,housing,41
2026-07-31,returning-to-ireland,40
2026-07-31,travel-and-recreation,32
2026-07-31,health,27
2026-07-31,birth-family-relationships,26
2026-07-31,consumer,13
2026-07-31,justice,9
2026-07-31,death,9
2026-07-31,education,9
2026-07-31,about,6
2026-07-31,environment,3
2026-07-31,government-in-ireland,2
2026-08-01,social-welfare,102
2026-08-01,moving-country,55
2026-08-01,employment,48
2026-08-01,housing,42
2026-08-01,returning-to-ireland,32
2026-08-01,travel-and-recreation,30
2026-08-01,money-and-tax,18
2026-08-01,health,16
2026-08-01,birth-family-relationships,11
2026-08-01,government-in-ireland,9
2026-08-01,environment,9
2026-08-01,death,9
2026-08-01,justice,8
2026-08-01,education,4
2026-08-01,about,3
2026-08-01,consumer,3
2026-08-02,social-welfare,98
2026-08-02,housing,35
2026-08-02,moving-country,33
2026-08-02,employment,24
2026-08-02,money-and-tax,20
2026-08-02,returning-to-ireland,16
2026-08-02,travel-and-recreation,15
2026-08-02,health,14
2026-08-02,birth-family-relationships,13
2026-08-02,education,10
2026-08-02,death,6
2026-08-02,government-in-ireland,4
2026-08-02,consumer,2
2026-08-02,justice,2
2026-08-02,about,1
2026-08-02,my-situation,1
2026-08-03,social-welfare,173
2026-08-03,moving-country,58
2026-08-03,housing,45
2026-08-03,travel-and-recreation,42
2026-08-03,returning-to-ireland,35
2026-08-03,money-and-tax,29
2026-08-03,employment,27
2026-08-03,birth-family-relationships,22
2026-08-03,health,20
2026-08-03,education,18
2026-08-03,death,10
2026-08-03,consumer,7
2026-08-03,government-in-ireland,6
2026-08-03,justice,5
2026-08-03,about,3
2026-08-03,environment,3
2026-08-04,social-welfare,274
2026-08-04,employment,90
2026-08-04,moving-country,81
2026-08-04,housing,78
2026-08-04,money-and-tax,59
2026-08-04,returning-to-ireland,46
2026-08-04,travel-and-recreation,41
2026-08-04,health,33
2026-08-04,consumer,33
2026-08-04,education,26
2026-08-04,justice,21
2026-08-04,birth-family-relationships,14
2026-08-04,government-in-ireland,14
2026-08-04,environment,10
2026-08-04,about,5
2026-08-04,death,4
2026-08-05,social-welfare,289
2026-08-05,employment,80
2026-08-05,housing,67
2026-08-05,moving-country,61
2026-08-05,health,47
2026-08-05,money-and-tax,46
2026-08-05,travel-and-recreation,43
2026-08-05,returning-to-ireland,41
2026-08-05,education,35
2026-08-05,birth-family-relationships,25
2026-08-05,consumer,21
2026-08-05,justice,17
2026-08-05,environment,12
2026-08-05,government-in-ireland,11
2026-08-05,death,8
2026-08-05,about,7
2026-08-06,social-welfare,215
2026-08-06,moving-country,94
2026-08-06,employment,74
2026-08-06,housing,61
2026-08-06,money-and-tax,48
2026-08-06,health,40
2026-08-06,travel-and-recreation,34
2026-08-06,education,33
2026-08-06,returning-to-ireland,27
2026-08-06,consumer,27
2026-08-06,justice,18
2026-08-06,birth-family-relationships,16
2026-08-06,death,14
2026-08-06,government-in-ireland,14
2026-08-06,environment,11
2026-08-06,about,4
2026-08-07,social-welfare,215
2026-08-07,employment,81
2026-08-07,housing,68
2026-08-07,moving-country,61
2026-08-07,health,46
2026-08-07,travel-and-recreation,37
2026-08-07,money-and-tax,33
2026-08-07,birth-family-relationships,28
2026-08-07,returning-to-ireland,28
2026-08-07,consumer,27
2026-08-07,justice,21
2026-08-07,education,20
2026-08-07,government-in-ireland,20
2026-08-07,environment,12
2026-08-07,death,8
2026-08-07,about,7
2026-08-08,social-welfare,107
2026-08-08,employment,44
2026-08-08,moving-country,42
2026-08-08,housing,36
2026-08-08,health,33
2026-08-08,birth-family-relationships,28
2026-08-08,returning-to-ireland,24
2026-08-08,travel-and-recreation,22
2026-08-08,money-and-tax,18
2026-08-08,government-in-ireland,9
2026-08-08,education,8
2026-08-08,death,6
2026-08-08,consumer,6
2026-08-08,justice,4
2026-08-08,about,3
2026-08-08,environment,2
2026-08-09,social-welfare,98
2026-08-09,moving-country,41
2026-08-09,employment,38
2026-08-09,travel-and-recreation,31
2026-08-09,housing,24
2026-08-09,money-and-tax,17
2026-08-09,government-in-ireland,16
2026-08-09,returning-to-ireland,15
2026-08-09,health,13
2026-08-09,education,12
2026-08-09,birth-family-relationships,8
2026-08-09,justice,6
2026-08-09,death,3
2026-08-09,consumer,3
2026-08-09,environment,1
2026-08-09,about,1
2026-08-10,social-welfare,301
2026-08-10,employment,119
2026-08-10,housing,102
2026-08-10,moving-country,72
2026-08-10,travel-and-recreation,65
2026-08-10,money-and-tax,64
2026-08-10,health,53
2026-08-10,returning-to-ireland,51
2026-08-10,birth-family-relationships,32
2026-08-10,education,27
2026-08-10,death,25
2026-08-10,justice,23
2026-08-10,government-in-ireland,19
2026-08-10,consumer,13
2026-08-10,environment,10
2026-08-10,about,4
2026-08-11,social-welfare,252
2026-08-11,employment,91
2026-08-11,housing,85
2026-08-11,money-and-tax,65
2026-08-11,birth-family-relationships,63
2026-08-11,travel-and-recreation,56
2026-08-11,moving-country,44
2026-08-11,health,37
2026-08-11,returning-to-ireland,32
2026-08-11,consumer,20
2026-08-11,justice,20
2026-08-11,death,18
2026-08-11,education,18
2026-08-11,government-in-ireland,12
2026-08-11,environment,5
2026-08-11,about,4
2026-08-11,my-situation,2
2026-08-12,social-welfare,245
2026-08-12,employment,91
2026-08-12,moving-country,65
2026-08-12,housing,60
2026-08-12,money-and-tax,59
2026-08-12,health,56
2026-08-12,travel-and-recreation,42
2026-08-12,birth-family-relationships,27
2026-08-12,returning-to-ireland,26
2026-08-12,education,18
2026-08-12,government-in-ireland,16
2026-08-12,consumer,15
2026-08-12,death,13
2026-08-12,justice,12
2026-08-12,environment,8
2026-08-12,about,5
2026-08-12,my-situation,1
2026-08-13,social-welfare,220
2026-08-13,employment,79
2026-08-13,moving-country,77
2026-08-13,housing,66
2026-08-13,travel-and-recreation,57
2026-08-13,birth-family-relationships,38
2026-08-13,returning-to-ireland,37
2026-08-13,money-and-tax,35
2026-08-13,health,31
2026-08-13,education,27
2026-08-13,justice,18
2026-08-13,death,12
2026-08-13,consumer,12
2026-08-13,environment,10
2026-08-13,government-in-ireland,8
2026-08-13,about,8
2026-08-13,my-situation,1
2026-08-14,social-welfare,175
2026-08-14,employment,94
2026-08-14,housing,76
2026-08-14,moving-country,52
2026-08-14,travel-and-recreation,47
2026-08-14,money-and-tax,44
2026-08-14,birth-family-relationships,33
2026-08-14,health,32
2026-08-14,justice,31
2026-08-14,returning-to-ireland,28
2026-08-14,education,25
2026-08-14,government-in-ireland,13
2026-08-14,death,12
2026-08-14,consumer,10
2026-08-14,environment,5
2026-08-14,about,5
2026-08-15,social-welfare,101
2026-08-15,employment,56
2026-08-15,housing,33
2026-08-15,moving-country,27
2026-08-15,money-and-tax,24
2026-08-15,travel-and-recreation,22
2026-08-15,health,18
2026-08-15,birth-family-relationships,17
2026-08-15,death,15
2026-08-15,education,12
2026-08-15,returning-to-ireland,8
2026-08-15,justice,6
2026-08-15,government-in-ireland,4
2026-08-15,consumer,3
2026-08-15,about,2
2026-08-15,environment,1
2026-08-16,social-welfare,117
2026-08-16,employment,50
2026-08-16,housing,50
2026-08-16,travel-and-recreation,26
2026-08-16,moving-country,26
2026-08-16,birth-family-relationships,21
2026-08-16,money-and-tax,20
2026-08-16,health,19
2026-08-16,justice,19
2026-08-16,returning-to-ireland,15
2026-08-16,government-in-ireland,11
2026-08-16,education,8
2026-08-16,environment,7
2026-08-16,about,2
2026-08-16,consumer,1
2026-08-17,social-welfare,243
2026-08-17,employment,81
2026-08-17,housing,75
2026-08-17,moving-country,61
2026-08-17,money-and-tax,60
2026-08-17,birth-family-relationships,54
2026-08-17,health,53
2026-08-17,travel-and-recreation,52
2026-08-17,education,42
2026-08-17,returning-to-ireland,28
2026-08-17,justice,17
2026-08-17,consumer,11
2026-08-17,death,10
2026-08-17,about,8
2026-08-17,environment,7
2026-08-17,government-in-ireland,6
2026-08-18,social-welfare,276
2026-08-18,employment,88
2026-08-18,housing,81
2026-08-18,travel-and-recreation,62
2026-08-18,money-and-tax,61
2026-08-18,moving-country,60
2026-08-18,health,52
2026-08-18,birth-family-relationships,41
2026-08-18,returning-to-ireland,33
2026-08-18,education,28
2026-08-18,justice,18
2026-08-18,consumer,14
2026-08-18,environment,14
2026-08-18,death,12
2026-08-18,about,10
2026-08-18,government-in-ireland,9
2026-08-18,my-situation,1
2026-08-19,social-welfare,266
2026-08-19,housing,83
2026-08-19,employment,78
2026-08-19,money-and-tax,65
2026-08-19,health,55
2026-08-19,moving-country,53
2026-08-19,returning-to-ireland,49
2026-08-19,travel-and-recreation,46
2026-08-19,birth-family-relationships,43
2026-08-19,education,40
2026-08-19,consumer,30
2026-08-19,death,15
2026-08-19,government-in-ireland,9
2026-08-19,justice,9
2026-08-19,environment,6
2026-08-19,about,5
2026-08-20,social-welfare,238
2026-08-20,employment,73
2026-08-20,housing,64
2026-08-20,moving-country,57
2026-08-20,money-and-tax,53
2026-08-20,health,44
2026-08-20,travel-and-recreation,42
2026-08-20,returning-to-ireland,35
2026-08-20,education,28
2026-08-20,birth-family-relationships,27
2026-08-20,justice,15
2026-08-20,consumer,14
2026-08-20,death,10
2026-08-20,government-in-ireland,8
2026-08-20,about,4
2026-08-20,environment,4
2026-08-20,my-situation,2
2026-08-21,social-welfare,174
2026-08-21,employment,59
2026-08-21,money-and-tax,54
2026-08-21,housing,53
2026-08-21,moving-country,39
2026-08-21,health,34
2026-08-21,birth-family-relationships,33
2026-08-21,education,31
2026-08-21,returning-to-ireland,23
2026-08-21,travel-and-recreation,21
2026-08-21,justice,21
2026-08-21,government-in-ireland,16
2026-08-21,consumer,11
2026-08-21,environment,6
2026-08-21,death,6
2026-08-21,about,3
2026-08-22,social-welfare,87
2026-08-22,employment,32
2026-08-22,housing,29
2026-08-22,money-and-tax,27
2026-08-22,moving-country,22
2026-08-22,health,22
2026-08-22,education,21
2026-08-22,travel-and-recreation,16
2026-08-22,returning-to-ireland,15
2026-08-22,birth-family-relationships,13
2026-08-22,justice,8
2026-08-22,consumer,8
2026-08-22,government-in-ireland,5
2026-08-22,death,3
2026-08-22,about,2
2026-08-22,environment,2
2026-08-23,social-welfare,130
2026-08-23,housing,49
2026-08-23,moving-country,36
2026-08-23,money-and-tax,33
2026-08-23,employment,29
2026-08-23,travel-and-recreation,22
2026-08-23,health,22
2026-08-23,returning-to-ireland,21
2026-08-23,education,15
2026-08-23,birth-family-relationships,14
2026-08-23,justice,9
2026-08-23,government-in-ireland,9
2026-08-23,consumer,7
2026-08-23,environment,6
2026-08-23,death,5
2026-08-23,about,2
2026-08-24,social-welfare,218
2026-08-24,employment,136
2026-08-24,housing,90
2026-08-24,money-and-tax,59
2026-08-24,moving-country,59
2026-08-24,health,51
2026-08-24,birth-family-relationships,44
2026-08-24,returning-to-ireland,43
2026-08-24,education,43
2026-08-24,travel-and-recreation,35
2026-08-24,justice,22
2026-08-24,environment,16
2026-08-24,consumer,16
2026-08-24,government-in-ireland,14
2026-08-24,death,8
2026-08-24,about,2
2026-08-24,my-situation,1
2026-08-25,social-welfare,262
2026-08-25,employment,89
2026-08-25,housing,76
2026-08-25,money-and-tax,60
2026-08-25,travel-and-recreation,49
2026-08-25,health,45
2026-08-25,moving-country,41
2026-08-25,education,41
2026-08-25,birth-family-relationships,33
2026-08-25,returning-to-ireland,26
2026-08-25,justice,18
2026-08-25,government-in-ireland,11
2026-08-25,about,10
2026-08-25,consumer,10
2026-08-25,death,9
2026-08-25,environment,7
2026-08-25,my-situation,1
2026-08-26,social-welfare,310
2026-08-26,employment,100
2026-08-26,housing,85
2026-08-26,health,78
2026-08-26,money-and-tax,58
2026-08-26,moving-country,53
2026-08-26,travel-and-recreation,45
2026-08-26,education,45
2026-08-26,returning-to-ireland,44
2026-08-26,birth-family-relationships,39
2026-08-26,death,16
2026-08-26,consumer,14
2026-08-26,government-in-ireland,9
2026-08-26,justice,8
2026-08-26,environment,5
2026-08-26,about,4
2026-08-26,my-situation,1
2026-08-27,social-welfare,277
2026-08-27,employment,111
2026-08-27,housing,99
2026-08-27,money-and-tax,83
2026-08-27,moving-country,67
2026-08-27,returning-to-ireland,54
2026-08-27,travel-and-recreation,51
2026-08-27,health,49
2026-08-27,birth-family-relationships,46
2026-08-27,education,32
2026-08-27,consumer,17
2026-08-27,government-in-ireland,16
2026-08-27,death,16
2026-08-27,justice,11
2026-08-27,about,7
2026-08-27,environment,7
2026-08-27,my-situation,1
2026-08-28,social-welfare,191
2026-08-28,employment,61
2026-08-28,housing,47
2026-08-28,travel-and-recreation,44
2026-08-28,money-and-tax,43
2026-08-28,moving-country,35
2026-08-28,health,32
2026-08-28,birth-family-relationships,30
2026-08-28,education,28
2026-08-28,returning-to-ireland,28
2026-08-28,consumer,22
2026-08-28,death,21
2026-08-28,justice,19
2026-08-28,government-in-ireland,8
2026-08-28,about,3
2026-08-28,environment,2
2026-08-29,social-welfare,126
2026-08-29,moving-country,58
2026-08-29,employment,49
2026-08-29,travel-and-recreation,35
2026-08-29,money-and-tax,32
2026-08-29,housing,31
2026-08-29,health,30
2026-08-29,education,26
2026-08-29,returning-to-ireland,21
2026-08-29,birth-family-relationships,13
2026-08-29,justice,13
2026-08-29,environment,6
2026-08-29,consumer,6
2026-08-29,government-in-ireland,5
2026-08-29,death,2
2026-08-30,social-welfare,133
2026-08-30,money-and-tax,58
2026-08-30,moving-country,53
2026-08-30,housing,47
2026-08-30,travel-and-recreation,43
2026-08-30,employment,36
2026-08-30,health,35
2026-08-30,birth-family-relationships,28
2026-08-30,returning-to-ireland,17
2026-08-30,death,9
2026-08-30,government-in-ireland,8
2026-08-30,education,7
2026-08-30,consumer,3
2026-08-30,about,2
2026-08-30,environment,1
2026-08-30,justice,1
2026-08-31,social-welfare,295
2026-08-31,employment,74
2026-08-31,housing,68
2026-08-31,health,68
2026-08-31,money-and-tax,65
2026-08-31,education,58
2026-08-31,travel-and-recreation,57
2026-08-31,moving-country,57
2026-08-31,returning-to-ireland,40
2026-08-31,birth-family-relationships,32
2026-08-31,justice,16
2026-08-31,consumer,15
2026-08-31,government-in-ireland,14
2026-08-31,death,9
2026-08-31,environment,4
2026-08-31,about,4
2026-09-01,social-welfare,288
2026-09-01,employment,98
2026-09-01,housing,94
2026-09-01,moving-country,73
2026-09-01,travel-and-recreation,54
2026-09-01,health,46
2026-09-01,money-and-tax,44
2026-09-01,education,41
2026-09-01,birth-family-relationships,37
2026-09-01,returning-to-ireland,30
2026-09-01,consumer,17
2026-09-01,justice,14
2026-09-01,about,9
2026-09-01,government-in-ireland,7
2026-09-01,death,6
2026-09-01,environment,5
2026-09-02,social-welfare,272
2026-09-02,housing,113
2026-09-02,employment,87
2026-09-02,moving-country,70
2026-09-02,money-and-tax,69
2026-09-02,travel-and-recreation,46
2026-09-02,education,45
2026-09-02,returning-to-ireland,40
2026-09-02,birth-family-relationships,36
2026-09-02,health,33
2026-09-02,consumer,29
2026-09-02,government-in-ireland,22
2026-09-02,justice,20
2026-09-02,about,12
2026-09-02,death,9
2026-09-02,environment,7
2026-09-02,my-situation,1
2026-09-03,social-welfare,276
2026-09-03,housing,86
2026-09-03,employment,85
2026-09-03,money-and-tax,69
2026-09-03,moving-country,56
2026-09-03,travel-and-recreation,41
2026-09-03,returning-to-ireland,40
2026-09-03,health,39
2026-09-03,birth-family-relationships,31
2026-09-03,consumer,25
2026-09-03,death,23
2026-09-03,education,20
2026-09-03,justice,19
2026-09-03,government-in-ireland,12
2026-09-03,environment,9
2026-09-03,about,7
2026-09-04,social-welfare,314
2026-09-04,employment,80
2026-09-04,housing,69
2026-09-04,money-and-tax,46
2026-09-04,moving-country,42
2026-09-04,returning-to-ireland,35
2026-09-04,health,34
2026-09-04,birth-family-relationships,31
2026-09-04,travel-and-recreation,29
2026-09-04,education,29
2026-09-04,consumer,19
2026-09-04,justice,13
2026-09-04,government-in-ireland,9
2026-09-04,environment,6
2026-09-04,death,5
2026-09-04,about,3
2026-09-05,social-welfare,97
2026-09-05,employment,55
2026-09-05,housing,37
2026-09-05,moving-country,32
2026-09-05,health,23
2026-09-05,money-and-tax,22
2026-09-05,travel-and-recreation,20
2026-09-05,justice,13
2026-09-05,returning-to-ireland,12
2026-09-05,education,10
2026-09-05,birth-family-relationships,10
2026-09-05,government-in-ireland,9
2026-09-05,consumer,9
2026-09-05,environment,4
2026-09-05,about,2
2026-09-05,death,1
2026-09-06,social-welfare,147
2026-09-06,employment,43
2026-09-06,health,37
2026-09-06,money-and-tax,33
2026-09-06,housing,31
2026-09-06,moving-country,30
2026-09-06,travel-and-recreation,22
2026-09-06,birth-family-relationships,17
2026-09-06,returning-to-ireland,15
2026-09-06,education,12
2026-09-06,justice,10
2026-09-06,death,9
2026-09-06,consumer,6
2026-09-06,government-in-ireland,5
2026-09-06,about,2
2026-09-07,social-welfare,339
2026-09-07,moving-country,93
2026-09-07,employment,89
2026-09-07,housing,87
2026-09-07,money-and-tax,65
2026-09-07,travel-and-recreation,51
2026-09-07,health,49
2026-09-07,birth-family-relationships,45
2026-09-07,returning-to-ireland,43
2026-09-07,education,38
2026-09-07,consumer,17
2026-09-07,justice,15
2026-09-07,government-in-ireland,11
2026-09-07,death,10
2026-09-07,environment,6
2026-09-07,about,4
2026-09-08,social-welfare,393
2026-09-08,employment,105
2026-09-08,housing,93
2026-09-08,moving-country,89
2026-09-08,money-and-tax,81
2026-09-08,travel-and-recreation,65
2026-09-08,birth-family-relationships,48
2026-09-08,returning-to-ireland,45
2026-09-08,health,43
2026-09-08,justice,27
2026-09-08,education,23
2026-09-08,consumer,15
2026-09-08,death,14
2026-09-08,government-in-ireland,12
2026-09-08,about,12
2026-09-08,environment,8
2026-09-08,my-situation,1
2026-09-09,social-welfare,391
2026-09-09,employment,89
2026-09-09,moving-country,74
2026-09-09,money-and-tax,59
2026-09-09,housing,56
2026-09-09,birth-family-relationships,46
2026-09-09,travel-and-recreation,41
2026-09-09,health,40
2026-09-09,justice,38
2026-09-09,education,26
2026-09-09,returning-to-ireland,26
2026-09-09,consumer,22
2026-09-09,government-in-ireland,12
2026-09-09,death,11
2026-09-09,about,8
2026-09-09,environment,5
2026-09-09,my-situation,1
2026-09-10,social-welfare,365
2026-09-10,employment,85
2026-09-10,moving-country,83
2026-09-10,money-and-tax,78
2026-09-10,housing,78
2026-09-10,health,54
2026-09-10,travel-and-recreation,53
2026-09-10,returning-to-ireland,39
2026-09-10,birth-family-relationships,32
2026-09-10,education,32
2026-09-10,justice,23
2026-09-10,consumer,22
2026-09-10,government-in-ireland,13
2026-09-10,about,12
2026-09-10,environment,11
2026-09-10,death,6
2026-09-11,social-welfare,276
2026-09-11,housing,82
2026-09-11,moving-country,76
2026-09-11,employment,75
2026-09-11,money-and-tax,54
2026-09-11,returning-to-ireland,51
2026-09-11,travel-and-recreation,50
2026-09-11,health,41
2026-09-11,education,30
2026-09-11,birth-family-relationships,28
2026-09-11,government-in-ireland,22
2026-09-11,justice,19
2026-09-11,consumer,12
2026-09-11,about,9
2026-09-11,death,6
2026-09-11,environment,5
2026-09-12,social-welfare,157
2026-09-12,housing,45
2026-09-12,employment,35
2026-09-12,birth-family-relationships,30
2026-09-12,returning-to-ireland,29
2026-09-12,moving-country,28
2026-09-12,travel-and-recreation,28
2026-09-12,money-and-tax,27
2026-09-12,health,21
2026-09-12,justice,12
2026-09-12,government-in-ireland,12
2026-09-12,education,11
2026-09-12,environment,10
2026-09-12,death,6
2026-09-12,consumer,6
2026-09-12,about,1
2026-09-13,social-welfare,120
2026-09-13,housing,48
2026-09-13,employment,37
2026-09-13,moving-country,32
2026-09-13,travel-and-recreation,26
2026-09-13,health,22
2026-09-13,money-and-tax,20
2026-09-13,returning-to-ireland,16
2026-09-13,birth-family-relationships,15
2026-09-13,education,11
2026-09-13,consumer,7
2026-09-13,environment,6
2026-09-13,justice,5
2026-09-13,death,5
2026-09-13,government-in-ireland,3
2026-09-14,social-welfare,272
2026-09-14,employment,109
2026-09-14,housing,109
2026-09-14,moving-country,84
2026-09-14,travel-and-recreation,58
2026-09-14,health,40
2026-09-14,returning-to-ireland,38
2026-09-14,birth-family-relationships,36
2026-09-14,money-and-tax,33
2026-09-14,education,33
2026-09-14,justice,18
2026-09-14,environment,15
2026-09-14,government-in-ireland,15
2026-09-14,consumer,14
2026-09-14,death,11
2026-09-14,about,7
2026-09-15,social-welfare,341
2026-09-15,travel-and-recreation,86
2026-09-15,housing,85
2026-09-15,employment,84
2026-09-15,moving-country,70
2026-09-15,money-and-tax,43
2026-09-15,health,40
2026-09-15,education,28
2026-09-15,returning-to-ireland,22
2026-09-15,birth-family-relationships,20
2026-09-15,consumer,18
2026-09-15,justice,14
2026-09-15,death,10
2026-09-15,about,10
2026-09-15,government-in-ireland,7
2026-09-15,environment,7
2026-09-16,social-welfare,350
2026-09-16,moving-country,83
2026-09-16,housing,75
2026-09-16,employment,70
2026-09-16,travel-and-recreation,54
2026-09-16,health,44
2026-09-16,money-and-tax,41
2026-09-16,returning-to-ireland,29
2026-09-16,consumer,27
2026-09-16,education,25
2026-09-16,justice,20
2026-09-16,birth-family-relationships,18
2026-09-16,government-in-ireland,9
2026-09-16,environment,9
2026-09-16,death,7
2026-09-16,about,2
2026-09-17,social-welfare,298
2026-09-17,housing,98
2026-09-17,employment,77
2026-09-17,money-and-tax,70
2026-09-17,travel-and-recreation,66
2026-09-17,health,58
2026-09-17,moving-country,46
2026-09-17,education,30
2026-09-17,consumer,29
2026-09-17,returning-to-ireland,28
2026-09-17,government-in-ireland,21
2026-09-17,birth-family-relationships,13
2026-09-17,environment,13
2026-09-17,justice,12
2026-09-17,death,7
2026-09-17,about,3
2026-09-18,social-welfare,197
2026-09-18,employment,81
2026-09-18,housing,59
2026-09-18,health,52
2026-09-18,travel-and-recreation,40
2026-09-18,birth-family-relationships,39
2026-09-18,money-and-tax,35
2026-09-18,moving-country,29
2026-09-18,education,26
2026-09-18,returning-to-ireland,25
2026-09-18,consumer,23
2026-09-18,government-in-ireland,16
2026-09-18,justice,14
2026-09-18,death,10
2026-09-18,about,8
2026-09-19,social-welfare,157
2026-09-19,moving-country,45
2026-09-19,housing,41
2026-09-19,travel-and-recreation,23
2026-09-19,employment,20
2026-09-19,money-and-tax,20
2026-09-19,health,17
2026-09-19,returning-to-ireland,12
2026-09-19,birth-family-relationships,12
2026-09-19,death,9
2026-09-19,government-in-ireland,7
2026-09-19,education,5
2026-09-19,about,3
2026-09-19,justice,3
2026-09-19,environment,3
2026-09-19,consumer,2
2026-09-20,social-welfare,149
2026-09-20,housing,44
2026-09-20,health,41
2026-09-20,moving-country,32
2026-09-20,employment,26
2026-09-20,money-and-tax,23
2026-09-20,returning-to-ireland,21
2026-09-20,travel-and-recreation,18
2026-09-20,birth-family-relationships,16
2026-09-20,education,9
2026-09-20,consumer,9
2026-09-20,government-in-ireland,7
2026-09-20,justice,4
2026-09-20,about,2
2026-09-20,death,2
2026-09-20,environment,1
2026-09-21,social-welfare,394
2026-09-21,employment,108
2026-09-21,housing,87
2026-09-21,travel-and-recreation,56
2026-09-21,money-and-tax,49
2026-09-21,moving-country,45
2026-09-21,health,44
2026-09-21,education,29
2026-09-21,birth-family-relationships,25
2026-09-21,justice,23
2026-09-21,returning-to-ireland,18
2026-09-21,consumer,15
2026-09-21,about,10
2026-09-21,government-in-ireland,9
2026-09-21,environment,6
2026-09-21,death,5
2026-09-22,social-welfare,327
2026-09-22,housing,74
2026-09-22,employment,66
2026-09-22,money-and-tax,53
2026-09-22,birth-family-relationships,51
2026-09-22,travel-and-recreation,50
2026-09-22,moving-country,46
2026-09-22,returning-to-ireland,35
2026-09-22,health,35
2026-09-22,justice,29
2026-09-22,death,16
2026-09-22,consumer,14
2026-09-22,education,14
2026-09-22,environment,9
2026-09-22,government-in-ireland,6
2026-09-22,about,2
2026-09-22,my-situation,1
2026-09-23,social-welfare,287
2026-09-23,housing,80
2026-09-23,employment,74
2026-09-23,money-and-tax,51
2026-09-23,health,47
2026-09-23,travel-and-recreation,42
2026-09-23,moving-country,37
2026-09-23,birth-family-relationships,31
2026-09-23,returning-to-ireland,24
2026-09-23,education,23
2026-09-23,justice,20
2026-09-23,consumer,14
2026-09-23,death,10
2026-09-23,government-in-ireland,8
2026-09-23,about,8
2026-09-23,environment,5
2026-09-24,social-welfare,314
2026-09-24,housing,66
2026-09-24,employment,58
2026-09-24,travel-and-recreation,56
2026-09-24,money-and-tax,48
2026-09-24,health,44
2026-09-24,returning-to-ireland,36
2026-09-24,birth-family-relationships,34
2026-09-24,moving-country,32
2026-09-24,education,25
2026-09-24,government-in-ireland,17
2026-09-24,consumer,17
2026-09-24,justice,15
2026-09-24,about,11
2026-09-24,death,5
2026-09-24,environment,5
2026-09-24,all-categories,1
2026-09-25,social-welfare,198
2026-09-25,employment,63
2026-09-25,housing,53
2026-09-25,travel-and-recreation,39
2026-09-25,moving-country,34
2026-09-25,health,33
2026-09-25,money-and-tax,29
2026-09-25,returning-to-ireland,27
2026-09-25,birth-family-relationships,20
2026-09-25,justice,19
2026-09-25,consumer,10
2026-09-25,education,8
2026-09-25,death,7
2026-09-25,government-in-ireland,5
2026-09-25,environment,3
2026-09-25,about,1
2026-09-26,social-welfare,119
2026-09-26,housing,55
2026-09-26,moving-country,26
2026-09-26,health,23
2026-09-26,money-and-tax,22
2026-09-26,birth-family-relationships,22
2026-09-26,employment,19
2026-09-26,travel-and-recreation,14
2026-09-26,education,13
2026-09-26,returning-to-ireland,13
2026-09-26,death,11
2026-09-26,justice,10
2026-09-26,consumer,10
2026-09-26,government-in-ireland,7
2026-09-26,about,4
2026-09-26,environment,2
2026-09-27,social-welfare,105
2026-09-27,housing,63
2026-09-27,travel-and-recreation,35
2026-09-27,employment,33
2026-09-27,money-and-tax,28
2026-09-27,moving-country,22
2026-09-27,health,16
2026-09-27,birth-family-relationships,14
2026-09-27,justice,13
2026-09-27,returning-to-ireland,12
2026-09-27,government-in-ireland,11
2026-09-27,education,7
2026-09-27,consumer,6
2026-09-27,death,6
2026-09-27,about,1
2026-09-28,social-welfare,455
2026-09-28,employment,89
2026-09-28,health,78
2026-09-28,housing,78
2026-09-28,moving-country,70
2026-09-28,money-and-tax,60
2026-09-28,travel-and-recreation,51
2026-09-28,returning-to-ireland,32
2026-09-28,consumer,29
2026-09-28,education,29
2026-09-28,justice,29
2026-09-28,birth-family-relationships,28
2026-09-28,death,22
2026-09-28,government-in-ireland,22
2026-09-28,environment,7
2026-09-28,about,5
2026-09-29,social-welfare,310
2026-09-29,employment,106
2026-09-29,housing,82
2026-09-29,money-and-tax,58
2026-09-29,moving-country,48
2026-09-29,health,48
2026-09-29,travel-and-recreation,33
2026-09-29,returning-to-ireland,20
2026-09-29,birth-family-relationships,19
2026-09-29,consumer,17
2026-09-29,death,15
2026-09-29,education,13
2026-09-29,justice,7
2026-09-29,about,6
2026-09-29,government-in-ireland,4
2026-09-29,environment,3
2026-09-30,social-welfare,283
2026-09-30,housing,94
2026-09-30,employment,93
2026-09-30,money-and-tax,55
2026-09-30,health,52
2026-09-30,moving-country,40
2026-09-30,returning-to-ireland,38
2026-09-30,travel-and-recreation,36
2026-09-30,birth-family-relationships,33
2026-09-30,justice,32
2026-09-30,education,21
2026-09-30,government-in-ireland,16
2026-09-30,consumer,16
2026-09-30,about,9
2026-09-30,death,6
2026-09-30,environment,4
2026-10-01,social-welfare,272
2026-10-01,housing,96
2026-10-01,employment,52
2026-10-01,travel-and-recreation,49
2026-10-01,money-and-tax,49
2026-10-01,moving-country,41
2026-10-01,health,35
2026-10-01,consumer,24
2026-10-01,birth-family-relationships,23
2026-10-01,death,23
2026-10-01,education,22
2026-10-01,justice,14
2026-10-01,returning-to-ireland,12
2026-10-01,government-in-ireland,11
2026-10-01,environment,8
2026-10-01,about,8
2026-10-02,social-welfare,241
2026-10-02,housing,90
2026-10-02,employment,89
2026-10-02,moving-country,53
2026-10-02,money-and-tax,49
2026-10-02,health,41
2026-10-02,travel-and-recreation,37
2026-10-02,education,27
2026-10-02,consumer,26
2026-10-02,returning-to-ireland,18
2026-10-02,birth-family-relationships,16
2026-10-02,justice,14
2026-10-02,government-in-ireland,13
2026-10-02,death,12
2026-10-02,environment,9
2026-10-02,about,5
2026-10-03,social-welfare,172
2026-10-03,housing,38
2026-10-03,money-and-tax,37
2026-10-03,moving-country,23
2026-10-03,travel-and-recreation,15
2026-10-03,employment,15
2026-10-03,birth-family-relationships,14
2026-10-03,health,10
2026-10-03,returning-to-ireland,10
2026-10-03,justice,7
2026-10-03,consumer,7
2026-10-03,about,7
2026-10-03,government-in-ireland,4
2026-10-03,death,3
2026-10-03,education,3
2026-10-04,social-welfare,154
2026-10-04,housing,51
2026-10-04,moving-country,34
2026-10-04,employment,33
2026-10-04,travel-and-recreation,33
2026-10-04,money-and-tax,23
2026-10-04,health,18
2026-10-04,birth-family-relationships,14
2026-10-04,returning-to-ireland,14
2026-10-04,consumer,9
2026-10-04,education,8
2026-10-04,government-in-ireland,7
2026-10-04,justice,6
2026-10-04,death,4
2026-10-04,environment,3
2026-10-04,about,1
2026-10-05,social-welfare,257
2026-10-05,employment,75
2026-10-05,housing,71
2026-10-05,travel-and-recreation,50
2026-10-05,money-and-tax,49
2026-10-05,health,47
2026-10-05,moving-country,43
2026-10-05,birth-family-relationships,42
2026-10-05,returning-to-ireland,36
2026-10-05,education,23
2026-10-05,justice,15
2026-10-05,environment,10
2026-10-05,death,9
2026-10-05,consumer,9
2026-10-05,government-in-ireland,5
2026-10-05,about,4
2026-10-06,social-welfare,740
2026-10-06,money-and-tax,478
2026-10-06,housing,162
2026-10-06,employment,144
2026-10-06,health,75
2026-10-06,moving-country,73
2026-10-06,birth-family-relationships,72
2026-10-06,travel-and-recreation,67
2026-10-06,education,65
2026-10-06,returning-to-ireland,44
2026-10-06,consumer,42
2026-10-06,justice,37
2026-10-06,government-in-ireland,16
2026-10-06,death,13
2026-10-06,environment,13
2026-10-06,about,8
2026-10-07,social-welfare,745
2026-10-07,money-and-tax,480
2026-10-07,housing,157
2026-10-07,employment,101
2026-10-07,education,77
2026-10-07,health,66
2026-10-07,travel-and-recreation,58
2026-10-07,moving-country,47
2026-10-07,returning-to-ireland,38
2026-10-07,birth-family-relationships,27
2026-10-07,government-in-ireland,19
2026-10-07,death,17
2026-10-07,consumer,10
2026-10-07,justice,10
2026-10-07,about,9
2026-10-07,environment,6
2026-10-07,my-situation,1
