Date,Category,Turns,Cited,NotFound,Clarification,Error,OutOfScope,Greeting,Uncited,Scored,OrganicFirstTurns,DislikesOnCited,OrganicCited,OrganicNotFound,OrganicClarification,OrganicError,OrganicOutOfScope,OrganicGreeting,OrganicUncited
2026-01-01,about,2,1,0,0,0,0,0,1,2,1,0,0,0,0,0,0,0,1
2026-01-01,birth-family-relationships,2,2,0,0,0,0,0,0,2,1,0,1,0,0,0,0,0,0
2026-01-01,death,1,1,0,0,0,0,0,0,1,1,0,1,0,0,0,0,0,0
2026-01-01,employment,3,3,0,0,0,0,0,0,3,2,0,2,0,0,0,0,0,0
2026-01-01,environment,1,1,0,0,0,0,0,0,1,1,0,1,0,0,0,0,0,0
2026-01-01,housing,4,4,0,0,0,0,0,0,4,3,0,3,0,0,0,0,0,0
2026-01-01,justice,1,1,0,0,0,0,0,0,1,1,0,1,0,0,0,0,0,0
2026-01-01,money-and-tax,7,6,0,0,0,1,0,0,6,1,0,1,0,0,0,0,0,0
2026-01-01,moving-country,1,1,0,0,0,0,0,0,1,1,0,1,0,0,0,0,0,0
2026-01-01,social-welfare,10,10,0,0,0,0,0,0,10,2,0,2,0,0,0,0,0,0
2026-01-02,about,2,2,0,0,0,0,0,0,2,0,0,0,0,0,0,0,0,0
2026-01-02,birth-family-relationships,3,3,0,0,0,0,0,0,3,2,0,2,0,0,0,0,0,0
2026-01-02,consumer,2,2,0,0,0,0,0,0,2,1,0,1,0,0,0,0,0,0
2026-01-02,death,1,1,0,0,0,0,0,0,1,0,0,0,0,0,0,0,0,0
2026-01-02,education,2,2,0,0,0,0,0,0,2,2,0,2,0,0,0,0,0,0
2026-01-02,employment,15,15,0,0,0,0,0,0,15,7,0,7,0,0,0,0,0,0
2026-01-02,health,9,9,0,0,0,0,0,0,9,3,0,3,0,0,0,0,0,0
2026-01-02,housing,12,12,0,0,0,0,0,0,12,3,0,3,0,0,0,0,0,0
2026-01-02,justice,2,2,0,0,0,0,0,0,2,1,0,1,0,0,0,0,0,0
2026-01-02,money-and-tax,23,23,0,0,0,0,0,0,23,7,0,7,0,0,0,0,0,0
2026-01-02,moving-country,3,3,0,0,0,0,0,0,3,1,0,1,0,0,0,0,0,0
2026-01-02,social-welfare,47,46,0,0,0,1,0,0,46,16,0,16,0,0,0,0,0,0
2026-01-02,travel-and-recreation,4,4,0,0,0,0,0,0,4,2,0,2,0,0,0,0,0,0
2026-01-02,unknown,3,0,2,0,0,0,0,1,3,3,0,0,2,0,0,0,0,1
2026-01-03,consumer,1,1,0,0,0,0,0,0,1,1,0,1,0,0,0,0,0,0
2026-01-03,death,1,1,0,0,0,0,0,0,1,0,0,0,0,0,0,0,0,0
2026-01-03,health,3,3,0,0,0,0,0,0,3,2,1,2,0,0,0,0,0,0
2026-01-03,housing,1,1,0,0,0,0,0,0,1,1,0,1,0,0,0,0,0,0
2026-01-03,justice,4,4,0,0,0,0,0,0,4,1,0,1,0,0,0,0,0,0
2026-01-03,money-and-tax,2,2,0,0,0,0,0,0,2,1,0,1,0,0,0,0,0,0
2026-01-03,social-welfare,1,1,0,0,0,0,0,0,1,1,0,1,0,0,0,0,0,0
2026-01-03,unknown,1,0,1,0,0,0,0,0,1,1,0,0,1,0,0,0,0,0
2026-01-04,education,1,1,0,0,0,0,0,0,1,1,0,1,0,0,0,0,0,0
2026-01-04,employment,2,2,0,0,0,0,0,0,2,1,0,1,0,0,0,0,0,0
2026-01-04,government-in-ireland,2,2,0,0,0,0,0,0,2,2,0,2,0,0,0,0,0,0
2026-01-04,housing,5,5,0,0,0,0,0,0,5,3,0,3,0,0,0,0,0,0
2026-01-04,justice,2,2,0,0,0,0,0,0,2,1,0,1,0,0,0,0,0,0
2026-01-04,money-and-tax,1,1,0,0,0,0,0,0,1,1,0,1,0,0,0,0,0,0
2026-01-04,social-welfare,10,10,0,0,0,0,0,0,10,6,0,6,0,0,0,0,0,0
2026-01-04,unknown,1,0,0,0,1,0,0,0,0,0,0,0,0,0,0,0,0,0
2026-01-05,about,8,8,0,0,0,0,0,0,8,3,0,3,0,0,0,0,0,0
2026-01-05,birth-family-relationships,4,4,0,0,0,0,0,0,4,2,0,2,0,0,0,0,0,0
2026-01-05,consumer,5,5,0,0,0,0,0,0,5,3,1,3,0,0,0,0,0,0
2026-01-05,education,3,3,0,0,0,0,0,0,3,2,0,2,0,0,0,0,0,0
2026-01-05,employment,14,14,0,0,0,0,0,0,14,6,0,6,0,0,0,0,0,0
2026-01-05,environment,1,1,0,0,0,0,0,0,1,0,0,0,0,0,0,0,0,0
2026-01-05,government-in-ireland,7,7,0,0,0,0,0,0,7,3,0,3,0,0,0,0,0,0
2026-01-05,health,12,12,0,0,0,0,0,0,12,8,0,8,0,0,0,0,0,0
2026-01-05,housing,18,18,0,0,0,0,0,0,18,13,0,13,0,0,0,0,0,0
2026-01-05,justice,5,5,0,0,0,0,0,0,5,4,0,4,0,0,0,0,0,0
2026-01-05,money-and-tax,27,27,0,0,0,0,0,0,27,8,0,8,0,0,0,0,0,0
2026-01-05,moving-country,28,28,0,0,0,0,0,0,28,13,0,13,0,0,0,0,0,0
2026-01-05,returning-to-ireland,6,6,0,0,0,0,0,0,6,5,0,5,0,0,0,0,0,0
2026-01-05,social-welfare,93,91,0,0,0,1,1,0,91,47,0,47,0,0,0,0,0,0
2026-01-05,travel-and-recreation,7,6,0,0,0,1,0,0,6,2,0,2,0,0,0,0,0,0
2026-01-05,unknown,2,0,0,0,1,1,0,0,0,1,0,0,0,0,0,1,0,0
2026-01-06,about,3,3,0,0,0,0,0,0,3,0,0,0,0,0,0,0,0,0
2026-01-06,birth-family-relationships,6,6,0,0,0,0,0,0,6,4,0,4,0,0,0,0,0,0
2026-01-06,consumer,1,1,0,0,0,0,0,0,1,1,0,1,0,0,0,0,0,0
2026-01-06,death,3,3,0,0,0,0,0,0,3,2,0,2,0,0,0,0,0,0
2026-01-06,education,5,5,0,0,0,0,0,0,5,1,0,1,0,0,0,0,0,0
2026-01-06,employment,33,33,0,0,0,0,0,0,33,12,0,12,0,0,0,0,0,0
2026-01-06,government-in-ireland,1,1,0,0,0,0,0,0,1,1,0,1,0,0,0,0,0,0
2026-01-06,health,5,5,0,0,0,0,0,0,5,4,0,4,0,0,0,0,0,0
2026-01-06,housing,13,12,1,0,0,0,0,0,13,10,0,9,1,0,0,0,0,0
2026-01-06,money-and-tax,14,14,0,0,0,0,0,0,14,6,0,6,0,0,0,0,0,0
2026-01-06,moving-country,20,20,0,0,0,0,0,0,20,7,0,7,0,0,0,0,0,0
2026-01-06,returning-to-ireland,5,5,0,0,0,0,0,0,5,1,0,1,0,0,0,0,0,0
2026-01-06,social-welfare,64,59,1,0,0,3,0,1,61,24,0,24,0,0,0,0,0,0
2026-01-06,travel-and-recreation,4,4,0,0,0,0,0,0,4,2,0,2,0,0,0,0,0,0
2026-01-06,unknown,3,0,1,0,1,1,0,0,1,3,0,0,1,0,1,1,0,0
2026-01-07,about,2,2,0,0,0,0,0,0,2,0,0,0,0,0,0,0,0,0
2026-01-07,birth-family-relationships,4,4,0,0,0,0,0,0,4,2,0,2,0,0,0,0,0,0
2026-01-07,consumer,6,6,0,0,0,0,0,0,6,2,0,2,0,0,0,0,0,0
2026-01-07,death,9,9,0,0,0,0,0,0,9,3,0,3,0,0,0,0,0,0
2026-01-07,education,1,1,0,0,0,0,0,0,1,1,0,1,0,0,0,0,0,0
2026-01-07,employment,30,30,0,0,0,0,0,0,30,14,1,14,0,0,0,0,0,0
2026-01-07,government-in-ireland,2,2,0,0,0,0,0,0,2,2,0,2,0,0,0,0,0,0
2026-01-07,health,9,9,0,0,0,0,0,0,9,6,0,6,0,0,0,0,0,0
2026-01-07,housing,16,15,1,0,0,0,0,0,16,7,0,7,0,0,0,0,0,0
2026-01-07,justice,5,5,0,0,0,0,0,0,5,1,0,1,0,0,0,0,0,0
2026-01-07,money-and-tax,30,29,1,0,0,0,0,0,30,7,0,7,0,0,0,0,0,0
2026-01-07,moving-country,33,33,0,0,0,0,0,0,33,13,0,13,0,0,0,0,0,0
2026-01-07,returning-to-ireland,6,6,0,0,0,0,0,0,6,4,0,4,0,0,0,0,0,0
2026-01-07,social-welfare,104,98,0,0,0,5,1,0,98,47,0,47,0,0,0,0,0,0
2026-01-07,travel-and-recreation,3,2,0,0,1,0,0,0,2,2,0,2,0,0,0,0,0,0
2026-01-07,unknown,8,0,2,0,2,4,0,0,2,7,0,0,2,0,1,4,0,0
2026-01-08,birth-family-relationships,8,8,0,0,0,0,0,0,8,3,0,3,0,0,0,0,0,0
2026-01-08,consumer,5,5,0,0,0,0,0,0,5,1,0,1,0,0,0,0,0,0
2026-01-08,death,3,3,0,0,0,0,0,0,3,2,0,2,0,0,0,0,0,0
2026-01-08,education,13,13,0,0,0,0,0,0,13,3,0,3,0,0,0,0,0,0
2026-01-08,employment,18,18,0,0,0,0,0,0,18,6,0,6,0,0,0,0,0,0
2026-01-08,environment,3,3,0,0,0,0,0,0,3,2,0,2,0,0,0,0,0,0
2026-01-08,government-in-ireland,6,4,0,0,0,2,0,0,4,0,0,0,0,0,0,0,0,0
2026-01-08,health,2,2,0,0,0,0,0,0,2,1,0,1,0,0,0,0,0,0
2026-01-08,housing,18,18,0,0,0,0,0,0,18,9,0,9,0,0,0,0,0,0
2026-01-08,justice,2,2,0,0,0,0,0,0,2,1,0,1,0,0,0,0,0,0
2026-01-08,money-and-tax,31,31,0,0,0,0,0,0,31,8,0,8,0,0,0,0,0,0
2026-01-08,moving-country,11,11,0,0,0,0,0,0,11,6,0,6,0,0,0,0,0,0
2026-01-08,returning-to-ireland,3,3,0,0,0,0,0,0,3,2,0,2,0,0,0,0,0,0
2026-01-08,social-welfare,94,93,0,0,0,1,0,0,93,42,0,42,0,0,0,0,0,0
2026-01-08,travel-and-recreation,4,4,0,0,0,0,0,0,4,3,0,3,0,0,0,0,0,0
2026-01-08,unknown,4,0,0,0,0,3,1,0,0,4,0,0,0,0,0,3,1,0
2026-01-09,birth-family-relationships,5,5,0,0,0,0,0,0,5,2,0,2,0,0,0,0,0,0
2026-01-09,consumer,2,2,0,0,0,0,0,0,2,2,0,2,0,0,0,0,0,0
2026-01-09,death,2,2,0,0,0,0,0,0,2,2,0,2,0,0,0,0,0,0
2026-01-09,education,6,6,0,0,0,0,0,0,6,4,0,4,0,0,0,0,0,0
2026-01-09,employment,35,35,0,0,0,0,0,0,35,15,0,15,0,0,0,0,0,0
2026-01-09,government-in-ireland,1,1,0,0,0,0,0,0,1,1,0,1,0,0,0,0,0,0
2026-01-09,health,6,6,0,0,0,0,0,0,6,2,0,2,0,0,0,0,0,0
2026-01-09,housing,16,16,0,0,0,0,0,0,16,8,0,8,0,0,0,0,0,0
2026-01-09,justice,7,7,0,0,0,0,0,0,7,1,0,1,0,0,0,0,0,0
2026-01-09,money-and-tax,24,24,0,0,0,0,0,0,24,8,1,8,0,0,0,0,0,0
2026-01-09,moving-country,17,13,4,0,0,0,0,0,17,10,0,9,1,0,0,0,0,0
2026-01-09,returning-to-ireland,1,1,0,0,0,0,0,0,1,0,0,0,0,0,0,0,0,0
2026-01-09,social-welfare,71,69,1,0,0,0,0,1,71,40,0,39,1,0,0,0,0,0
2026-01-09,travel-and-recreation,3,3,0,0,0,0,0,0,3,1,0,1,0,0,0,0,0,0
2026-01-09,unknown,6,0,0,1,1,4,0,0,1,6,0,0,0,1,1,4,0,0
2026-01-10,employment,9,8,1,0,0,0,0,0,9,5,0,5,0,0,0,0,0,0
2026-01-10,health,1,1,0,0,0,0,0,0,1,1,0,1,0,0,0,0,0,0
2026-01-10,housing,1,1,0,0,0,0,0,0,1,0,0,0,0,0,0,0,0,0
2026-01-10,justice,1,1,0,0,0,0,0,0,1,0,0,0,0,0,0,0,0,0
2026-01-10,money-and-tax,4,4,0,0,0,0,0,0,4,3,0,3,0,0,0,0,0,0
2026-01-10,social-welfare,13,13,0,0,0,0,0,0,13,5,0,5,0,0,0,0,0,0
2026-01-10,travel-and-recreation,4,4,0,0,0,0,0,0,4,1,0,1,0,0,0,0,0,0
2026-01-10,unknown,2,0,0,0,1,1,0,0,0,2,0,0,0,0,1,1,0,0
2026-01-11,about,1,1,0,0,0,0,0,0,1,1,0,1,0,0,0,0,0,0
2026-01-11,birth-family-relationships,2,2,0,0,0,0,0,0,2,2,0,2,0,0,0,0,0,0
2026-01-11,employment,22,20,2,0,0,0,0,0,22,4,0,4,0,0,0,0,0,0
2026-01-11,government-in-ireland,2,2,0,0,0,0,0,0,2,1,0,1,0,0,0,0,0,0
2026-01-11,health,2,2,0,0,0,0,0,0,2,1,0,1,0,0,0,0,0,0
2026-01-11,housing,1,1,0,0,0,0,0,0,1,1,0,1,0,0,0,0,0,0
2026-01-11,justice,4,4,0,0,0,0,0,0,4,0,0,0,0,0,0,0,0,0
2026-01-11,money-and-tax,7,7,0,0,0,0,0,0,7,3,0,3,0,0,0,0,0,0
2026-01-11,moving-country,1,1,0,0,0,0,0,0,1,1,0,1,0,0,0,0,0,0
2026-01-11,returning-to-ireland,1,1,0,0,0,0,0,0,1,0,0,0,0,0,0,0,0,0
2026-01-11,social-welfare,13,13,0,0,0,0,0,0,13,5,0,5,0,0,0,0,0,0
2026-01-11,travel-and-recreation,2,2,0,0,0,0,0,0,2,1,0,1,0,0,0,0,0,0
2026-01-12,about,2,2,0,0,0,0,0,0,2,1,0,1,0,0,0,0,0,0
2026-01-12,birth-family-relationships,1,1,0,0,0,0,0,0,1,1,0,1,0,0,0,0,0,0
2026-01-12,consumer,1,1,0,0,0,0,0,0,1,1,0,1,0,0,0,0,0,0
2026-01-12,education,1,1,0,0,0,0,0,0,1,1,0,1,0,0,0,0,0,0
2026-01-12,employment,35,34,0,1,0,0,0,0,35,9,0,9,0,0,0,0,0,0
2026-01-12,environment,1,1,0,0,0,0,0,0,1,1,0,1,0,0,0,0,0,0
2026-01-12,health,8,8,0,0,0,0,0,0,8,4,0,4,0,0,0,0,0,0
2026-01-12,housing,7,6,1,0,0,0,0,0,7,4,0,3,1,0,0,0,0,0
2026-01-12,justice,4,4,0,0,0,0,0,0,4,2,0,2,0,0,0,0,0,0
2026-01-12,money-and-tax,56,54,1,1,0,0,0,0,56,16,0,16,0,0,0,0,0,0
2026-01-12,moving-country,15,14,1,0,0,0,0,0,15,10,0,10,0,0,0,0,0,0
2026-01-12,returning-to-ireland,3,2,1,0,0,0,0,0,3,2,0,2,0,0,0,0,0,0
2026-01-12,social-welfare,91,87,1,0,0,2,1,0,88,43,0,43,0,0,0,0,0,0
2026-01-12,travel-and-recreation,13,13,0,0,0,0,0,0,13,9,0,9,0,0,0,0,0,0
2026-01-12,unknown,14,0,3,3,0,5,1,2,8,11,0,0,3,1,0,5,1,1
2026-01-13,about,1,1,0,0,0,0,0,0,1,0,0,0,0,0,0,0,0,0
2026-01-13,birth-family-relationships,8,8,0,0,0,0,0,0,8,3,0,3,0,0,0,0,0,0
2026-01-13,consumer,4,4,0,0,0,0,0,0,4,3,0,3,0,0,0,0,0,0
2026-01-13,death,1,1,0,0,0,0,0,0,1,1,0,1,0,0,0,0,0,0
2026-01-13,education,6,6,0,0,0,0,0,0,6,3,0,3,0,0,0,0,0,0
2026-01-13,employment,28,25,2,1,0,0,0,0,28,12,0,11,0,1,0,0,0,0
2026-01-13,environment,3,3,0,0,0,0,0,0,3,2,0,2,0,0,0,0,0,0
2026-01-13,government-in-ireland,1,1,0,0,0,0,0,0,1,1,0,1,0,0,0,0,0,0
2026-01-13,health,11,11,0,0,0,0,0,0,11,6,0,6,0,0,0,0,0,0
2026-01-13,housing,22,21,0,0,1,0,0,0,21,10,0,10,0,0,0,0,0,0
2026-01-13,justice,4,4,0,0,0,0,0,0,4,2,0,2,0,0,0,0,0,0
2026-01-13,money-and-tax,39,36,1,0,0,1,1,0,37,14,1,14,0,0,0,0,0,0
2026-01-13,moving-country,13,13,0,0,0,0,0,0,13,9,0,9,0,0,0,0,0,0
2026-01-13,returning-to-ireland,8,8,0,0,0,0,0,0,8,4,0,4,0,0,0,0,0,0
2026-01-13,social-welfare,119,117,0,0,1,1,0,0,117,52,0,52,0,0,0,0,0,0
2026-01-13,travel-and-recreation,16,14,1,0,0,0,0,1,16,6,0,6,0,0,0,0,0,0
2026-01-13,unknown,10,1,3,1,0,5,0,0,5,9,0,0,3,1,0,5,0,0
2026-01-14,about,1,1,0,0,0,0,0,0,1,0,0,0,0,0,0,0,0,0
2026-01-14,birth-family-relationships,4,4,0,0,0,0,0,0,4,2,0,2,0,0,0,0,0,0
2026-01-14,death,1,1,0,0,0,0,0,0,1,1,0,1,0,0,0,0,0,0
2026-01-14,education,9,9,0,0,0,0,0,0,9,3,0,3,0,0,0,0,0,0
2026-01-14,employment,16,15,1,0,0,0,0,0,16,7,0,6,1,0,0,0,0,0
2026-01-14,health,12,10,2,0,0,0,0,0,12,7,0,6,1,0,0,0,0,0
2026-01-14,housing,35,34,1,0,0,0,0,0,35,16,0,16,0,0,0,0,0,0
2026-01-14,justice,6,6,0,0,0,0,0,0,6,3,0,3,0,0,0,0,0,0
2026-01-14,money-and-tax,46,45,0,0,0,1,0,0,45,9,0,9,0,0,0,0,0,0
2026-01-14,moving-country,22,22,0,0,0,0,0,0,22,10,0,10,0,0,0,0,0,0
2026-01-14,returning-to-ireland,10,10,0,0,0,0,0,0,10,4,0,4,0,0,0,0,0,0
2026-01-14,social-welfare,99,97,2,0,0,0,0,0,99,42,0,41,1,0,0,0,0,0
2026-01-14,travel-and-recreation,21,20,0,1,0,0,0,0,21,11,0,11,0,0,0,0,0,0
2026-01-14,unknown,8,0,3,0,0,5,0,0,3,8,0,0,3,0,0,5,0,0
2026-01-15,about,1,1,0,0,0,0,0,0,1,1,0,1,0,0,0,0,0,0
2026-01-15,birth-family-relationships,8,8,0,0,0,0,0,0,8,3,0,3,0,0,0,0,0,0
2026-01-15,consumer,1,1,0,0,0,0,0,0,1,1,0,1,0,0,0,0,0,0
2026-01-15,death,2,2,0,0,0,0,0,0,2,2,0,2,0,0,0,0,0,0
2026-01-15,education,2,2,0,0,0,0,0,0,2,1,0,1,0,0,0,0,0,0
2026-01-15,employment,26,25,1,0,0,0,0,0,26,17,0,17,0,0,0,0,0,0
2026-01-15,government-in-ireland,1,1,0,0,0,0,0,0,1,0,0,0,0,0,0,0,0,0
2026-01-15,health,12,12,0,0,0,0,0,0,12,10,0,10,0,0,0,0,0,0
2026-01-15,housing,25,24,0,0,0,0,1,0,24,16,0,16,0,0,0,0,0,0
2026-01-15,justice,3,3,0,0,0,0,0,0,3,2,0,2,0,0,0,0,0,0
2026-01-15,money-and-tax,33,31,1,0,0,0,1,0,32,12,0,12,0,0,0,0,0,0
2026-01-15,moving-country,27,27,0,0,0,0,0,0,27,15,0,15,0,0,0,0,0,0
2026-01-15,returning-to-ireland,3,3,0,0,0,0,0,0,3,1,0,1,0,0,0,0,0,0
2026-01-15,social-welfare,110,106,3,1,0,0,0,0,110,55,0,53,2,0,0,0,0,0
2026-01-15,travel-and-recreation,25,18,3,0,0,4,0,0,21,8,0,8,0,0,0,0,0,0
2026-01-15,unknown,21,0,9,1,4,7,0,0,10,20,0,0,8,1,4,7,0,0
2026-01-16,about,2,2,0,0,0,0,0,0,2,2,0,2,0,0,0,0,0,0
2026-01-16,birth-family-relationships,22,21,0,0,0,0,0,1,22,17,0,16,0,0,0,0,0,1
2026-01-16,consumer,3,3,0,0,0,0,0,0,3,2,0,2,0,0,0,0,0,0
2026-01-16,death,4,4,0,0,0,0,0,0,4,2,0,2,0,0,0,0,0,0
2026-01-16,education,15,15,0,0,0,0,0,0,15,4,0,4,0,0,0,0,0,0
2026-01-16,employment,35,32,2,0,0,0,0,1,35,20,0,19,0,0,0,0,0,1
2026-01-16,environment,1,1,0,0,0,0,0,0,1,0,0,0,0,0,0,0,0,0
2026-01-16,government-in-ireland,4,4,0,0,0,0,0,0,4,2,0,2,0,0,0,0,0,0
2026-01-16,health,14,13,1,0,0,0,0,0,14,9,0,8,1,0,0,0,0,0
2026-01-16,housing,26,24,2,0,0,0,0,0,26,11,0,10,1,0,0,0,0,0
2026-01-16,justice,12,10,2,0,0,0,0,0,12,2,0,2,0,0,0,0,0,0
2026-01-16,money-and-tax,29,29,0,0,0,0,0,0,29,12,0,12,0,0,0,0,0,0
2026-01-16,moving-country,32,32,0,0,0,0,0,0,32,13,0,13,0,0,0,0,0,0
2026-01-16,returning-to-ireland,20,18,1,0,1,0,0,0,19,7,0,7,0,0,0,0,0,0
2026-01-16,social-welfare,180,175,4,0,0,0,0,1,180,98,0,98,0,0,0,0,0,0
2026-01-16,travel-and-recreation,27,27,0,0,0,0,0,0,27,19,0,19,0,0,0,0,0,0
2026-01-16,unknown,18,1,6,1,3,5,1,1,9,17,0,1,6,1,2,5,1,1
2026-01-17,birth-family-relationships,2,2,0,0,0,0,0,0,2,1,0,1,0,0,0,0,0,0
2026-01-17,death,5,3,1,0,0,1,0,0,4,2,0,2,0,0,0,0,0,0
2026-01-17,housing,3,3,0,0,0,0,0,0,3,0,0,0,0,0,0,0,0,0
2026-01-17,money-and-tax,5,5,0,0,0,0,0,0,5,2,0,2,0,0,0,0,0,0
2026-01-17,moving-country,1,1,0,0,0,0,0,0,1,1,0,1,0,0,0,0,0,0
2026-01-17,social-welfare,7,7,0,0,0,0,0,0,7,7,1,7,0,0,0,0,0,0
2026-01-17,travel-and-recreation,1,1,0,0,0,0,0,0,1,1,0,1,0,0,0,0,0,0
2026-01-17,unknown,3,0,2,0,0,0,0,1,3,3,0,0,2,0,0,0,0,1
2026-01-18,about,2,0,0,0,0,2,0,0,0,0,0,0,0,0,0,0,0,0
2026-01-18,birth-family-relationships,1,1,0,0,0,0,0,0,1,1,0,1,0,0,0,0,0,0
2026-01-18,consumer,1,1,0,0,0,0,0,0,1,0,0,0,0,0,0,0,0,0
2026-01-18,employment,2,2,0,0,0,0,0,0,2,2,0,2,0,0,0,0,0,0
2026-01-18,health,1,1,0,0,0,0,0,0,1,0,0,0,0,0,0,0,0,0
2026-01-18,housing,1,1,0,0,0,0,0,0,1,1,0,1,0,0,0,0,0,0
2026-01-18,money-and-tax,8,8,0,0,0,0,0,0,8,4,0,4,0,0,0,0,0,0
2026-01-18,moving-country,12,12,0,0,0,0,0,0,12,3,0,3,0,0,0,0,0,0
2026-01-18,returning-to-ireland,2,2,0,0,0,0,0,0,2,0,0,0,0,0,0,0,0,0
2026-01-18,social-welfare,21,21,0,0,0,0,0,0,21,10,0,10,0,0,0,0,0,0
2026-01-18,travel-and-recreation,1,1,0,0,0,0,0,0,1,0,0,0,0,0,0,0,0,0
2026-01-18,unknown,7,0,5,0,0,2,0,0,5,7,0,0,5,0,0,2,0,0
2026-01-19,about,1,1,0,0,0,0,0,0,1,0,0,0,0,0,0,0,0,0
2026-01-19,birth-family-relationships,2,2,0,0,0,0,0,0,2,2,0,2,0,0,0,0,0,0
2026-01-19,consumer,4,4,0,0,0,0,0,0,4,1,0,1,0,0,0,0,0,0
2026-01-19,death,6,5,1,0,0,0,0,0,6,4,0,3,1,0,0,0,0,0
2026-01-19,education,6,6,0,0,0,0,0,0,6,5,0,5,0,0,0,0,0,0
2026-01-19,employment,42,40,1,1,0,0,0,0,42,18,0,18,0,0,0,0,0,0
2026-01-19,health,11,11,0,0,0,0,0,0,11,5,0,5,0,0,0,0,0,0
2026-01-19,housing,25,25,0,0,0,0,0,0,25,11,0,11,0,0,0,0,0,0
2026-01-19,justice,12,10,2,0,0,0,0,0,12,4,0,4,0,0,0,0,0,0
2026-01-19,money-and-tax,56,55,0,0,0,0,0,1,56,14,0,14,0,0,0,0,0,0
2026-01-19,moving-country,36,35,1,0,0,0,0,0,36,20,0,19,1,0,0,0,0,0
2026-01-19,returning-to-ireland,8,8,0,0,0,0,0,0,8,4,0,4,0,0,0,0,0,0
2026-01-19,social-welfare,106,103,0,0,0,0,1,2,105,58,0,58,0,0,0,0,0,0
2026-01-19,travel-and-recreation,4,4,0,0,0,0,0,0,4,3,0,3,0,0,0,0,0,0
2026-01-19,unknown,23,2,13,0,3,3,1,1,16,19,0,2,11,0,1,3,1,1
2026-01-20,about,1,1,0,0,0,0,0,0,1,0,0,0,0,0,0,0,0,0
2026-01-20,birth-family-relationships,15,15,0,0,0,0,0,0,15,8,0,8,0,0,0,0,0,0
2026-01-20,consumer,4,4,0,0,0,0,0,0,4,3,0,3,0,0,0,0,0,0
2026-01-20,death,10,8,1,0,0,1,0,0,9,5,0,5,0,0,0,0,0,0
2026-01-20,education,1,1,0,0,0,0,0,0,1,1,0,1,0,0,0,0,0,0
2026-01-20,employment,21,19,1,0,0,0,0,1,21,13,0,12,1,0,0,0,0,0
2026-01-20,environment,2,2,0,0,0,0,0,0,2,2,0,2,0,0,0,0,0,0
2026-01-20,health,12,12,0,0,0,0,0,0,12,9,0,9,0,0,0,0,0,0
2026-01-20,housing,10,10,0,0,0,0,0,0,10,5,0,5,0,0,0,0,0,0
2026-01-20,justice,8,8,0,0,0,0,0,0,8,3,0,3,0,0,0,0,0,0
2026-01-20,money-and-tax,43,40,3,0,0,0,0,0,43,20,0,19,1,0,0,0,0,0
2026-01-20,moving-country,38,38,0,0,0,0,0,0,38,17,0,17,0,0,0,0,0,0
2026-01-20,returning-to-ireland,3,3,0,0,0,0,0,0,3,2,0,2,0,0,0,0,0,0
2026-01-20,social-welfare,144,143,0,1,0,0,0,0,144,67,0,66,0,1,0,0,0,0
2026-01-20,travel-and-recreation,13,13,0,0,0,0,0,0,13,7,0,7,0,0,0,0,0,0
2026-01-20,unknown,10,0,5,0,2,2,1,0,5,7,0,0,4,0,0,2,1,0
2026-01-21,about,1,1,0,0,0,0,0,0,1,0,0,0,0,0,0,0,0,0
2026-01-21,birth-family-relationships,24,24,0,0,0,0,0,0,24,9,0,9,0,0,0,0,0,0
2026-01-21,consumer,2,2,0,0,0,0,0,0,2,2,0,2,0,0,0,0,0,0
2026-01-21,death,2,2,0,0,0,0,0,0,2,1,0,1,0,0,0,0,0,0
2026-01-21,employment,28,27,1,0,0,0,0,0,28,11,0,11,0,0,0,0,0,0
2026-01-21,environment,1,1,0,0,0,0,0,0,1,1,0,1,0,0,0,0,0,0
2026-01-21,government-in-ireland,3,3,0,0,0,0,0,0,3,0,0,0,0,0,0,0,0,0
2026-01-21,health,23,19,4,0,0,0,0,0,23,7,0,6,1,0,0,0,0,0
2026-01-21,housing,16,16,0,0,0,0,0,0,16,6,0,6,0,0,0,0,0,0
2026-01-21,justice,26,21,4,0,0,1,0,0,25,12,0,12,0,0,0,0,0,0
2026-01-21,money-and-tax,24,23,0,0,0,0,0,1,24,10,0,10,0,0,0,0,0,0
2026-01-21,moving-country,34,33,1,0,0,0,0,0,34,18,0,18,0,0,0,0,0,0
2026-01-21,returning-to-ireland,1,1,0,0,0,0,0,0,1,0,0,0,0,0,0,0,0,0
2026-01-21,social-welfare,127,121,1,0,1,4,0,0,122,65,0,65,0,0,0,0,0,0
2026-01-21,travel-and-recreation,15,14,1,0,0,0,0,0,15,9,0,8,1,0,0,0,0,0
2026-01-21,unknown,11,0,4,1,1,5,0,0,5,11,0,0,4,1,1,5,0,0
2026-01-22,about,5,5,0,0,0,0,0,0,5,2,0,2,0,0,0,0,0,0
2026-01-22,birth-family-relationships,3,3,0,0,0,0,0,0,3,3,0,3,0,0,0,0,0,0
2026-01-22,consumer,1,1,0,0,0,0,0,0,1,1,0,1,0,0,0,0,0,0
2026-01-22,death,3,3,0,0,0,0,0,0,3,2,0,2,0,0,0,0,0,0
2026-01-22,education,7,7,0,0,0,0,0,0,7,5,0,5,0,0,0,0,0,0
2026-01-22,employment,33,31,1,0,0,0,0,1,33,16,0,16,0,0,0,0,0,0
2026-01-22,environment,2,2,0,0,0,0,0,0,2,1,0,1,0,0,0,0,0,0
2026-01-22,government-in-ireland,4,2,2,0,0,0,0,0,4,1,0,0,1,0,0,0,0,0
2026-01-22,health,13,13,0,0,0,0,0,0,13,9,0,9,0,0,0,0,0,0
2026-01-22,housing,46,44,1,0,0,0,0,1,46,22,0,20,1,0,0,0,0,1
2026-01-22,justice,3,3,0,0,0,0,0,0,3,3,0,3,0,0,0,0,0,0
2026-01-22,money-and-tax,43,41,1,0,0,0,1,0,42,17,0,16,1,0,0,0,0,0
2026-01-22,moving-country,19,19,0,0,0,0,0,0,19,8,0,8,0,0,0,0,0,0
2026-01-22,returning-to-ireland,7,7,0,0,0,0,0,0,7,3,0,3,0,0,0,0,0,0
2026-01-22,social-welfare,135,133,2,0,0,0,0,0,135,58,0,58,0,0,0,0,0,0
2026-01-22,travel-and-recreation,12,12,0,0,0,0,0,0,12,8,0,8,0,0,0,0,0,0
2026-01-22,unknown,12,0,6,0,0,5,0,1,7,10,0,0,5,0,0,5,0,0
2026-01-23,birth-family-relationships,5,5,0,0,0,0,0,0,5,3,0,3,0,0,0,0,0,0
2026-01-23,consumer,3,3,0,0,0,0,0,0,3,2,0,2,0,0,0,0,0,0
2026-01-23,death,1,1,0,0,0,0,0,0,1,1,0,1,0,0,0,0,0,0
2026-01-23,education,7,7,0,0,0,0,0,0,7,2,0,2,0,0,0,0,0,0
2026-01-23,employment,15,14,1,0,0,0,0,0,15,10,0,10,0,0,0,0,0,0
2026-01-23,health,5,5,0,0,0,0,0,0,5,2,0,2,0,0,0,0,0,0
2026-01-23,housing,9,8,1,0,0,0,0,0,9,5,0,4,1,0,0,0,0,0
2026-01-23,justice,2,2,0,0,0,0,0,0,2,2,0,2,0,0,0,0,0,0
2026-01-23,money-and-tax,27,25,1,0,1,0,0,0,26,13,0,12,1,0,0,0,0,0
2026-01-23,moving-country,15,15,0,0,0,0,0,0,15,11,0,11,0,0,0,0,0,0
2026-01-23,returning-to-ireland,10,9,1,0,0,0,0,0,10,6,0,5,1,0,0,0,0,0
2026-01-23,social-welfare,66,65,1,0,0,0,0,0,66,34,0,34,0,0,0,0,0,0
2026-01-23,travel-and-recreation,11,11,0,0,0,0,0,0,11,5,0,5,0,0,0,0,0,0
2026-01-23,unknown,9,0,3,0,1,5,0,0,3,8,0,0,3,0,0,5,0,0
2026-01-24,birth-family-relationships,3,3,0,0,0,0,0,0,3,1,0,1,0,0,0,0,0,0
2026-01-24,health,6,6,0,0,0,0,0,0,6,1,0,1,0,0,0,0,0,0
2026-01-24,housing,3,2,1,0,0,0,0,0,3,2,0,2,0,0,0,0,0,0
2026-01-24,justice,5,5,0,0,0,0,0,0,5,2,0,2,0,0,0,0,0,0
2026-01-24,money-and-tax,10,10,0,0,0,0,0,0,10,3,0,3,0,0,0,0,0,0
2026-01-24,moving-country,8,8,0,0,0,0,0,0,8,4,0,4,0,0,0,0,0,0
2026-01-24,returning-to-ireland,6,6,0,0,0,0,0,0,6,1,0,1,0,0,0,0,0,0
2026-01-24,social-welfare,10,9,0,0,0,0,1,0,9,4,0,4,0,0,0,0,0,0
2026-01-24,travel-and-recreation,1,1,0,0,0,0,0,0,1,0,0,0,0,0,0,0,0,0
2026-01-24,unknown,3,0,0,1,1,1,0,0,1,2,0,0,0,1,0,1,0,0
2026-01-25,birth-family-relationships,1,1,0,0,0,0,0,0,1,1,0,1,0,0,0,0,0,0
2026-01-25,consumer,4,3,1,0,0,0,0,0,4,3,0,2,1,0,0,0,0,0
2026-01-25,death,3,3,0,0,0,0,0,0,3,2,0,2,0,0,0,0,0,0
2026-01-25,employment,1,1,0,0,0,0,0,0,1,1,0,1,0,0,0,0,0,0
2026-01-25,health,1,1,0,0,0,0,0,0,1,0,0,0,0,0,0,0,0,0
2026-01-25,money-and-tax,7,7,0,0,0,0,0,0,7,3,0,3,0,0,0,0,0,0
2026-01-25,moving-country,2,2,0,0,0,0,0,0,2,1,0,1,0,0,0,0,0,0
2026-01-25,returning-to-ireland,1,1,0,0,0,0,0,0,1,0,0,0,0,0,0,0,0,0
2026-01-25,social-welfare,5,5,0,0,0,0,0,0,5,3,0,3,0,0,0,0,0,0
2026-01-25,travel-and-recreation,4,4,0,0,0,0,0,0,4,3,0,3,0,0,0,0,0,0
2026-01-25,unknown,3,0,2,1,0,0,0,0,3,3,0,0,2,1,0,0,0,0
2026-01-26,birth-family-relationships,5,5,0,0,0,0,0,0,5,5,0,5,0,0,0,0,0,0
2026-01-26,consumer,3,3,0,0,0,0,0,0,3,0,0,0,0,0,0,0,0,0
2026-01-26,death,1,1,0,0,0,0,0,0,1,1,0,1,0,0,0,0,0,0
2026-01-26,education,5,5,0,0,0,0,0,0,5,3,0,3,0,0,0,0,0,0
2026-01-26,employment,34,33,1,0,0,0,0,0,34,17,0,16,1,0,0,0,0,0
2026-01-26,environment,3,3,0,0,0,0,0,0,3,2,0,2,0,0,0,0,0,0
2026-01-26,government-in-ireland,3,2,1,0,0,0,0,0,3,2,0,1,1,0,0,0,0,0
2026-01-26,health,5,5,0,0,0,0,0,0,5,3,0,3,0,0,0,0,0,0
2026-01-26,housing,10,10,0,0,0,0,0,0,10,6,0,6,0,0,0,0,0,0
2026-01-26,justice,7,2,3,0,0,0,0,2,7,1,0,1,0,0,0,0,0,0
2026-01-26,money-and-tax,27,27,0,0,0,0,0,0,27,9,0,9,0,0,0,0,0,0
2026-01-26,moving-country,30,30,0,0,0,0,0,0,30,14,0,14,0,0,0,0,0,0
2026-01-26,returning-to-ireland,4,4,0,0,0,0,0,0,4,2,0,2,0,0,0,0,0,0
2026-01-26,social-welfare,91,89,2,0,0,0,0,0,91,47,0,46,1,0,0,0,0,0
2026-01-26,travel-and-recreation,6,6,0,0,0,0,0,0,6,3,0,3,0,0,0,0,0,0
2026-01-26,unknown,7,0,3,2,0,2,0,0,5,7,0,0,3,2,0,2,0,0
2026-01-27,birth-family-relationships,1,1,0,0,0,0,0,0,1,1,0,1,0,0,0,0,0,0
2026-01-27,consumer,1,1,0,0,0,0,0,0,1,1,0,1,0,0,0,0,0,0
2026-01-27,death,3,2,0,0,0,0,0,1,3,1,0,1,0,0,0,0,0,0
2026-01-27,education,1,1,0,0,0,0,0,0,1,1,0,1,0,0,0,0,0,0
2026-01-27,employment,4,3,1,0,0,0,0,0,4,3,0,2,1,0,0,0,0,0
2026-01-27,housing,5,5,0,0,0,0,0,0,5,4,0,4,0,0,0,0,0,0
2026-01-27,justice,1,1,0,0,0,0,0,0,1,1,0,1,0,0,0,0,0,0
2026-01-27,money-and-tax,2,2,0,0,0,0,0,0,2,1,0,1,0,0,0,0,0,0
2026-01-27,moving-country,4,4,0,0,0,0,0,0,4,2,0,2,0,0,0,0,0,0
2026-01-27,social-welfare,8,8,0,0,0,0,0,0,8,6,0,6,0,0,0,0,0,0
2026-01-27,travel-and-recreation,6,6,0,0,0,0,0,0,6,5,0,5,0,0,0,0,0,0
2026-01-27,unknown,132,0,0,2,130,0,0,0,2,119,0,0,0,2,117,0,0,0
2026-01-28,about,4,2,0,0,0,2,0,0,2,2,0,2,0,0,0,0,0,0
2026-01-28,birth-family-relationships,9,8,0,0,0,0,1,0,8,2,0,2,0,0,0,0,0,0
2026-01-28,consumer,2,2,0,0,0,0,0,0,2,1,0,1,0,0,0,0,0,0
2026-01-28,death,1,1,0,0,0,0,0,0,1,1,0,1,0,0,0,0,0,0
2026-01-28,education,2,2,0,0,0,0,0,0,2,0,0,0,0,0,0,0,0,0
2026-01-28,employment,20,20,0,0,0,0,0,0,20,8,0,8,0,0,0,0,0,0
2026-01-28,environment,2,2,0,0,0,0,0,0,2,2,0,2,0,0,0,0,0,0
2026-01-28,health,20,20,0,0,0,0,0,0,20,10,0,10,0,0,0,0,0,0
2026-01-28,housing,18,18,0,0,0,0,0,0,18,11,0,11,0,0,0,0,0,0
2026-01-28,money-and-tax,21,20,1,0,0,0,0,0,21,13,0,12,1,0,0,0,0,0
2026-01-28,moving-country,16,16,0,0,0,0,0,0,16,6,0,6,0,0,0,0,0,0
2026-01-28,returning-to-ireland,9,8,0,0,0,0,0,1,9,4,0,4,0,0,0,0,0,0
2026-01-28,social-welfare,93,88,5,0,0,0,0,0,93,43,0,42,1,0,0,0,0,0
2026-01-28,travel-and-recreation,10,4,1,0,0,5,0,0,5,2,0,2,0,0,0,0,0,0
2026-01-28,unknown,15,0,4,1,0,7,2,1,6,13,0,0,4,1,0,5,2,1
2026-01-29,about,1,1,0,0,0,0,0,0,1,1,0,1,0,0,0,0,0,0
2026-01-29,birth-family-relationships,6,6,0,0,0,0,0,0,6,3,0,3,0,0,0,0,0,0
2026-01-29,consumer,2,2,0,0,0,0,0,0,2,2,0,2,0,0,0,0,0,0
2026-01-29,death,4,4,0,0,0,0,0,0,4,2,0,2,0,0,0,0,0,0
2026-01-29,education,1,1,0,0,0,0,0,0,1,1,0,1,0,0,0,0,0,0
2026-01-29,employment,24,23,0,0,1,0,0,0,23,14,0,14,0,0,0,0,0,0
2026-01-29,environment,2,2,0,0,0,0,0,0,2,1,0,1,0,0,0,0,0,0
2026-01-29,government-in-ireland,2,2,0,0,0,0,0,0,2,0,0,0,0,0,0,0,0,0
2026-01-29,health,13,13,0,0,0,0,0,0,13,7,0,7,0,0,0,0,0,0
2026-01-29,housing,28,28,0,0,0,0,0,0,28,13,0,13,0,0,0,0,0,0
2026-01-29,justice,4,4,0,0,0,0,0,0,4,1,0,1,0,0,0,0,0,0
2026-01-29,money-and-tax,30,28,2,0,0,0,0,0,30,8,0,7,1,0,0,0,0,0
2026-01-29,moving-country,36,34,0,0,0,1,0,1,35,18,0,18,0,0,0,0,0,0
2026-01-29,returning-to-ireland,3,3,0,0,0,0,0,0,3,1,0,1,0,0,0,0,0,0
2026-01-29,social-welfare,76,72,3,0,0,1,0,0,75,38,0,38,0,0,0,0,0,0
2026-01-29,travel-and-recreation,14,14,0,0,0,0,0,0,14,9,0,9,0,0,0,0,0,0
2026-01-29,unknown,17,1,7,0,5,4,0,0,8,17,0,1,7,0,5,4,0,0
2026-01-30,birth-family-relationships,7,7,0,0,0,0,0,0,7,7,0,7,0,0,0,0,0,0
2026-01-30,consumer,2,2,0,0,0,0,0,0,2,1,0,1,0,0,0,0,0,0
2026-01-30,education,7,7,0,0,0,0,0,0,7,5,0,5,0,0,0,0,0,0
2026-01-30,employment,15,15,0,0,0,0,0,0,15,5,0,5,0,0,0,0,0,0
2026-01-30,environment,1,1,0,0,0,0,0,0,1,1,0,1,0,0,0,0,0,0
2026-01-30,government-in-ireland,7,7,0,0,0,0,0,0,7,2,0,2,0,0,0,0,0,0
2026-01-30,health,8,8,0,0,0,0,0,0,8,6,0,6,0,0,0,0,0,0
2026-01-30,housing,17,17,0,0,0,0,0,0,17,8,0,8,0,0,0,0,0,0
2026-01-30,justice,4,4,0,0,0,0,0,0,4,3,0,3,0,0,0,0,0,0
2026-01-30,money-and-tax,12,12,0,0,0,0,0,0,12,6,0,6,0,0,0,0,0,0
2026-01-30,moving-country,17,17,0,0,0,0,0,0,17,10,0,10,0,0,0,0,0,0
2026-01-30,returning-to-ireland,4,4,0,0,0,0,0,0,4,1,0,1,0,0,0,0,0,0
2026-01-30,social-welfare,56,55,1,0,0,0,0,0,56,28,0,28,0,0,0,0,0,0
2026-01-30,travel-and-recreation,2,2,0,0,0,0,0,0,2,1,0,1,0,0,0,0,0,0
2026-01-31,birth-family-relationships,1,1,0,0,0,0,0,0,1,1,0,1,0,0,0,0,0,0
2026-01-31,government-in-ireland,1,1,0,0,0,0,0,0,1,0,0,0,0,0,0,0,0,0
2026-01-31,health,2,2,0,0,0,0,0,0,2,2,0,2,0,0,0,0,0,0
2026-01-31,money-and-tax,2,2,0,0,0,0,0,0,2,0,0,0,0,0,0,0,0,0
2026-01-31,moving-country,7,7,0,0,0,0,0,0,7,4,0,4,0,0,0,0,0,0
2026-01-31,returning-to-ireland,3,3,0,0,0,0,0,0,3,1,0,1,0,0,0,0,0,0
2026-01-31,social-welfare,28,28,0,0,0,0,0,0,28,3,0,3,0,0,0,0,0,0
2026-02-01,birth-family-relationships,3,3,0,0,0,0,0,0,3,1,0,1,0,0,0,0,0,0
2026-02-01,consumer,1,1,0,0,0,0,0,0,1,1,0,1,0,0,0,0,0,0
2026-02-01,death,2,1,1,0,0,0,0,0,2,1,0,1,0,0,0,0,0,0
2026-02-01,employment,8,7,0,0,0,0,0,1,8,4,0,3,0,0,0,0,0,1
2026-02-01,housing,9,8,1,0,0,0,0,0,9,1,0,1,0,0,0,0,0,0
2026-02-01,justice,1,1,0,0,0,0,0,0,1,0,0,0,0,0,0,0,0,0
2026-02-01,money-and-tax,9,9,0,0,0,0,0,0,9,5,0,5,0,0,0,0,0,0
2026-02-01,moving-country,2,2,0,0,0,0,0,0,2,0,0,0,0,0,0,0,0,0
2026-02-01,returning-to-ireland,3,3,0,0,0,0,0,0,3,2,0,2,0,0,0,0,0,0
2026-02-01,social-welfare,21,20,1,0,0,0,0,0,21,8,0,7,1,0,0,0,0,0
2026-02-01,unknown,2,0,2,0,0,0,0,0,2,2,0,0,2,0,0,0,0,0
2026-02-02,about,2,2,0,0,0,0,0,0,2,0,0,0,0,0,0,0,0,0
2026-02-02,birth-family-relationships,2,2,0,0,0,0,0,0,2,2,0,2,0,0,0,0,0,0
2026-02-02,consumer,2,2,0,0,0,0,0,0,2,1,0,1,0,0,0,0,0,0
2026-02-02,education,1,1,0,0,0,0,0,0,1,0,0,0,0,0,0,0,0,0
2026-02-02,employment,1,1,0,0,0,0,0,0,1,1,0,1,0,0,0,0,0,0
2026-02-02,health,2,2,0,0,0,0,0,0,2,2,0,2,0,0,0,0,0,0
2026-02-02,money-and-tax,10,10,0,0,0,0,0,0,10,6,0,6,0,0,0,0,0,0
2026-02-02,moving-country,8,8,0,0,0,0,0,0,8,3,0,3,0,0,0,0,0,0
2026-02-02,returning-to-ireland,7,7,0,0,0,0,0,0,7,2,0,2,0,0,0,0,0,0
2026-02-02,social-welfare,10,10,0,0,0,0,0,0,10,4,0,4,0,0,0,0,0,0
2026-02-02,unknown,4,0,2,0,1,0,1,0,2,3,0,0,2,0,0,0,1,0
2026-02-03,birth-family-relationships,7,7,0,0,0,0,0,0,7,3,0,3,0,0,0,0,0,0
2026-02-03,consumer,1,1,0,0,0,0,0,0,1,0,0,0,0,0,0,0,0,0
2026-02-03,death,4,4,0,0,0,0,0,0,4,4,0,4,0,0,0,0,0,0
2026-02-03,education,1,1,0,0,0,0,0,0,1,1,0,1,0,0,0,0,0,0
2026-02-03,employment,23,22,0,0,0,1,0,0,22,12,0,12,0,0,0,0,0,0
2026-02-03,government-in-ireland,2,2,0,0,0,0,0,0,2,2,0,2,0,0,0,0,0,0
2026-02-03,health,10,10,0,0,0,0,0,0,10,3,0,3,0,0,0,0,0,0
2026-02-03,housing,15,15,0,0,0,0,0,0,15,8,0,8,0,0,0,0,0,0
2026-02-03,justice,4,4,0,0,0,0,0,0,4,1,0,1,0,0,0,0,0,0
2026-02-03,money-and-tax,21,21,0,0,0,0,0,0,21,8,0,8,0,0,0,0,0,0
2026-02-03,moving-country,26,25,1,0,0,0,0,0,26,11,0,11,0,0,0,0,0,0
2026-02-03,returning-to-ireland,6,6,0,0,0,0,0,0,6,3,0,3,0,0,0,0,0,0
2026-02-03,social-welfare,80,76,2,0,2,0,0,0,78,27,0,27,0,0,0,0,0,0
2026-02-03,travel-and-recreation,13,13,0,0,0,0,0,0,13,3,0,3,0,0,0,0,0,0
2026-02-03,unknown,5,0,2,1,0,1,0,1,4,5,0,0,2,1,0,1,0,1
2026-02-04,about,3,3,0,0,0,0,0,0,3,0,0,0,0,0,0,0,0,0
2026-02-04,birth-family-relationships,4,4,0,0,0,0,0,0,4,3,0,3,0,0,0,0,0,0
2026-02-04,consumer,2,1,1,0,0,0,0,0,2,1,0,1,0,0,0,0,0,0
2026-02-04,death,5,5,0,0,0,0,0,0,5,3,0,3,0,0,0,0,0,0
2026-02-04,education,1,1,0,0,0,0,0,0,1,1,0,1,0,0,0,0,0,0
2026-02-04,employment,19,18,1,0,0,0,0,0,19,8,0,8,0,0,0,0,0,0
2026-02-04,environment,3,3,0,0,0,0,0,0,3,3,0,3,0,0,0,0,0,0
2026-02-04,government-in-ireland,1,1,0,0,0,0,0,0,1,0,0,0,0,0,0,0,0,0
2026-02-04,health,16,16,0,0,0,0,0,0,16,10,0,10,0,0,0,0,0,0
2026-02-04,housing,28,27,0,0,1,0,0,0,27,7,0,7,0,0,0,0,0,0
2026-02-04,justice,3,3,0,0,0,0,0,0,3,3,0,3,0,0,0,0,0,0
2026-02-04,money-and-tax,20,19,0,0,1,0,0,0,19,13,0,13,0,0,0,0,0,0
2026-02-04,moving-country,9,9,0,0,0,0,0,0,9,4,0,4,0,0,0,0,0,0
2026-02-04,returning-to-ireland,6,6,0,0,0,0,0,0,6,2,0,2,0,0,0,0,0,0
2026-02-04,social-welfare,96,94,0,1,1,0,0,0,95,44,0,44,0,0,0,0,0,0
2026-02-04,travel-and-recreation,6,4,0,0,0,2,0,0,4,2,0,2,0,0,0,0,0,0
2026-02-04,unknown,5,0,4,0,1,0,0,0,4,5,0,0,4,0,1,0,0,0
2026-02-05,about,2,2,0,0,0,0,0,0,2,1,0,1,0,0,0,0,0,0
2026-02-05,birth-family-relationships,4,4,0,0,0,0,0,0,4,2,0,2,0,0,0,0,0,0
2026-02-05,consumer,5,5,0,0,0,0,0,0,5,3,0,3,0,0,0,0,0,0
2026-02-05,death,1,1,0,0,0,0,0,0,1,1,0,1,0,0,0,0,0,0
2026-02-05,education,5,5,0,0,0,0,0,0,5,1,0,1,0,0,0,0,0,0
2026-02-05,employment,28,25,3,0,0,0,0,0,28,11,0,11,0,0,0,0,0,0
2026-02-05,environment,2,2,0,0,0,0,0,0,2,1,0,1,0,0,0,0,0,0
2026-02-05,health,10,10,0,0,0,0,0,0,10,6,0,6,0,0,0,0,0,0
2026-02-05,housing,17,17,0,0,0,0,0,0,17,11,0,11,0,0,0,0,0,0
2026-02-05,money-and-tax,28,27,0,0,0,1,0,0,27,11,0,11,0,0,0,0,0,0
2026-02-05,moving-country,13,12,1,0,0,0,0,0,13,6,0,6,0,0,0,0,0,0
2026-02-05,returning-to-ireland,4,4,0,0,0,0,0,0,4,3,0,3,0,0,0,0,0,0
2026-02-05,social-welfare,115,114,1,0,0,0,0,0,115,51,0,51,0,0,0,0,0,0
2026-02-05,travel-and-recreation,5,5,0,0,0,0,0,0,5,2,0,2,0,0,0,0,0,0
2026-02-05,unknown,10,0,3,1,1,3,2,0,4,9,0,0,3,1,1,2,2,0
2026-02-06,about,1,1,0,0,0,0,0,0,1,1,0,1,0,0,0,0,0,0
2026-02-06,birth-family-relationships,1,1,0,0,0,0,0,0,1,1,0,1,0,0,0,0,0,0
2026-02-06,consumer,3,3,0,0,0,0,0,0,3,2,0,2,0,0,0,0,0,0
2026-02-06,death,2,2,0,0,0,0,0,0,2,1,0,1,0,0,0,0,0,0
2026-02-06,employment,23,22,0,0,0,1,0,0,22,7,0,7,0,0,0,0,0,0
2026-02-06,environment,3,1,0,0,0,2,0,0,1,1,0,1,0,0,0,0,0,0
2026-02-06,government-in-ireland,1,1,0,0,0,0,0,0,1,0,0,0,0,0,0,0,0,0
2026-02-06,health,10,10,0,0,0,0,0,0,10,5,0,5,0,0,0,0,0,0
2026-02-06,housing,22,22,0,0,0,0,0,0,22,11,0,11,0,0,0,0,0,0
2026-02-06,justice,5,5,0,0,0,0,0,0,5,4,0,4,0,0,0,0,0,0
2026-02-06,money-and-tax,31,31,0,0,0,0,0,0,31,12,0,12,0,0,0,0,0,0
2026-02-06,moving-country,21,21,0,0,0,0,0,0,21,9,0,9,0,0,0,0,0,0
2026-02-06,returning-to-ireland,17,17,0,0,0,0,0,0,17,5,0,5,0,0,0,0,0,0
2026-02-06,social-welfare,109,107,2,0,0,0,0,0,109,46,0,45,1,0,0,0,0,0
2026-02-06,travel-and-recreation,13,13,0,0,0,0,0,0,13,7,0,7,0,0,0,0,0,0
2026-02-06,unknown,10,0,5,0,0,3,2,0,5,10,0,0,5,0,0,3,2,0
2026-02-07,employment,13,13,0,0,0,0,0,0,13,4,0,4,0,0,0,0,0,0
2026-02-07,health,1,1,0,0,0,0,0,0,1,0,0,0,0,0,0,0,0,0
2026-02-07,housing,5,5,0,0,0,0,0,0,5,3,0,3,0,0,0,0,0,0
2026-02-07,justice,1,1,0,0,0,0,0,0,1,1,0,1,0,0,0,0,0,0
2026-02-07,money-and-tax,4,3,0,0,0,1,0,0,3,1,0,1,0,0,0,0,0,0
2026-02-07,returning-to-ireland,2,2,0,0,0,0,0,0,2,0,0,0,0,0,0,0,0,0
2026-02-07,social-welfare,14,14,0,0,0,0,0,0,14,9,0,9,0,0,0,0,0,0
2026-02-07,unknown,1,0,1,0,0,0,0,0,1,1,0,0,1,0,0,0,0,0
2026-02-08,birth-family-relationships,3,3,0,0,0,0,0,0,3,2,0,2,0,0,0,0,0,0
2026-02-08,health,7,6,1,0,0,0,0,0,7,4,0,3,1,0,0,0,0,0
2026-02-08,housing,1,1,0,0,0,0,0,0,1,1,0,1,0,0,0,0,0,0
2026-02-08,justice,1,1,0,0,0,0,0,0,1,1,0,1,0,0,0,0,0,0
2026-02-08,money-and-tax,2,2,0,0,0,0,0,0,2,1,0,1,0,0,0,0,0,0
2026-02-08,social-welfare,9,8,1,0,0,0,0,0,9,4,0,4,0,0,0,0,0,0
2026-02-09,birth-family-relationships,13,13,0,0,0,0,0,0,13,7,0,7,0,0,0,0,0,0
2026-02-09,consumer,1,1,0,0,0,0,0,0,1,1,0,1,0,0,0,0,0,0
2026-02-09,education,12,12,0,0,0,0,0,0,12,5,0,5,0,0,0,0,0,0
2026-02-09,employment,20,15,3,0,0,0,0,2,20,7,0,6,0,0,0,0,0,1
2026-02-09,environment,10,2,2,0,0,5,0,1,5,1,0,0,1,0,0,0,0,0
2026-02-09,government-in-ireland,3,2,1,0,0,0,0,0,3,1,0,0,1,0,0,0,0,0
2026-02-09,health,7,7,0,0,0,0,0,0,7,6,0,6,0,0,0,0,0,0
2026-02-09,housing,18,18,0,0,0,0,0,0,18,9,0,9,0,0,0,0,0,0
2026-02-09,justice,2,2,0,0,0,0,0,0,2,0,0,0,0,0,0,0,0,0
2026-02-09,money-and-tax,12,12,0,0,0,0,0,0,12,3,0,3,0,0,0,0,0,0
2026-02-09,moving-country,24,24,0,0,0,0,0,0,24,15,0,15,0,0,0,0,0,0
2026-02-09,returning-to-ireland,5,5,0,0,0,0,0,0,5,0,0,0,0,0,0,0,0,0
2026-02-09,social-welfare,76,75,1,0,0,0,0,0,76,42,0,41,1,0,0,0,0,0
2026-02-09,travel-and-recreation,6,6,0,0,0,0,0,0,6,3,0,3,0,0,0,0,0,0
2026-02-09,unknown,7,1,3,0,0,3,0,0,4,7,0,1,3,0,0,3,0,0
2026-02-10,about,1,1,0,0,0,0,0,0,1,0,0,0,0,0,0,0,0,0
2026-02-10,birth-family-relationships,10,10,0,0,0,0,0,0,10,7,0,7,0,0,0,0,0,0
2026-02-10,consumer,5,5,0,0,0,0,0,0,5,2,0,2,0,0,0,0,0,0
2026-02-10,death,2,2,0,0,0,0,0,0,2,2,0,2,0,0,0,0,0,0
2026-02-10,education,10,10,0,0,0,0,0,0,10,3,0,3,0,0,0,0,0,0
2026-02-10,employment,20,19,1,0,0,0,0,0,20,10,0,9,1,0,0,0,0,0
2026-02-10,government-in-ireland,1,1,0,0,0,0,0,0,1,1,0,1,0,0,0,0,0,0
2026-02-10,health,10,10,0,0,0,0,0,0,10,8,0,8,0,0,0,0,0,0
2026-02-10,housing,18,17,1,0,0,0,0,0,18,9,0,9,0,0,0,0,0,0
2026-02-10,justice,4,2,1,0,0,0,0,1,4,2,0,1,1,0,0,0,0,0
2026-02-10,money-and-tax,15,15,0,0,0,0,0,0,15,8,0,8,0,0,0,0,0,0
2026-02-10,moving-country,12,12,0,0,0,0,0,0,12,6,0,6,0,0,0,0,0,0
2026-02-10,returning-to-ireland,8,8,0,0,0,0,0,0,8,4,0,4,0,0,0,0,0,0
2026-02-10,social-welfare,97,94,2,0,0,0,0,1,97,51,0,50,1,0,0,0,0,0
2026-02-10,travel-and-recreation,21,20,1,0,0,0,0,0,21,10,0,9,1,0,0,0,0,0
2026-02-10,unknown,9,1,5,1,1,1,0,0,7,8,0,1,5,1,0,1,0,0
2026-02-11,about,1,1,0,0,0,0,0,0,1,0,0,0,0,0,0,0,0,0
2026-02-11,birth-family-relationships,2,2,0,0,0,0,0,0,2,1,0,1,0,0,0,0,0,0
2026-02-11,consumer,6,6,0,0,0,0,0,0,6,2,0,2,0,0,0,0,0,0
2026-02-11,death,3,3,0,0,0,0,0,0,3,1,0,1,0,0,0,0,0,0
2026-02-11,education,4,4,0,0,0,0,0,0,4,0,0,0,0,0,0,0,0,0
2026-02-11,employment,16,14,2,0,0,0,0,0,16,8,0,7,1,0,0,0,0,0
2026-02-11,government-in-ireland,1,1,0,0,0,0,0,0,1,0,0,0,0,0,0,0,0,0
2026-02-11,health,7,7,0,0,0,0,0,0,7,3,0,3,0,0,0,0,0,0
2026-02-11,housing,18,18,0,0,0,0,0,0,18,9,0,9,0,0,0,0,0,0
2026-02-11,justice,3,3,0,0,0,0,0,0,3,3,0,3,0,0,0,0,0,0
2026-02-11,money-and-tax,16,16,0,0,0,0,0,0,16,8,0,8,0,0,0,0,0,0
2026-02-11,moving-country,11,10,1,0,0,0,0,0,11,7,0,6,1,0,0,0,0,0
2026-02-11,returning-to-ireland,4,4,0,0,0,0,0,0,4,1,0,1,0,0,0,0,0,0
2026-02-11,social-welfare,76,76,0,0,0,0,0,0,76,42,0,42,0,0,0,0,0,0
2026-02-11,travel-and-recreation,15,13,2,0,0,0,0,0,15,6,0,6,0,0,0,0,0,0
2026-02-11,unknown,7,1,4,0,1,0,1,0,5,7,0,1,4,0,1,0,1,0
2026-02-12,birth-family-relationships,3,3,0,0,0,0,0,0,3,2,0,2,0,0,0,0,0,0
2026-02-12,consumer,2,2,0,0,0,0,0,0,2,2,0,2,0,0,0,0,0,0
2026-02-12,death,1,1,0,0,0,0,0,0,1,1,0,1,0,0,0,0,0,0
2026-02-12,education,6,6,0,0,0,0,0,0,6,4,0,4,0,0,0,0,0,0
2026-02-12,employment,23,22,0,0,0,0,0,1,23,15,0,15,0,0,0,0,0,0
2026-02-12,environment,1,1,0,0,0,0,0,0,1,1,0,1,0,0,0,0,0,0
2026-02-12,government-in-ireland,1,1,0,0,0,0,0,0,1,1,0,1,0,0,0,0,0,0
2026-02-12,health,10,10,0,0,0,0,0,0,10,9,0,9,0,0,0,0,0,0
2026-02-12,housing,22,21,1,0,0,0,0,0,22,8,0,7,1,0,0,0,0,0
2026-02-12,justice,4,2,2,0,0,0,0,0,4,1,0,1,0,0,0,0,0,0
2026-02-12,money-and-tax,26,26,0,0,0,0,0,0,26,11,0,11,0,0,0,0,0,0
2026-02-12,moving-country,10,10,0,0,0,0,0,0,10,5,0,5,0,0,0,0,0,0
2026-02-12,returning-to-ireland,4,4,0,0,0,0,0,0,4,2,0,2,0,0,0,0,0,0
2026-02-12,social-welfare,121,117,2,1,0,0,0,1,121,51,0,50,0,1,0,0,0,0
2026-02-12,travel-and-recreation,2,2,0,0,0,0,0,0,2,0,0,0,0,0,0,0,0,0
2026-02-12,unknown,11,0,7,3,0,0,1,0,10,9,0,0,7,1,0,0,1,0
2026-02-13,birth-family-relationships,9,9,0,0,0,0,0,0,9,4,0,4,0,0,0,0,0,0
2026-02-13,consumer,1,1,0,0,0,0,0,0,1,0,0,0,0,0,0,0,0,0
2026-02-13,death,4,4,0,0,0,0,0,0,4,2,0,2,0,0,0,0,0,0
2026-02-13,education,1,1,0,0,0,0,0,0,1,0,0,0,0,0,0,0,0,0
2026-02-13,employment,22,21,1,0,0,0,0,0,22,11,0,11,0,0,0,0,0,0
2026-02-13,health,8,8,0,0,0,0,0,0,8,4,0,4,0,0,0,0,0,0
2026-02-13,housing,14,14,0,0,0,0,0,0,14,4,0,4,0,0,0,0,0,0
2026-02-13,justice,4,4,0,0,0,0,0,0,4,3,0,3,0,0,0,0,0,0
2026-02-13,money-and-tax,12,12,0,0,0,0,0,0,12,5,0,5,0,0,0,0,0,0
2026-02-13,moving-country,11,11,0,0,0,0,0,0,11,4,0,4,0,0,0,0,0,0
2026-02-13,returning-to-ireland,1,1,0,0,0,0,0,0,1,0,0,0,0,0,0,0,0,0
2026-02-13,social-welfare,74,72,1,0,0,0,0,1,74,35,0,35,0,0,0,0,0,0
2026-02-13,travel-and-recreation,8,8,0,0,0,0,0,0,8,4,0,4,0,0,0,0,0,0
2026-02-13,unknown,3,0,1,1,0,0,1,0,2,3,0,0,1,1,0,0,1,0
2026-02-14,employment,1,1,0,0,0,0,0,0,1,1,0,1,0,0,0,0,0,0
2026-02-14,housing,4,4,0,0,0,0,0,0,4,2,0,2,0,0,0,0,0,0
2026-02-14,social-welfare,1,1,0,0,0,0,0,0,1,1,0,1,0,0,0,0,0,0
2026-02-14,travel-and-recreation,3,2,0,0,0,1,0,0,2,2,0,2,0,0,0,0,0,0
2026-02-14,unknown,2,0,0,0,0,2,0,0,0,2,0,0,0,0,0,2,0,0
2026-02-15,birth-family-relationships,1,1,0,0,0,0,0,0,1,1,0,1,0,0,0,0,0,0
2026-02-15,consumer,1,1,0,0,0,0,0,0,1,1,0,1,0,0,0,0,0,0
2026-02-15,employment,4,3,0,0,0,1,0,0,3,0,0,0,0,0,0,0,0,0
2026-02-15,housing,3,3,0,0,0,0,0,0,3,0,0,0,0,0,0,0,0,0
2026-02-15,money-and-tax,2,2,0,0,0,0,0,0,2,1,0,1,0,0,0,0,0,0
2026-02-15,moving-country,1,1,0,0,0,0,0,0,1,1,0,1,0,0,0,0,0,0
2026-02-15,social-welfare,9,9,0,0,0,0,0,0,9,5,0,5,0,0,0,0,0,0
2026-02-15,unknown,2,0,0,0,0,1,1,0,0,2,0,0,0,0,0,1,1,0
2026-02-16,about,1,1,0,0,0,0,0,0,1,0,0,0,0,0,0,0,0,0
2026-02-16,birth-family-relationships,8,8,0,0,0,0,0,0,8,6,0,6,0,0,0,0,0,0
2026-02-16,consumer,2,2,0,0,0,0,0,0,2,1,0,1,0,0,0,0,0,0
2026-02-16,death,1,1,0,0,0,0,0,0,1,0,0,0,0,0,0,0,0,0
2026-02-16,education,1,1,0,0,0,0,0,0,1,1,0,1,0,0,0,0,0,0
2026-02-16,employment,20,20,0,0,0,0,0,0,20,12,0,12,0,0,0,0,0,0
2026-02-16,health,12,12,0,0,0,0,0,0,12,8,0,8,0,0,0,0,0,0
2026-02-16,housing,8,8,0,0,0,0,0,0,8,4,0,4,0,0,0,0,0,0
2026-02-16,justice,1,1,0,0,0,0,0,0,1,0,0,0,0,0,0,0,0,0
2026-02-16,money-and-tax,22,22,0,0,0,0,0,0,22,5,0,5,0,0,0,0,0,0
2026-02-16,moving-country,18,17,1,0,0,0,0,0,18,7,0,7,0,0,0,0,0,0
2026-02-16,returning-to-ireland,9,9,0,0,0,0,0,0,9,1,0,1,0,0,0,0,0,0
2026-02-16,social-welfare,106,104,2,0,0,0,0,0,106,52,0,51,1,0,0,0,0,0
2026-02-16,travel-and-recreation,15,15,0,0,0,0,0,0,15,9,0,9,0,0,0,0,0,0
2026-02-16,unknown,8,1,6,0,0,1,0,0,7,6,0,1,4,0,0,1,0,0
2026-02-17,birth-family-relationships,5,5,0,0,0,0,0,0,5,2,0,2,0,0,0,0,0,0
2026-02-17,consumer,4,4,0,0,0,0,0,0,4,3,0,3,0,0,0,0,0,0
2026-02-17,death,2,1,1,0,0,0,0,0,2,1,0,0,1,0,0,0,0,0
2026-02-17,education,3,3,0,0,0,0,0,0,3,2,0,2,0,0,0,0,0,0
2026-02-17,employment,18,17,1,0,0,0,0,0,18,9,0,9,0,0,0,0,0,0
2026-02-17,environment,1,1,0,0,0,0,0,0,1,1,0,1,0,0,0,0,0,0
2026-02-17,government-in-ireland,2,2,0,0,0,0,0,0,2,1,0,1,0,0,0,0,0,0
2026-02-17,health,28,26,1,0,1,0,0,0,27,7,0,6,1,0,0,0,0,0
2026-02-17,housing,22,22,0,0,0,0,0,0,22,13,0,13,0,0,0,0,0,0
2026-02-17,money-and-tax,10,10,0,0,0,0,0,0,10,3,0,3,0,0,0,0,0,0
2026-02-17,moving-country,36,36,0,0,0,0,0,0,36,20,0,20,0,0,0,0,0,0
2026-02-17,returning-to-ireland,5,5,0,0,0,0,0,0,5,3,0,3,0,0,0,0,0,0
2026-02-17,social-welfare,84,84,0,0,0,0,0,0,84,38,0,38,0,0,0,0,0,0
2026-02-17,travel-and-recreation,12,11,1,0,0,0,0,0,12,6,0,6,0,0,0,0,0,0
2026-02-17,unknown,6,0,2,1,1,0,1,1,4,5,0,0,2,1,0,0,1,1
2026-02-18,about,9,5,1,2,0,1,0,0,8,3,0,2,1,0,0,0,0,0
2026-02-18,birth-family-relationships,8,8,0,0,0,0,0,0,8,2,0,2,0,0,0,0,0,0
2026-02-18,consumer,2,2,0,0,0,0,0,0,2,1,0,1,0,0,0,0,0,0
2026-02-18,death,1,1,0,0,0,0,0,0,1,0,0,0,0,0,0,0,0,0
2026-02-18,education,7,7,0,0,0,0,0,0,7,4,0,4,0,0,0,0,0,0
2026-02-18,employment,15,15,0,0,0,0,0,0,15,8,0,8,0,0,0,0,0,0
2026-02-18,health,14,13,1,0,0,0,0,0,14,10,0,9,1,0,0,0,0,0
2026-02-18,housing,31,30,1,0,0,0,0,0,31,15,0,14,1,0,0,0,0,0
2026-02-18,justice,2,2,0,0,0,0,0,0,2,2,0,2,0,0,0,0,0,0
2026-02-18,money-and-tax,40,40,0,0,0,0,0,0,40,6,0,6,0,0,0,0,0,0
2026-02-18,moving-country,10,10,0,0,0,0,0,0,10,5,0,5,0,0,0,0,0,0
2026-02-18,returning-to-ireland,4,4,0,0,0,0,0,0,4,2,0,2,0,0,0,0,0,0
2026-02-18,social-welfare,76,75,1,0,0,0,0,0,76,46,0,46,0,0,0,0,0,0
2026-02-18,travel-and-recreation,11,11,0,0,0,0,0,0,11,5,0,5,0,0,0,0,0,0
2026-02-18,unknown,9,0,5,1,0,3,0,0,6,9,0,0,5,1,0,3,0,0
2026-02-19,birth-family-relationships,7,7,0,0,0,0,0,0,7,5,0,5,0,0,0,0,0,0
2026-02-19,consumer,1,1,0,0,0,0,0,0,1,1,0,1,0,0,0,0,0,0
2026-02-19,death,1,1,0,0,0,0,0,0,1,0,0,0,0,0,0,0,0,0
2026-02-19,education,5,5,0,0,0,0,0,0,5,2,0,2,0,0,0,0,0,0
2026-02-19,employment,21,19,2,0,0,0,0,0,21,10,0,10,0,0,0,0,0,0
2026-02-19,environment,1,1,0,0,0,0,0,0,1,1,0,1,0,0,0,0,0,0
2026-02-19,health,9,9,0,0,0,0,0,0,9,7,0,7,0,0,0,0,0,0
2026-02-19,housing,29,29,0,0,0,0,0,0,29,16,0,16,0,0,0,0,0,0
2026-02-19,justice,2,2,0,0,0,0,0,0,2,2,0,2,0,0,0,0,0,0
2026-02-19,money-and-tax,18,18,0,0,0,0,0,0,18,10,0,10,0,0,0,0,0,0
2026-02-19,moving-country,18,17,0,0,0,0,1,0,17,10,0,10,0,0,0,0,0,0
2026-02-19,returning-to-ireland,4,4,0,0,0,0,0,0,4,3,0,3,0,0,0,0,0,0
2026-02-19,social-welfare,68,67,0,1,0,0,0,0,68,29,0,28,0,1,0,0,0,0
2026-02-19,travel-and-recreation,8,8,0,0,0,0,0,0,8,4,0,4,0,0,0,0,0,0
2026-02-19,unknown,14,0,12,0,0,2,0,0,12,12,0,0,10,0,0,2,0,0
2026-02-20,about,1,1,0,0,0,0,0,0,1,1,0,1,0,0,0,0,0,0
2026-02-20,birth-family-relationships,5,5,0,0,0,0,0,0,5,1,0,1,0,0,0,0,0,0
2026-02-20,consumer,6,5,1,0,0,0,0,0,6,2,0,1,1,0,0,0,0,0
2026-02-20,death,4,4,0,0,0,0,0,0,4,2,0,2,0,0,0,0,0,0
2026-02-20,education,17,15,1,0,0,0,0,1,17,7,0,6,0,0,0,0,0,1
2026-02-20,employment,27,27,0,0,0,0,0,0,27,14,0,14,0,0,0,0,0,0
2026-02-20,health,12,12,0,0,0,0,0,0,12,6,0,6,0,0,0,0,0,0
2026-02-20,housing,12,11,1,0,0,0,0,0,12,3,0,2,1,0,0,0,0,0
2026-02-20,money-and-tax,23,22,1,0,0,0,0,0,23,6,0,6,0,0,0,0,0,0
2026-02-20,moving-country,9,9,0,0,0,0,0,0,9,5,0,5,0,0,0,0,0,0
2026-02-20,returning-to-ireland,4,4,0,0,0,0,0,0,4,3,0,3,0,0,0,0,0,0
2026-02-20,social-welfare,76,75,1,0,0,0,0,0,76,45,0,45,0,0,0,0,0,0
2026-02-20,travel-and-recreation,5,5,0,0,0,0,0,0,5,1,0,1,0,0,0,0,0,0
2026-02-20,unknown,8,0,4,0,1,0,3,0,4,8,0,0,4,0,1,0,3,0
2026-02-21,about,1,1,0,0,0,0,0,0,1,0,0,0,0,0,0,0,0,0
2026-02-21,education,1,1,0,0,0,0,0,0,1,1,0,1,0,0,0,0,0,0
2026-02-21,health,2,2,0,0,0,0,0,0,2,1,0,1,0,0,0,0,0,0
2026-02-21,housing,3,3,0,0,0,0,0,0,3,1,0,1,0,0,0,0,0,0
2026-02-21,social-welfare,11,11,0,0,0,0,0,0,11,6,0,6,0,0,0,0,0,0
2026-02-21,unknown,3,0,0,1,0,1,1,0,1,3,0,0,0,1,0,1,1,0
2026-02-22,employment,2,2,0,0,0,0,0,0,2,1,0,1,0,0,0,0,0,0
2026-02-22,housing,4,4,0,0,0,0,0,0,4,2,0,2,0,0,0,0,0,0
2026-02-22,money-and-tax,6,6,0,0,0,0,0,0,6,4,1,4,0,0,0,0,0,0
2026-02-22,social-welfare,22,22,0,0,0,0,0,0,22,7,0,7,0,0,0,0,0,0
2026-02-22,unknown,2,0,2,0,0,0,0,0,2,2,0,0,2,0,0,0,0,0
2026-02-23,about,2,2,0,0,0,0,0,0,2,1,0,1,0,0,0,0,0,0
2026-02-23,birth-family-relationships,13,12,0,0,0,1,0,0,12,6,0,6,0,0,0,0,0,0
2026-02-23,consumer,3,3,0,0,0,0,0,0,3,1,0,1,0,0,0,0,0,0
2026-02-23,death,2,2,0,0,0,0,0,0,2,1,0,1,0,0,0,0,0,0
2026-02-23,education,2,2,0,0,0,0,0,0,2,0,0,0,0,0,0,0,0,0
2026-02-23,employment,16,15,0,0,0,0,0,1,16,8,0,8,0,0,0,0,0,0
2026-02-23,government-in-ireland,1,1,0,0,0,0,0,0,1,0,0,0,0,0,0,0,0,0
2026-02-23,health,7,7,0,0,0,0,0,0,7,4,0,4,0,0,0,0,0,0
2026-02-23,housing,20,18,1,0,0,1,0,0,19,12,0,12,0,0,0,0,0,0
2026-02-23,justice,3,3,0,0,0,0,0,0,3,2,0,2,0,0,0,0,0,0
2026-02-23,money-and-tax,24,23,1,0,0,0,0,0,24,11,0,11,0,0,0,0,0,0
2026-02-23,moving-country,14,13,1,0,0,0,0,0,14,4,0,4,0,0,0,0,0,0
2026-02-23,returning-to-ireland,5,5,0,0,0,0,0,0,5,2,0,2,0,0,0,0,0,0
2026-02-23,social-welfare,86,82,2,0,0,2,0,0,84,42,0,41,1,0,0,0,0,0
2026-02-23,travel-and-recreation,15,13,2,0,0,0,0,0,15,8,0,8,0,0,0,0,0,0
2026-02-23,unknown,11,1,5,1,0,2,1,1,8,11,0,1,5,1,0,2,1,1
2026-02-24,birth-family-relationships,3,3,0,0,0,0,0,0,3,2,0,2,0,0,0,0,0,0
2026-02-24,consumer,4,4,0,0,0,0,0,0,4,3,0,3,0,0,0,0,0,0
2026-02-24,death,2,2,0,0,0,0,0,0,2,1,0,1,0,0,0,0,0,0
2026-02-24,employment,19,19,0,0,0,0,0,0,19,8,0,8,0,0,0,0,0,0
2026-02-24,environment,1,1,0,0,0,0,0,0,1,1,0,1,0,0,0,0,0,0
2026-02-24,government-in-ireland,3,3,0,0,0,0,0,0,3,2,0,2,0,0,0,0,0,0
2026-02-24,health,12,12,0,0,0,0,0,0,12,8,0,8,0,0,0,0,0,0
2026-02-24,housing,21,18,2,0,0,0,0,1,21,9,0,7,1,0,0,0,0,1
2026-02-24,justice,7,7,0,0,0,0,0,0,7,2,0,2,0,0,0,0,0,0
2026-02-24,money-and-tax,55,53,1,0,0,0,1,0,54,9,0,9,0,0,0,0,0,0
2026-02-24,moving-country,16,16,0,0,0,0,0,0,16,9,0,9,0,0,0,0,0,0
2026-02-24,returning-to-ireland,8,6,1,0,0,1,0,0,7,0,0,0,0,0,0,0,0,0
2026-02-24,social-welfare,108,106,2,0,0,0,0,0,108,49,0,48,1,0,0,0,0,0
2026-02-24,travel-and-recreation,2,2,0,0,0,0,0,0,2,1,0,1,0,0,0,0,0,0
2026-02-24,unknown,1,0,1,0,0,0,0,0,1,1,0,0,1,0,0,0,0,0
2026-02-25,about,2,2,0,0,0,0,0,0,2,0,0,0,0,0,0,0,0,0
2026-02-25,birth-family-relationships,4,4,0,0,0,0,0,0,4,2,0,2,0,0,0,0,0,0
2026-02-25,death,1,1,0,0,0,0,0,0,1,1,0,1,0,0,0,0,0,0
2026-02-25,education,3,3,0,0,0,0,0,0,3,3,0,3,0,0,0,0,0,0
2026-02-25,employment,16,16,0,0,0,0,0,0,16,11,0,11,0,0,0,0,0,0
2026-02-25,health,10,10,0,0,0,0,0,0,10,3,0,3,0,0,0,0,0,0
2026-02-25,housing,9,9,0,0,0,0,0,0,9,6,0,6,0,0,0,0,0,0
2026-02-25,justice,2,2,0,0,0,0,0,0,2,0,0,0,0,0,0,0,0,0
2026-02-25,money-and-tax,11,11,0,0,0,0,0,0,11,6,0,6,0,0,0,0,0,0
2026-02-25,moving-country,11,11,0,0,0,0,0,0,11,5,0,5,0,0,0,0,0,0
2026-02-25,returning-to-ireland,1,1,0,0,0,0,0,0,1,1,0,1,0,0,0,0,0,0
2026-02-25,social-welfare,52,51,0,0,0,0,0,1,52,29,0,29,0,0,0,0,0,0
2026-02-25,travel-and-recreation,17,10,3,1,0,3,0,0,14,3,0,1,2,0,0,0,0,0
2026-02-25,unknown,8,0,5,0,1,0,0,2,7,6,0,0,5,0,0,0,0,1
2026-02-26,about,6,6,0,0,0,0,0,0,6,3,0,3,0,0,0,0,0,0
2026-02-26,consumer,3,3,0,0,0,0,0,0,3,1,0,1,0,0,0,0,0,0
2026-02-26,death,2,2,0,0,0,0,0,0,2,1,0,1,0,0,0,0,0,0
2026-02-26,education,6,6,0,0,0,0,0,0,6,4,0,4,0,0,0,0,0,0
2026-02-26,employment,31,28,1,0,0,1,0,1,30,16,0,16,0,0,0,0,0,0
2026-02-26,environment,3,2,1,0,0,0,0,0,3,2,0,1,1,0,0,0,0,0
2026-02-26,government-in-ireland,1,1,0,0,0,0,0,0,1,0,0,0,0,0,0,0,0,0
2026-02-26,health,8,8,0,0,0,0,0,0,8,4,1,4,0,0,0,0,0,0
2026-02-26,housing,14,14,0,0,0,0,0,0,14,8,0,8,0,0,0,0,0,0
2026-02-26,money-and-tax,20,20,0,0,0,0,0,0,20,7,0,7,0,0,0,0,0,0
2026-02-26,moving-country,10,10,0,0,0,0,0,0,10,4,0,4,0,0,0,0,0,0
2026-02-26,returning-to-ireland,2,2,0,0,0,0,0,0,2,2,0,2,0,0,0,0,0,0
2026-02-26,social-welfare,92,90,2,0,0,0,0,0,92,42,0,42,0,0,0,0,0,0
2026-02-26,travel-and-recreation,7,6,1,0,0,0,0,0,7,2,0,1,1,0,0,0,0,0
2026-02-26,unknown,6,0,5,0,0,1,0,0,5,6,0,0,5,0,0,1,0,0
2026-02-27,about,1,1,0,0,0,0,0,0,1,1,0,1,0,0,0,0,0,0
2026-02-27,birth-family-relationships,2,2,0,0,0,0,0,0,2,2,0,2,0,0,0,0,0,0
2026-02-27,consumer,1,1,0,0,0,0,0,0,1,1,0,1,0,0,0,0,0,0
2026-02-27,death,1,1,0,0,0,0,0,0,1,1,0,1,0,0,0,0,0,0
2026-02-27,education,15,15,0,0,0,0,0,0,15,6,0,6,0,0,0,0,0,0
2026-02-27,employment,28,28,0,0,0,0,0,0,28,9,0,9,0,0,0,0,0,0
2026-02-27,environment,2,2,0,0,0,0,0,0,2,0,0,0,0,0,0,0,0,0
2026-02-27,health,6,6,0,0,0,0,0,0,6,4,0,4,0,0,0,0,0,0
2026-02-27,housing,11,10,1,0,0,0,0,0,11,6,0,5,1,0,0,0,0,0
2026-02-27,justice,7,6,1,0,0,0,0,0,7,3,0,2,1,0,0,0,0,0
2026-02-27,money-and-tax,23,21,1,0,0,1,0,0,22,8,0,7,1,0,0,0,0,0
2026-02-27,moving-country,15,14,0,0,0,1,0,0,14,7,0,7,0,0,0,0,0,0
2026-02-27,returning-to-ireland,8,8,0,0,0,0,0,0,8,3,0,3,0,0,0,0,0,0
2026-02-27,social-welfare,46,46,0,0,0,0,0,0,46,17,0,17,0,0,0,0,0,0
2026-02-27,travel-and-recreation,5,5,0,0,0,0,0,0,5,1,0,1,0,0,0,0,0,0
2026-02-27,unknown,3,0,2,0,0,1,0,0,2,3,0,0,2,0,0,1,0,0
2026-02-28,birth-family-relationships,2,2,0,0,0,0,0,0,2,1,0,1,0,0,0,0,0,0
2026-02-28,death,6,6,0,0,0,0,0,0,6,1,0,1,0,0,0,0,0,0
2026-02-28,education,1,1,0,0,0,0,0,0,1,1,0,1,0,0,0,0,0,0
2026-02-28,employment,6,6,0,0,0,0,0,0,6,2,0,2,0,0,0,0,0,0
2026-02-28,health,4,4,0,0,0,0,0,0,4,3,0,3,0,0,0,0,0,0
2026-02-28,housing,2,1,1,0,0,0,0,0,2,1,0,1,0,0,0,0,0,0
2026-02-28,money-and-tax,2,2,0,0,0,0,0,0,2,1,0,1,0,0,0,0,0,0
2026-02-28,moving-country,1,1,0,0,0,0,0,0,1,1,0,1,0,0,0,0,0,0
2026-02-28,social-welfare,14,14,0,0,0,0,0,0,14,8,0,8,0,0,0,0,0,0
2026-03-01,about,2,2,0,0,0,0,0,0,2,0,0,0,0,0,0,0,0,0
2026-03-01,education,2,2,0,0,0,0,0,0,2,1,0,1,0,0,0,0,0,0
2026-03-01,government-in-ireland,1,1,0,0,0,0,0,0,1,1,0,1,0,0,0,0,0,0
2026-03-01,health,2,2,0,0,0,0,0,0,2,2,0,2,0,0,0,0,0,0
2026-03-01,housing,14,14,0,0,0,0,0,0,14,6,0,6,0,0,0,0,0,0
2026-03-01,justice,2,1,1,0,0,0,0,0,2,1,0,0,1,0,0,0,0,0
2026-03-01,money-and-tax,6,6,0,0,0,0,0,0,6,0,0,0,0,0,0,0,0,0
2026-03-01,moving-country,5,4,0,0,0,0,0,1,5,3,0,3,0,0,0,0,0,0
2026-03-01,returning-to-ireland,1,1,0,0,0,0,0,0,1,0,0,0,0,0,0,0,0,0
2026-03-01,social-welfare,18,17,0,0,0,1,0,0,17,5,0,5,0,0,0,0,0,0
2026-03-01,travel-and-recreation,2,2,0,0,0,0,0,0,2,1,0,1,0,0,0,0,0,0
2026-03-01,unknown,5,0,3,1,0,0,1,0,4,5,0,0,3,1,0,0,1,0
2026-03-02,about,2,2,0,0,0,0,0,0,2,2,0,2,0,0,0,0,0,0
2026-03-02,education,3,3,0,0,0,0,0,0,3,1,0,1,0,0,0,0,0,0
2026-03-02,employment,18,17,1,0,0,0,0,0,18,10,0,9,1,0,0,0,0,0
2026-03-02,government-in-ireland,2,2,0,0,0,0,0,0,2,1,0,1,0,0,0,0,0,0
2026-03-02,health,17,16,0,1,0,0,0,0,17,9,0,8,0,1,0,0,0,0
2026-03-02,housing,23,22,0,1,0,0,0,0,23,9,0,9,0,0,0,0,0,0
2026-03-02,money-and-tax,14,14,0,0,0,0,0,0,14,5,0,5,0,0,0,0,0,0
2026-03-02,moving-country,14,14,0,0,0,0,0,0,14,5,0,5,0,0,0,0,0,0
2026-03-02,returning-to-ireland,10,9,1,0,0,0,0,0,10,5,0,5,0,0,0,0,0,0
2026-03-02,social-welfare,104,101,3,0,0,0,0,0,104,40,0,40,0,0,0,0,0,0
2026-03-02,travel-and-recreation,9,9,0,0,0,0,0,0,9,5,0,5,0,0,0,0,0,0
2026-03-02,unknown,14,2,8,0,0,3,0,1,11,13,0,1,8,0,0,3,0,1
2026-03-03,about,1,1,0,0,0,0,0,0,1,0,0,0,0,0,0,0,0,0
2026-03-03,birth-family-relationships,3,3,0,0,0,0,0,0,3,1,0,1,0,0,0,0,0,0
2026-03-03,consumer,6,4,0,0,0,0,0,2,6,1,0,1,0,0,0,0,0,0
2026-03-03,death,4,4,0,0,0,0,0,0,4,2,0,2,0,0,0,0,0,0
2026-03-03,education,4,4,0,0,0,0,0,0,4,4,0,4,0,0,0,0,0,0
2026-03-03,employment,28,27,1,0,0,0,0,0,28,12,0,12,0,0,0,0,0,0
2026-03-03,environment,3,3,0,0,0,0,0,0,3,3,0,3,0,0,0,0,0,0
2026-03-03,government-in-ireland,2,2,0,0,0,0,0,0,2,2,0,2,0,0,0,0,0,0
2026-03-03,health,8,8,0,0,0,0,0,0,8,6,0,6,0,0,0,0,0,0
2026-03-03,housing,14,14,0,0,0,0,0,0,14,7,0,7,0,0,0,0,0,0
2026-03-03,justice,2,2,0,0,0,0,0,0,2,0,0,0,0,0,0,0,0,0
2026-03-03,money-and-tax,14,14,0,0,0,0,0,0,14,9,0,9,0,0,0,0,0,0
2026-03-03,moving-country,15,14,0,0,0,0,1,0,14,8,0,8,0,0,0,0,0,0
2026-03-03,returning-to-ireland,5,5,0,0,0,0,0,0,5,3,0,3,0,0,0,0,0,0
2026-03-03,social-welfare,67,66,1,0,0,0,0,0,67,35,0,35,0,0,0,0,0,0
2026-03-03,travel-and-recreation,7,6,0,0,0,0,0,1,7,4,0,3,0,0,0,0,0,1
2026-03-03,unknown,12,0,9,1,0,1,1,0,10,10,0,0,7,1,0,1,1,0
2026-03-04,birth-family-relationships,6,4,1,0,0,0,0,1,6,3,0,2,1,0,0,0,0,0
2026-03-04,consumer,3,3,0,0,0,0,0,0,3,3,0,3,0,0,0,0,0,0
2026-03-04,death,2,2,0,0,0,0,0,0,2,1,0,1,0,0,0,0,0,0
2026-03-04,education,7,6,1,0,0,0,0,0,7,3,0,3,0,0,0,0,0,0
2026-03-04,employment,27,25,2,0,0,0,0,0,27,8,0,7,1,0,0,0,0,0
2026-03-04,environment,2,2,0,0,0,0,0,0,2,1,0,1,0,0,0,0,0,0
2026-03-04,government-in-ireland,1,1,0,0,0,0,0,0,1,0,0,0,0,0,0,0,0,0
2026-03-04,health,23,21,2,0,0,0,0,0,23,9,0,9,0,0,0,0,0,0
2026-03-04,housing,11,11,0,0,0,0,0,0,11,5,0,5,0,0,0,0,0,0
2026-03-04,justice,5,5,0,0,0,0,0,0,5,5,0,5,0,0,0,0,0,0
2026-03-04,money-and-tax,10,10,0,0,0,0,0,0,10,4,0,4,0,0,0,0,0,0
2026-03-04,moving-country,11,11,0,0,0,0,0,0,11,5,0,5,0,0,0,0,0,0
2026-03-04,returning-to-ireland,3,3,0,0,0,0,0,0,3,3,0,3,0,0,0,0,0,0
2026-03-04,social-welfare,77,75,2,0,0,0,0,0,77,42,0,40,2,0,0,0,0,0
2026-03-04,travel-and-recreation,4,4,0,0,0,0,0,0,4,3,0,3,0,0,0,0,0,0
2026-03-04,unknown,6,0,3,0,0,3,0,0,3,5,0,0,3,0,0,2,0,0
2026-03-05,about,2,2,0,0,0,0,0,0,2,1,0,1,0,0,0,0,0,0
2026-03-05,birth-family-relationships,5,5,0,0,0,0,0,0,5,3,0,3,0,0,0,0,0,0
2026-03-05,consumer,2,2,0,0,0,0,0,0,2,0,0,0,0,0,0,0,0,0
2026-03-05,death,5,5,0,0,0,0,0,0,5,3,0,3,0,0,0,0,0,0
2026-03-05,education,1,1,0,0,0,0,0,0,1,1,0,1,0,0,0,0,0,0
2026-03-05,employment,26,23,3,0,0,0,0,0,26,13,0,13,0,0,0,0,0,0
2026-03-05,environment,2,2,0,0,0,0,0,0,2,1,0,1,0,0,0,0,0,0
2026-03-05,government-in-ireland,1,1,0,0,0,0,0,0,1,1,0,1,0,0,0,0,0,0
2026-03-05,health,5,5,0,0,0,0,0,0,5,2,0,2,0,0,0,0,0,0
2026-03-05,housing,14,13,1,0,0,0,0,0,14,6,0,6,0,0,0,0,0,0
2026-03-05,justice,5,3,0,0,0,2,0,0,3,2,0,2,0,0,0,0,0,0
2026-03-05,money-and-tax,24,23,1,0,0,0,0,0,24,9,0,9,0,0,0,0,0,0
2026-03-05,moving-country,15,15,0,0,0,0,0,0,15,7,0,7,0,0,0,0,0,0
2026-03-05,returning-to-ireland,3,3,0,0,0,0,0,0,3,3,0,3,0,0,0,0,0,0
2026-03-05,social-welfare,84,84,0,0,0,0,0,0,84,43,1,43,0,0,0,0,0,0
2026-03-05,travel-and-recreation,6,6,0,0,0,0,0,0,6,3,0,3,0,0,0,0,0,0
2026-03-05,unknown,7,0,3,0,0,3,0,1,4,6,0,0,2,0,0,3,0,1
2026-03-06,birth-family-relationships,3,3,0,0,0,0,0,0,3,2,0,2,0,0,0,0,0,0
2026-03-06,consumer,4,3,0,0,0,1,0,0,3,2,0,2,0,0,0,0,0,0
2026-03-06,death,7,7,0,0,0,0,0,0,7,2,0,2,0,0,0,0,0,0
2026-03-06,education,2,2,0,0,0,0,0,0,2,1,0,1,0,0,0,0,0,0
2026-03-06,employment,30,29,1,0,0,0,0,0,30,12,0,12,0,0,0,0,0,0
2026-03-06,government-in-ireland,2,2,0,0,0,0,0,0,2,2,0,2,0,0,0,0,0,0
2026-03-06,health,18,18,0,0,0,0,0,0,18,5,0,5,0,0,0,0,0,0
2026-03-06,housing,8,7,0,0,0,1,0,0,7,4,0,4,0,0,0,0,0,0
2026-03-06,justice,2,2,0,0,0,0,0,0,2,1,0,1,0,0,0,0,0,0
2026-03-06,money-and-tax,11,11,0,0,0,0,0,0,11,5,0,5,0,0,0,0,0,0
2026-03-06,moving-country,9,8,0,0,0,1,0,0,8,5,0,5,0,0,0,0,0,0
2026-03-06,returning-to-ireland,2,2,0,0,0,0,0,0,2,1,0,1,0,0,0,0,0,0
2026-03-06,social-welfare,46,46,0,0,0,0,0,0,46,29,0,29,0,0,0,0,0,0
2026-03-06,travel-and-recreation,6,6,0,0,0,0,0,0,6,2,0,2,0,0,0,0,0,0
2026-03-06,unknown,6,0,5,0,0,1,0,0,5,5,0,0,4,0,0,1,0,0
2026-03-07,birth-family-relationships,4,4,0,0,0,0,0,0,4,1,0,1,0,0,0,0,0,0
2026-03-07,death,3,3,0,0,0,0,0,0,3,0,0,0,0,0,0,0,0,0
2026-03-07,employment,4,4,0,0,0,0,0,0,4,2,0,2,0,0,0,0,0,0
2026-03-07,health,1,1,0,0,0,0,0,0,1,0,0,0,0,0,0,0,0,0
2026-03-07,money-and-tax,2,2,0,0,0,0,0,0,2,2,0,2,0,0,0,0,0,0
2026-03-07,moving-country,3,3,0,0,0,0,0,0,3,2,0,2,0,0,0,0,0,0
2026-03-07,social-welfare,23,19,1,0,0,1,1,1,21,5,1,5,0,0,0,0,0,0
2026-03-07,travel-and-recreation,1,1,0,0,0,0,0,0,1,1,0,1,0,0,0,0,0,0
2026-03-07,unknown,2,0,1,0,0,0,0,1,2,2,0,0,1,0,0,0,0,1
2026-03-08,birth-family-relationships,2,2,0,0,0,0,0,0,2,2,0,2,0,0,0,0,0,0
2026-03-08,employment,12,12,0,0,0,0,0,0,12,2,0,2,0,0,0,0,0,0
2026-03-08,environment,1,1,0,0,0,0,0,0,1,1,0,1,0,0,0,0,0,0
2026-03-08,social-welfare,5,5,0,0,0,0,0,0,5,2,0,2,0,0,0,0,0,0
2026-03-08,travel-and-recreation,3,3,0,0,0,0,0,0,3,3,0,3,0,0,0,0,0,0
2026-03-08,unknown,1,0,0,0,0,1,0,0,0,1,0,0,0,0,0,1,0,0
2026-03-09,about,1,1,0,0,0,0,0,0,1,1,0,1,0,0,0,0,0,0
2026-03-09,birth-family-relationships,4,4,0,0,0,0,0,0,4,2,0,2,0,0,0,0,0,0
2026-03-09,consumer,1,1,0,0,0,0,0,0,1,1,0,1,0,0,0,0,0,0
2026-03-09,death,2,2,0,0,0,0,0,0,2,2,0,2,0,0,0,0,0,0
2026-03-09,education,7,6,1,0,0,0,0,0,7,1,0,1,0,0,0,0,0,0
2026-03-09,employment,10,10,0,0,0,0,0,0,10,6,0,6,0,0,0,0,0,0
2026-03-09,environment,1,1,0,0,0,0,0,0,1,1,0,1,0,0,0,0,0,0
2026-03-09,government-in-ireland,1,1,0,0,0,0,0,0,1,0,0,0,0,0,0,0,0,0
2026-03-09,health,12,11,0,0,0,0,0,1,12,6,0,6,0,0,0,0,0,0
2026-03-09,housing,34,33,1,0,0,0,0,0,34,15,0,15,0,0,0,0,0,0
2026-03-09,justice,1,1,0,0,0,0,0,0,1,1,0,1,0,0,0,0,0,0
2026-03-09,money-and-tax,16,15,1,0,0,0,0,0,16,3,0,3,0,0,0,0,0,0
2026-03-09,moving-country,16,16,0,0,0,0,0,0,16,7,0,7,0,0,0,0,0,0
2026-03-09,returning-to-ireland,8,8,0,0,0,0,0,0,8,4,0,4,0,0,0,0,0,0
2026-03-09,social-welfare,76,74,1,0,1,0,0,0,75,36,0,36,0,0,0,0,0,0
2026-03-09,travel-and-recreation,7,7,0,0,0,0,0,0,7,5,0,5,0,0,0,0,0,0
2026-03-09,unknown,9,0,3,1,2,2,1,0,4,7,0,0,3,1,0,2,1,0
2026-03-10,birth-family-relationships,2,2,0,0,0,0,0,0,2,1,0,1,0,0,0,0,0,0
2026-03-10,consumer,4,3,1,0,0,0,0,0,4,2,0,2,0,0,0,0,0,0
2026-03-10,death,3,3,0,0,0,0,0,0,3,2,0,2,0,0,0,0,0,0
2026-03-10,education,2,2,0,0,0,0,0,0,2,2,0,2,0,0,0,0,0,0
2026-03-10,employment,27,27,0,0,0,0,0,0,27,10,0,10,0,0,0,0,0,0
2026-03-10,government-in-ireland,4,3,1,0,0,0,0,0,4,1,0,0,1,0,0,0,0,0
2026-03-10,health,5,5,0,0,0,0,0,0,5,5,0,5,0,0,0,0,0,0
2026-03-10,housing,12,11,0,0,0,0,1,0,11,5,0,4,0,0,0,0,1,0
2026-03-10,justice,1,1,0,0,0,0,0,0,1,1,0,1,0,0,0,0,0,0
2026-03-10,money-and-tax,28,27,0,1,0,0,0,0,28,7,0,6,0,1,0,0,0,0
2026-03-10,moving-country,18,17,1,0,0,0,0,0,18,13,0,13,0,0,0,0,0,0
2026-03-10,returning-to-ireland,8,8,0,0,0,0,0,0,8,7,0,7,0,0,0,0,0,0
2026-03-10,social-welfare,75,72,0,2,0,0,0,1,75,41,0,40,0,1,0,0,0,0
2026-03-10,travel-and-recreation,7,6,0,0,0,1,0,0,6,3,0,3,0,0,0,0,0,0
2026-03-10,unknown,8,0,7,0,1,0,0,0,7,7,0,0,7,0,0,0,0,0
2026-03-11,about,4,3,1,0,0,0,0,0,4,3,0,2,1,0,0,0,0,0
2026-03-11,birth-family-relationships,4,3,1,0,0,0,0,0,4,1,0,0,1,0,0,0,0,0
2026-03-11,consumer,4,4,0,0,0,0,0,0,4,2,0,2,0,0,0,0,0,0
2026-03-11,education,5,5,0,0,0,0,0,0,5,4,0,4,0,0,0,0,0,0
2026-03-11,employment,33,30,2,1,0,0,0,0,33,14,0,14,0,0,0,0,0,0
2026-03-11,environment,1,1,0,0,0,0,0,0,1,1,0,1,0,0,0,0,0,0
2026-03-11,government-in-ireland,4,3,1,0,0,0,0,0,4,1,0,1,0,0,0,0,0,0
2026-03-11,health,13,10,1,1,1,0,0,0,12,6,0,4,1,1,0,0,0,0
2026-03-11,housing,1,1,0,0,0,0,0,0,1,1,0,1,0,0,0,0,0,0
2026-03-11,justice,2,2,0,0,0,0,0,0,2,2,0,2,0,0,0,0,0,0
2026-03-11,money-and-tax,23,23,0,0,0,0,0,0,23,6,0,6,0,0,0,0,0,0
2026-03-11,moving-country,14,13,0,0,0,1,0,0,13,5,0,4,0,0,0,1,0,0
2026-03-11,returning-to-ireland,7,7,0,0,0,0,0,0,7,0,0,0,0,0,0,0,0,0
2026-03-11,social-welfare,99,92,3,2,0,1,0,1,98,44,0,44,0,0,0,0,0,0
2026-03-11,travel-and-recreation,4,3,1,0,0,0,0,0,4,2,0,1,1,0,0,0,0,0
2026-03-11,unknown,9,0,6,2,1,0,0,0,8,8,0,0,6,2,0,0,0,0
2026-03-12,about,2,2,0,0,0,0,0,0,2,2,0,2,0,0,0,0,0,0
2026-03-12,birth-family-relationships,9,9,0,0,0,0,0,0,9,6,0,6,0,0,0,0,0,0
2026-03-12,consumer,1,1,0,0,0,0,0,0,1,1,0,1,0,0,0,0,0,0
2026-03-12,death,1,1,0,0,0,0,0,0,1,1,0,1,0,0,0,0,0,0
2026-03-12,education,24,21,1,1,1,0,0,0,23,5,0,5,0,0,0,0,0,0
2026-03-12,employment,18,17,1,0,0,0,0,0,18,10,0,9,1,0,0,0,0,0
2026-03-12,environment,2,2,0,0,0,0,0,0,2,1,0,1,0,0,0,0,0,0
2026-03-12,government-in-ireland,4,4,0,0,0,0,0,0,4,2,0,2,0,0,0,0,0,0
2026-03-12,health,31,25,1,2,0,0,3,0,28,11,0,10,0,0,0,0,1,0
2026-03-12,housing,22,20,0,1,0,0,0,1,22,11,0,10,0,1,0,0,0,0
2026-03-12,justice,7,7,0,0,0,0,0,0,7,4,0,4,0,0,0,0,0,0
2026-03-12,money-and-tax,21,20,0,0,0,0,0,1,21,12,0,12,0,0,0,0,0,0
2026-03-12,moving-country,25,22,0,1,0,0,0,2,25,7,0,7,0,0,0,0,0,0
2026-03-12,returning-to-ireland,6,6,0,0,0,0,0,0,6,1,0,1,0,0,0,0,0,0
2026-03-12,social-welfare,88,86,0,1,0,1,0,0,87,27,0,27,0,0,0,0,0,0
2026-03-12,travel-and-recreation,6,6,0,0,0,0,0,0,6,5,0,5,0,0,0,0,0,0
2026-03-12,unknown,13,0,10,0,2,0,1,0,10,13,0,0,10,0,2,0,1,0
2026-03-13,birth-family-relationships,8,8,0,0,0,0,0,0,8,5,0,5,0,0,0,0,0,0
2026-03-13,consumer,2,2,0,0,0,0,0,0,2,1,0,1,0,0,0,0,0,0
2026-03-13,death,1,1,0,0,0,0,0,0,1,1,0,1,0,0,0,0,0,0
2026-03-13,education,1,1,0,0,0,0,0,0,1,1,0,1,0,0,0,0,0,0
2026-03-13,employment,25,24,0,1,0,0,0,0,25,15,0,14,0,1,0,0,0,0
2026-03-13,government-in-ireland,2,2,0,0,0,0,0,0,2,1,0,1,0,0,0,0,0,0
2026-03-13,health,12,11,0,1,0,0,0,0,12,8,0,7,0,1,0,0,0,0
2026-03-13,housing,10,10,0,0,0,0,0,0,10,4,0,4,0,0,0,0,0,0
2026-03-13,justice,3,3,0,0,0,0,0,0,3,1,0,1,0,0,0,0,0,0
2026-03-13,money-and-tax,27,24,1,1,0,1,0,0,26,11,0,10,0,1,0,0,0,0
2026-03-13,moving-country,22,20,0,1,0,1,0,0,21,8,0,8,0,0,0,0,0,0
2026-03-13,returning-to-ireland,6,6,0,0,0,0,0,0,6,2,0,2,0,0,0,0,0,0
2026-03-13,social-welfare,50,50,0,0,0,0,0,0,50,28,0,28,0,0,0,0,0,0
2026-03-13,travel-and-recreation,7,7,0,0,0,0,0,0,7,5,0,5,0,0,0,0,0,0
2026-03-13,unknown,14,0,6,6,1,1,0,0,12,12,0,0,5,5,1,1,0,0
2026-03-14,about,4,4,0,0,0,0,0,0,4,1,0,1,0,0,0,0,0,0
2026-03-14,birth-family-relationships,1,1,0,0,0,0,0,0,1,0,0,0,0,0,0,0,0,0
2026-03-14,consumer,1,1,0,0,0,0,0,0,1,1,0,1,0,0,0,0,0,0
2026-03-14,death,1,1,0,0,0,0,0,0,1,0,0,0,0,0,0,0,0,0
2026-03-14,health,1,1,0,0,0,0,0,0,1,1,0,1,0,0,0,0,0,0
2026-03-14,justice,1,1,0,0,0,0,0,0,1,0,0,0,0,0,0,0,0,0
2026-03-14,money-and-tax,3,3,0,0,0,0,0,0,3,0,0,0,0,0,0,0,0,0
2026-03-14,moving-country,1,1,0,0,0,0,0,0,1,1,0,1,0,0,0,0,0,0
2026-03-14,social-welfare,9,9,0,0,0,0,0,0,9,4,0,4,0,0,0,0,0,0
2026-03-14,travel-and-recreation,3,2,0,0,0,1,0,0,2,2,0,2,0,0,0,0,0,0
2026-03-15,employment,6,6,0,0,0,0,0,0,6,2,0,2,0,0,0,0,0,0
2026-03-15,housing,3,3,0,0,0,0,0,0,3,1,0,1,0,0,0,0,0,0
2026-03-15,money-and-tax,5,5,0,0,0,0,0,0,5,1,0,1,0,0,0,0,0,0
2026-03-15,moving-country,2,2,0,0,0,0,0,0,2,1,0,1,0,0,0,0,0,0
2026-03-15,social-welfare,5,4,0,0,0,0,0,1,5,2,0,2,0,0,0,0,0,0
2026-03-15,travel-and-recreation,3,3,0,0,0,0,0,0,3,2,0,2,0,0,0,0,0,0
2026-03-15,unknown,1,0,1,0,0,0,0,0,1,1,0,0,1,0,0,0,0,0
2026-03-16,birth-family-relationships,4,4,0,0,0,0,0,0,4,2,0,2,0,0,0,0,0,0
2026-03-16,education,15,12,0,0,0,3,0,0,12,7,0,7,0,0,0,0,0,0
2026-03-16,employment,12,9,1,1,0,0,0,1,12,6,0,6,0,0,0,0,0,0
2026-03-16,health,5,4,1,0,0,0,0,0,5,3,0,2,1,0,0,0,0,0
2026-03-16,housing,14,14,0,0,0,0,0,0,14,4,0,4,0,0,0,0,0,0
2026-03-16,justice,2,2,0,0,0,0,0,0,2,1,0,1,0,0,0,0,0,0
2026-03-16,money-and-tax,27,27,0,0,0,0,0,0,27,11,0,11,0,0,0,0,0,0
2026-03-16,moving-country,6,4,1,1,0,0,0,0,6,3,0,1,1,1,0,0,0,0
2026-03-16,returning-to-ireland,7,7,0,0,0,0,0,0,7,4,0,4,0,0,0,0,0,0
2026-03-16,social-welfare,79,76,0,0,0,1,0,2,78,42,0,42,0,0,0,0,0,0
2026-03-16,travel-and-recreation,5,4,0,1,0,0,0,0,5,3,0,2,0,1,0,0,0,0
2026-03-16,unknown,11,0,7,2,2,0,0,0,9,9,0,0,6,2,1,0,0,0
2026-03-17,about,1,1,0,0,0,0,0,0,1,0,0,0,0,0,0,0,0,0
2026-03-17,death,2,2,0,0,0,0,0,0,2,2,0,2,0,0,0,0,0,0
2026-03-17,education,2,2,0,0,0,0,0,0,2,1,0,1,0,0,0,0,0,0
2026-03-17,employment,3,3,0,0,0,0,0,0,3,1,0,1,0,0,0,0,0,0
2026-03-17,health,6,6,0,0,0,0,0,0,6,3,0,3,0,0,0,0,0,0
2026-03-17,justice,2,2,0,0,0,0,0,0,2,1,0,1,0,0,0,0,0,0
2026-03-17,money-and-tax,9,9,0,0,0,0,0,0,9,1,0,1,0,0,0,0,0,0
2026-03-17,moving-country,4,3,0,1,0,0,0,0,4,2,0,1,0,1,0,0,0,0
2026-03-17,returning-to-ireland,3,3,0,0,0,0,0,0,3,1,0,1,0,0,0,0,0,0
2026-03-17,social-welfare,13,10,0,0,1,2,0,0,10,3,0,3,0,0,0,0,0,0
2026-03-17,travel-and-recreation,3,3,0,0,0,0,0,0,3,3,0,3,0,0,0,0,0,0
2026-03-17,unknown,3,0,2,0,1,0,0,0,2,2,0,0,2,0,0,0,0,0
2026-03-18,about,4,4,0,0,0,0,0,0,4,2,0,2,0,0,0,0,0,0
2026-03-18,birth-family-relationships,5,4,0,1,0,0,0,0,5,3,0,3,0,0,0,0,0,0
2026-03-18,consumer,2,2,0,0,0,0,0,0,2,2,0,2,0,0,0,0,0,0
2026-03-18,death,3,3,0,0,0,0,0,0,3,2,0,2,0,0,0,0,0,0
2026-03-18,education,5,5,0,0,0,0,0,0,5,2,0,2,0,0,0,0,0,0
2026-03-18,employment,9,9,0,0,0,0,0,0,9,4,0,4,0,0,0,0,0,0
2026-03-18,environment,2,2,0,0,0,0,0,0,2,1,0,1,0,0,0,0,0,0
2026-03-18,government-in-ireland,4,2,0,1,0,1,0,0,3,1,0,0,0,0,0,1,0,0
2026-03-18,health,3,3,0,0,0,0,0,0,3,2,0,2,0,0,0,0,0,0
2026-03-18,housing,7,7,0,0,0,0,0,0,7,6,0,6,0,0,0,0,0,0
2026-03-18,justice,4,4,0,0,0,0,0,0,4,3,0,3,0,0,0,0,0,0
2026-03-18,money-and-tax,7,7,0,0,0,0,0,0,7,2,0,2,0,0,0,0,0,0
2026-03-18,moving-country,19,18,1,0,0,0,0,0,19,9,0,8,1,0,0,0,0,0
2026-03-18,returning-to-ireland,7,6,1,0,0,0,0,0,7,4,0,4,0,0,0,0,0,0
2026-03-18,social-welfare,131,115,4,5,0,6,0,1,125,51,0,50,0,1,0,0,0,0
2026-03-18,travel-and-recreation,3,3,0,0,0,0,0,0,3,3,0,3,0,0,0,0,0,0
2026-03-18,unknown,8,0,3,1,4,0,0,0,4,7,0,0,3,1,3,0,0,0
2026-03-19,birth-family-relationships,10,9,0,1,0,0,0,0,10,4,0,3,0,1,0,0,0,0
2026-03-19,consumer,4,4,0,0,0,0,0,0,4,2,0,2,0,0,0,0,0,0
2026-03-19,death,2,1,1,0,0,0,0,0,2,1,0,1,0,0,0,0,0,0
2026-03-19,education,7,6,1,0,0,0,0,0,7,2,0,1,1,0,0,0,0,0
2026-03-19,employment,24,22,2,0,0,0,0,0,24,6,0,6,0,0,0,0,0,0
2026-03-19,environment,1,1,0,0,0,0,0,0,1,0,0,0,0,0,0,0,0,0
2026-03-19,health,5,5,0,0,0,0,0,0,5,5,0,5,0,0,0,0,0,0
2026-03-19,housing,16,15,0,1,0,0,0,0,16,6,0,6,0,0,0,0,0,0
2026-03-19,justice,3,2,1,0,0,0,0,0,3,2,0,2,0,0,0,0,0,0
2026-03-19,money-and-tax,15,14,1,0,0,0,0,0,15,3,0,3,0,0,0,0,0,0
2026-03-19,moving-country,10,10,0,0,0,0,0,0,10,4,0,4,0,0,0,0,0,0
2026-03-19,returning-to-ireland,5,5,0,0,0,0,0,0,5,2,0,2,0,0,0,0,0,0
2026-03-19,social-welfare,99,96,1,2,0,0,0,0,99,46,0,44,1,1,0,0,0,0
2026-03-19,travel-and-recreation,12,10,2,0,0,0,0,0,12,6,0,5,1,0,0,0,0,0
2026-03-19,unknown,8,0,4,1,2,1,0,0,5,8,0,0,4,1,2,1,0,0
2026-03-20,birth-family-relationships,2,2,0,0,0,0,0,0,2,1,0,1,0,0,0,0,0,0
2026-03-20,education,4,4,0,0,0,0,0,0,4,2,0,2,0,0,0,0,0,0
2026-03-20,employment,17,16,1,0,0,0,0,0,17,6,0,6,0,0,0,0,0,0
2026-03-20,health,3,3,0,0,0,0,0,0,3,3,0,3,0,0,0,0,0,0
2026-03-20,housing,34,31,1,2,0,0,0,0,34,11,0,10,0,1,0,0,0,0
2026-03-20,justice,1,1,0,0,0,0,0,0,1,1,0,1,0,0,0,0,0,0
2026-03-20,money-and-tax,14,13,1,0,0,0,0,0,14,6,0,6,0,0,0,0,0,0
2026-03-20,moving-country,5,5,0,0,0,0,0,0,5,3,0,3,0,0,0,0,0,0
2026-03-20,returning-to-ireland,1,1,0,0,0,0,0,0,1,1,0,1,0,0,0,0,0,0
2026-03-20,social-welfare,78,73,1,3,0,0,0,1,78,28,0,26,0,2,0,0,0,0
2026-03-20,travel-and-recreation,2,2,0,0,0,0,0,0,2,2,0,2,0,0,0,0,0,0
2026-03-20,unknown,10,0,9,1,0,0,0,0,10,10,0,0,9,1,0,0,0,0
2026-03-21,health,2,2,0,0,0,0,0,0,2,0,0,0,0,0,0,0,0,0
2026-03-21,moving-country,2,2,0,0,0,0,0,0,2,2,0,2,0,0,0,0,0,0
2026-03-21,social-welfare,3,3,0,0,0,0,0,0,3,2,0,2,0,0,0,0,0,0
2026-03-21,unknown,2,0,2,0,0,0,0,0,2,2,0,0,2,0,0,0,0,0
2026-03-22,birth-family-relationships,10,10,0,0,0,0,0,0,10,2,0,2,0,0,0,0,0,0
2026-03-22,death,2,2,0,0,0,0,0,0,2,1,0,1,0,0,0,0,0,0
2026-03-22,health,1,1,0,0,0,0,0,0,1,1,0,1,0,0,0,0,0,0
2026-03-22,housing,3,2,0,1,0,0,0,0,3,2,0,2,0,0,0,0,0,0
2026-03-22,money-and-tax,8,7,0,0,0,0,0,1,8,2,1,1,0,0,0,0,0,1
2026-03-22,moving-country,17,15,1,0,0,0,1,0,16,2,0,1,1,0,0,0,0,0
2026-03-22,returning-to-ireland,1,1,0,0,0,0,0,0,1,1,0,1,0,0,0,0,0,0
2026-03-22,social-welfare,11,11,0,0,0,0,0,0,11,4,0,4,0,0,0,0,0,0
2026-03-22,unknown,2,0,1,0,1,0,0,0,1,1,0,0,1,0,0,0,0,0
2026-03-23,about,1,1,0,0,0,0,0,0,1,0,0,0,0,0,0,0,0,0
2026-03-23,birth-family-relationships,9,8,1,0,0,0,0,0,9,6,0,6,0,0,0,0,0,0
2026-03-23,consumer,6,6,0,0,0,0,0,0,6,4,0,4,0,0,0,0,0,0
2026-03-23,death,1,1,0,0,0,0,0,0,1,1,0,1,0,0,0,0,0,0
2026-03-23,education,6,6,0,0,0,0,0,0,6,3,0,3,0,0,0,0,0,0
2026-03-23,employment,15,14,1,0,0,0,0,0,15,5,0,5,0,0,0,0,0,0
2026-03-23,health,9,9,0,0,0,0,0,0,9,4,0,4,0,0,0,0,0,0
2026-03-23,housing,13,11,1,0,0,0,0,1,13,8,0,7,0,0,0,0,0,1
2026-03-23,justice,3,3,0,0,0,0,0,0,3,1,0,1,0,0,0,0,0,0
2026-03-23,money-and-tax,40,37,0,2,0,1,0,0,39,12,0,11,0,1,0,0,0,0
2026-03-23,moving-country,28,26,0,2,0,0,0,0,28,10,0,10,0,0,0,0,0,0
2026-03-23,returning-to-ireland,4,4,0,0,0,0,0,0,4,2,0,2,0,0,0,0,0,0
2026-03-23,social-welfare,76,68,3,1,0,0,1,3,75,35,0,34,1,0,0,0,0,0
2026-03-23,travel-and-recreation,9,7,1,0,0,0,0,1,9,5,0,4,0,0,0,0,0,1
2026-03-23,unknown,16,0,6,3,4,1,1,1,10,11,0,0,5,1,3,1,0,1
2026-03-24,about,12,11,1,0,0,0,0,0,12,3,0,3,0,0,0,0,0,0
2026-03-24,birth-family-relationships,10,8,1,1,0,0,0,0,10,4,0,2,1,1,0,0,0,0
2026-03-24,consumer,16,16,0,0,0,0,0,0,16,12,0,12,0,0,0,0,0,0
2026-03-24,death,2,2,0,0,0,0,0,0,2,1,0,1,0,0,0,0,0,0
2026-03-24,education,8,8,0,0,0,0,0,0,8,3,0,3,0,0,0,0,0,0
2026-03-24,employment,37,31,5,0,1,0,0,0,36,12,0,12,0,0,0,0,0,0
2026-03-24,environment,1,1,0,0,0,0,0,0,1,1,0,1,0,0,0,0,0,0
2026-03-24,government-in-ireland,1,1,0,0,0,0,0,0,1,1,0,1,0,0,0,0,0,0
2026-03-24,health,9,9,0,0,0,0,0,0,9,6,0,6,0,0,0,0,0,0
2026-03-24,housing,24,21,1,1,1,0,0,0,23,8,0,8,0,0,0,0,0,0
2026-03-24,justice,2,2,0,0,0,0,0,0,2,1,0,1,0,0,0,0,0,0
2026-03-24,money-and-tax,22,21,0,0,1,0,0,0,21,10,0,10,0,0,0,0,0,0
2026-03-24,moving-country,13,12,0,1,0,0,0,0,13,8,0,7,0,1,0,0,0,0
2026-03-24,returning-to-ireland,8,7,0,1,0,0,0,0,8,4,0,3,0,1,0,0,0,0
2026-03-24,social-welfare,130,125,3,2,0,0,0,0,130,58,0,57,1,0,0,0,0,0
2026-03-24,travel-and-recreation,8,7,0,0,0,1,0,0,7,4,0,4,0,0,0,0,0,0
2026-03-24,unknown,21,0,9,8,3,0,1,0,17,14,0,0,8,4,1,0,1,0
2026-03-25,about,5,5,0,0,0,0,0,0,5,1,0,1,0,0,0,0,0,0
2026-03-25,birth-family-relationships,10,10,0,0,0,0,0,0,10,3,0,3,0,0,0,0,0,0
2026-03-25,consumer,2,2,0,0,0,0,0,0,2,2,0,2,0,0,0,0,0,0
2026-03-25,death,1,1,0,0,0,0,0,0,1,0,0,0,0,0,0,0,0,0
2026-03-25,education,1,1,0,0,0,0,0,0,1,1,0,1,0,0,0,0,0,0
2026-03-25,employment,27,25,1,1,0,0,0,0,27,10,0,9,1,0,0,0,0,0
2026-03-25,environment,1,1,0,0,0,0,0,0,1,0,0,0,0,0,0,0,0,0
2026-03-25,government-in-ireland,5,3,0,0,0,1,1,0,3,1,0,0,0,0,0,1,0,0
2026-03-25,health,13,12,0,1,0,0,0,0,13,7,0,6,0,1,0,0,0,0
2026-03-25,housing,12,12,0,0,0,0,0,0,12,9,0,9,0,0,0,0,0,0
2026-03-25,justice,2,2,0,0,0,0,0,0,2,0,0,0,0,0,0,0,0,0
2026-03-25,money-and-tax,19,16,0,2,0,0,1,0,18,9,0,7,0,2,0,0,0,0
2026-03-25,moving-country,9,8,0,1,0,0,0,0,9,4,0,3,0,1,0,0,0,0
2026-03-25,returning-to-ireland,2,2,0,0,0,0,0,0,2,2,0,2,0,0,0,0,0,0
2026-03-25,social-welfare,128,121,2,3,0,2,0,0,126,53,0,50,0,2,0,1,0,0
2026-03-25,travel-and-recreation,8,7,0,1,0,0,0,0,8,5,0,4,0,1,0,0,0,0
2026-03-25,unknown,27,0,13,4,2,4,2,2,19,22,0,0,10,4,2,3,2,1
2026-03-26,about,8,6,0,2,0,0,0,0,8,2,0,0,0,2,0,0,0,0
2026-03-26,birth-family-relationships,2,2,0,0,0,0,0,0,2,0,0,0,0,0,0,0,0,0
2026-03-26,consumer,3,3,0,0,0,0,0,0,3,2,0,2,0,0,0,0,0,0
2026-03-26,death,2,2,0,0,0,0,0,0,2,1,0,1,0,0,0,0,0,0
2026-03-26,education,6,6,0,0,0,0,0,0,6,3,0,3,0,0,0,0,0,0
2026-03-26,employment,30,30,0,0,0,0,0,0,30,12,0,12,0,0,0,0,0,0
2026-03-26,environment,2,1,1,0,0,0,0,0,2,1,0,1,0,0,0,0,0,0
2026-03-26,government-in-ireland,1,1,0,0,0,0,0,0,1,1,0,1,0,0,0,0,0,0
2026-03-26,health,4,4,0,0,0,0,0,0,4,3,0,3,0,0,0,0,0,0
2026-03-26,housing,34,27,1,3,0,0,2,1,32,11,0,9,0,0,0,0,2,0
2026-03-26,justice,2,1,1,0,0,0,0,0,2,1,0,1,0,0,0,0,0,0
2026-03-26,money-and-tax,27,26,1,0,0,0,0,0,27,12,0,12,0,0,0,0,0,0
2026-03-26,moving-country,27,26,0,1,0,0,0,0,27,8,0,8,0,0,0,0,0,0
2026-03-26,returning-to-ireland,5,5,0,0,0,0,0,0,5,2,0,2,0,0,0,0,0,0
2026-03-26,social-welfare,114,108,3,2,0,0,0,1,114,48,0,47,0,1,0,0,0,0
2026-03-26,travel-and-recreation,18,11,4,2,0,1,0,0,17,4,0,3,1,0,0,0,0,0
2026-03-26,unknown,12,0,4,1,5,0,2,0,5,10,0,0,4,0,4,0,2,0
2026-03-27,about,4,3,0,1,0,0,0,0,4,2,0,2,0,0,0,0,0,0
2026-03-27,birth-family-relationships,5,5,0,0,0,0,0,0,5,1,0,1,0,0,0,0,0,0
2026-03-27,death,4,3,0,1,0,0,0,0,4,2,0,1,0,1,0,0,0,0
2026-03-27,education,3,2,0,1,0,0,0,0,3,2,0,2,0,0,0,0,0,0
2026-03-27,employment,11,11,0,0,0,0,0,0,11,2,0,2,0,0,0,0,0,0
2026-03-27,health,8,8,0,0,0,0,0,0,8,3,0,3,0,0,0,0,0,0
2026-03-27,housing,8,5,1,2,0,0,0,0,8,2,0,1,0,1,0,0,0,0
2026-03-27,justice,4,4,0,0,0,0,0,0,4,1,0,1,0,0,0,0,0,0
2026-03-27,money-and-tax,15,14,0,0,0,0,0,1,15,11,0,11,0,0,0,0,0,0
2026-03-27,moving-country,17,17,0,0,0,0,0,0,17,7,0,7,0,0,0,0,0,0
2026-03-27,returning-to-ireland,1,1,0,0,0,0,0,0,1,1,0,1,0,0,0,0,0,0
2026-03-27,social-welfare,81,75,3,0,3,0,0,0,78,35,0,34,1,0,0,0,0,0
2026-03-27,travel-and-recreation,29,16,6,3,0,2,0,2,27,6,0,6,0,0,0,0,0,0
2026-03-27,unknown,14,0,9,2,2,1,0,0,11,12,0,0,8,1,2,1,0,0
2026-03-28,birth-family-relationships,7,7,0,0,0,0,0,0,7,2,0,2,0,0,0,0,0,0
2026-03-28,consumer,5,4,0,0,1,0,0,0,4,4,0,4,0,0,0,0,0,0
2026-03-28,employment,5,5,0,0,0,0,0,0,5,2,0,2,0,0,0,0,0,0
2026-03-28,housing,4,4,0,0,0,0,0,0,4,1,0,1,0,0,0,0,0,0
2026-03-28,money-and-tax,8,7,0,1,0,0,0,0,8,3,0,2,0,1,0,0,0,0
2026-03-28,social-welfare,10,9,0,1,0,0,0,0,10,4,0,3,0,1,0,0,0,0
2026-03-28,unknown,5,0,3,0,2,0,0,0,3,5,0,0,3,0,2,0,0,0
2026-03-29,birth-family-relationships,2,2,0,0,0,0,0,0,2,1,0,1,0,0,0,0,0,0
2026-03-29,consumer,4,4,0,0,0,0,0,0,4,3,0,3,0,0,0,0,0,0
2026-03-29,education,1,1,0,0,0,0,0,0,1,0,0,0,0,0,0,0,0,0
2026-03-29,employment,2,2,0,0,0,0,0,0,2,2,0,2,0,0,0,0,0,0
2026-03-29,health,2,2,0,0,0,0,0,0,2,1,0,1,0,0,0,0,0,0
2026-03-29,housing,10,7,3,0,0,0,0,0,10,4,0,3,1,0,0,0,0,0
2026-03-29,justice,3,3,0,0,0,0,0,0,3,3,0,3,0,0,0,0,0,0
2026-03-29,money-and-tax,11,8,0,0,0,0,0,3,11,6,0,6,0,0,0,0,0,0
2026-03-29,moving-country,4,4,0,0,0,0,0,0,4,2,0,2,0,0,0,0,0,0
2026-03-29,returning-to-ireland,1,1,0,0,0,0,0,0,1,1,0,1,0,0,0,0,0,0
2026-03-29,social-welfare,25,24,0,0,0,1,0,0,24,6,0,6,0,0,0,0,0,0
2026-03-29,travel-and-recreation,2,2,0,0,0,0,0,0,2,1,0,1,0,0,0,0,0,0
2026-03-29,unknown,3,0,1,1,1,0,0,0,2,3,0,0,1,1,1,0,0,0
2026-03-30,about,1,1,0,0,0,0,0,0,1,1,0,1,0,0,0,0,0,0
2026-03-30,birth-family-relationships,1,1,0,0,0,0,0,0,1,1,0,1,0,0,0,0,0,0
2026-03-30,consumer,2,2,0,0,0,0,0,0,2,1,0,1,0,0,0,0,0,0
2026-03-30,death,6,6,0,0,0,0,0,0,6,5,0,5,0,0,0,0,0,0
2026-03-30,education,6,6,0,0,0,0,0,0,6,2,0,2,0,0,0,0,0,0
2026-03-30,employment,41,36,3,1,0,0,1,0,40,18,0,15,2,0,0,0,1,0
2026-03-30,environment,3,1,0,1,0,1,0,0,2,1,0,0,0,1,0,0,0,0
2026-03-30,government-in-ireland,6,5,1,0,0,0,0,0,6,1,0,0,1,0,0,0,0,0
2026-03-30,health,16,13,1,0,1,0,1,0,14,9,0,9,0,0,0,0,0,0
2026-03-30,housing,42,36,4,1,0,0,1,0,41,16,0,15,0,0,0,0,1,0
2026-03-30,money-and-tax,38,32,4,0,2,0,0,0,36,12,0,12,0,0,0,0,0,0
2026-03-30,moving-country,18,17,1,0,0,0,0,0,18,6,0,6,0,0,0,0,0,0
2026-03-30,returning-to-ireland,6,6,0,0,0,0,0,0,6,4,0,4,0,0,0,0,0,0
2026-03-30,social-welfare,79,78,0,1,0,0,0,0,79,46,0,45,0,1,0,0,0,0
2026-03-30,travel-and-recreation,8,8,0,0,0,0,0,0,8,5,0,5,0,0,0,0,0,0
2026-03-30,unknown,16,0,6,5,4,0,0,1,12,12,0,0,5,4,3,0,0,0
2026-03-31,about,1,1,0,0,0,0,0,0,1,0,0,0,0,0,0,0,0,0
2026-03-31,birth-family-relationships,2,2,0,0,0,0,0,0,2,2,0,2,0,0,0,0,0,0
2026-03-31,consumer,7,5,0,0,0,1,0,1,6,3,0,3,0,0,0,0,0,0
2026-03-31,death,3,3,0,0,0,0,0,0,3,3,0,3,0,0,0,0,0,0
2026-03-31,education,4,4,0,0,0,0,0,0,4,4,0,4,0,0,0,0,0,0
2026-03-31,employment,9,8,0,0,0,0,0,1,9,4,0,3,0,0,0,0,0,1
2026-03-31,health,5,5,0,0,0,0,0,0,5,3,0,3,0,0,0,0,0,0
2026-03-31,housing,23,20,1,2,0,0,0,0,23,10,0,9,0,1,0,0,0,0
2026-03-31,justice,2,2,0,0,0,0,0,0,2,1,0,1,0,0,0,0,0,0
2026-03-31,money-and-tax,17,16,1,0,0,0,0,0,17,7,0,7,0,0,0,0,0,0
2026-03-31,moving-country,30,29,0,0,0,1,0,0,29,16,0,16,0,0,0,0,0,0
2026-03-31,returning-to-ireland,4,4,0,0,0,0,0,0,4,3,0,3,0,0,0,0,0,0
2026-03-31,social-welfare,74,69,2,2,1,0,0,0,73,40,0,38,0,2,0,0,0,0
2026-03-31,travel-and-recreation,20,16,1,1,0,0,2,0,18,10,0,8,0,1,0,0,1,0
2026-03-31,unknown,28,0,14,2,7,1,0,4,20,21,0,0,10,2,5,1,0,3
2026-04-01,about,1,1,0,0,0,0,0,0,1,1,0,1,0,0,0,0,0,0
2026-04-01,birth-family-relationships,3,2,0,1,0,0,0,0,3,2,0,1,0,1,0,0,0,0
2026-04-01,consumer,3,3,0,0,0,0,0,0,3,2,0,2,0,0,0,0,0,0
2026-04-01,death,4,4,0,0,0,0,0,0,4,3,0,3,0,0,0,0,0,0
2026-04-01,education,6,5,0,1,0,0,0,0,6,3,0,2,0,1,0,0,0,0
2026-04-01,employment,31,28,2,0,0,0,0,1,31,15,0,13,1,0,0,0,0,1
2026-04-01,environment,1,1,0,0,0,0,0,0,1,1,0,1,0,0,0,0,0,0
2026-04-01,government-in-ireland,2,2,0,0,0,0,0,0,2,0,0,0,0,0,0,0,0,0
2026-04-01,health,9,9,0,0,0,0,0,0,9,3,0,3,0,0,0,0,0,0
2026-04-01,housing,13,13,0,0,0,0,0,0,13,7,0,7,0,0,0,0,0,0
2026-04-01,justice,1,1,0,0,0,0,0,0,1,1,0,1,0,0,0,0,0,0
2026-04-01,money-and-tax,21,21,0,0,0,0,0,0,21,13,0,13,0,0,0,0,0,0
2026-04-01,moving-country,22,21,0,1,0,0,0,0,22,7,0,7,0,0,0,0,0,0
2026-04-01,returning-to-ireland,5,5,0,0,0,0,0,0,5,3,0,3,0,0,0,0,0,0
2026-04-01,social-welfare,108,103,1,4,0,0,0,0,108,52,0,50,0,2,0,0,0,0
2026-04-01,travel-and-recreation,11,11,0,0,0,0,0,0,11,3,0,3,0,0,0,0,0,0
2026-04-01,unknown,15,0,9,2,2,0,1,1,12,13,0,0,8,1,2,0,1,1
2026-04-02,about,3,3,0,0,0,0,0,0,3,1,0,1,0,0,0,0,0,0
2026-04-02,birth-family-relationships,8,8,0,0,0,0,0,0,8,5,0,5,0,0,0,0,0,0
2026-04-02,consumer,4,3,0,1,0,0,0,0,4,0,0,0,0,0,0,0,0,0
2026-04-02,education,1,1,0,0,0,0,0,0,1,0,0,0,0,0,0,0,0,0
2026-04-02,employment,15,14,1,0,0,0,0,0,15,8,0,8,0,0,0,0,0,0
2026-04-02,health,4,4,0,0,0,0,0,0,4,4,0,4,0,0,0,0,0,0
2026-04-02,housing,14,11,0,3,0,0,0,0,14,6,0,6,0,0,0,0,0,0
2026-04-02,justice,16,13,3,0,0,0,0,0,16,5,0,5,0,0,0,0,0,0
2026-04-02,money-and-tax,18,17,1,0,0,0,0,0,18,9,0,8,1,0,0,0,0,0
2026-04-02,moving-country,17,14,1,2,0,0,0,0,17,7,0,5,1,1,0,0,0,0
2026-04-02,returning-to-ireland,2,2,0,0,0,0,0,0,2,0,0,0,0,0,0,0,0,0
2026-04-02,social-welfare,95,93,1,0,1,0,0,0,94,42,0,41,1,0,0,0,0,0
2026-04-02,travel-and-recreation,1,1,0,0,0,0,0,0,1,0,0,0,0,0,0,0,0,0
2026-04-02,unknown,14,0,5,1,5,2,0,1,7,11,0,0,5,1,2,2,0,1
2026-04-03,birth-family-relationships,14,9,2,1,0,0,2,0,12,1,0,1,0,0,0,0,0,0
2026-04-03,consumer,1,1,0,0,0,0,0,0,1,0,0,0,0,0,0,0,0,0
2026-04-03,education,1,1,0,0,0,0,0,0,1,0,0,0,0,0,0,0,0,0
2026-04-03,employment,12,8,3,1,0,0,0,0,12,6,0,5,0,1,0,0,0,0
2026-04-03,housing,6,6,0,0,0,0,0,0,6,5,0,5,0,0,0,0,0,0
2026-04-03,justice,2,2,0,0,0,0,0,0,2,2,0,2,0,0,0,0,0,0
2026-04-03,money-and-tax,4,4,0,0,0,0,0,0,4,2,0,2,0,0,0,0,0,0
2026-04-03,moving-country,3,3,0,0,0,0,0,0,3,2,0,2,0,0,0,0,0,0
2026-04-03,returning-to-ireland,1,1,0,0,0,0,0,0,1,1,0,1,0,0,0,0,0,0
2026-04-03,social-welfare,25,23,0,2,0,0,0,0,25,8,0,6,0,2,0,0,0,0
2026-04-03,travel-and-recreation,8,7,0,1,0,0,0,0,8,4,0,3,0,1,0,0,0,0
2026-04-03,unknown,8,0,3,1,2,0,2,0,4,6,0,0,1,1,2,0,2,0
2026-04-04,birth-family-relationships,1,1,0,0,0,0,0,0,1,1,0,1,0,0,0,0,0,0
2026-04-04,consumer,2,2,0,0,0,0,0,0,2,2,0,2,0,0,0,0,0,0
2026-04-04,employment,12,11,1,0,0,0,0,0,12,1,0,1,0,0,0,0,0,0
2026-04-04,housing,8,7,0,0,0,0,0,1,8,2,0,2,0,0,0,0,0,0
2026-04-04,money-and-tax,10,10,0,0,0,0,0,0,10,3,0,3,0,0,0,0,0,0
2026-04-04,moving-country,3,1,1,0,0,0,0,1,3,1,0,1,0,0,0,0,0,0
2026-04-04,social-welfare,20,20,0,0,0,0,0,0,20,8,0,8,0,0,0,0,0,0
2026-04-04,travel-and-recreation,1,1,0,0,0,0,0,0,1,1,0,1,0,0,0,0,0,0
2026-04-04,unknown,5,0,4,0,1,0,0,0,4,5,0,0,4,0,1,0,0,0
2026-04-05,about,3,3,0,0,0,0,0,0,3,0,0,0,0,0,0,0,0,0
2026-04-05,education,1,1,0,0,0,0,0,0,1,1,0,1,0,0,0,0,0,0
2026-04-05,employment,1,1,0,0,0,0,0,0,1,1,0,1,0,0,0,0,0,0
2026-04-05,environment,3,3,0,0,0,0,0,0,3,1,0,1,0,0,0,0,0,0
2026-04-05,government-in-ireland,3,2,1,0,0,0,0,0,3,1,0,0,1,0,0,0,0,0
2026-04-05,housing,12,7,2,0,2,0,1,0,9,5,0,4,0,0,0,0,1,0
2026-04-05,justice,1,1,0,0,0,0,0,0,1,1,0,1,0,0,0,0,0,0
2026-04-05,money-and-tax,5,5,0,0,0,0,0,0,5,2,0,2,0,0,0,0,0,0
2026-04-05,moving-country,14,13,0,1,0,0,0,0,14,2,0,2,0,0,0,0,0,0
2026-04-05,returning-to-ireland,2,2,0,0,0,0,0,0,2,2,0,2,0,0,0,0,0,0
2026-04-05,social-welfare,18,18,0,0,0,0,0,0,18,4,0,4,0,0,0,0,0,0
2026-04-05,travel-and-recreation,3,2,0,1,0,0,0,0,3,2,0,2,0,0,0,0,0,0
2026-04-05,unknown,7,0,1,4,1,0,1,0,5,6,0,0,1,4,0,0,1,0
2026-04-06,about,1,1,0,0,0,0,0,0,1,1,0,1,0,0,0,0,0,0
2026-04-06,birth-family-relationships,2,2,0,0,0,0,0,0,2,1,0,1,0,0,0,0,0,0
2026-04-06,consumer,1,1,0,0,0,0,0,0,1,1,0,1,0,0,0,0,0,0
2026-04-06,death,1,1,0,0,0,0,0,0,1,0,0,0,0,0,0,0,0,0
2026-04-06,education,3,1,0,1,0,1,0,0,2,1,0,0,0,0,0,1,0,0
2026-04-06,employment,4,4,0,0,0,0,0,0,4,1,0,1,0,0,0,0,0,0
2026-04-06,environment,1,1,0,0,0,0,0,0,1,1,0,1,0,0,0,0,0,0
2026-04-06,health,2,2,0,0,0,0,0,0,2,1,0,1,0,0,0,0,0,0
2026-04-06,housing,11,9,1,1,0,0,0,0,11,3,0,2,0,1,0,0,0,0
2026-04-06,money-and-tax,10,9,0,0,0,0,1,0,9,4,0,3,0,0,0,0,1,0
2026-04-06,moving-country,8,8,0,0,0,0,0,0,8,4,0,4,0,0,0,0,0,0
2026-04-06,returning-to-ireland,1,1,0,0,0,0,0,0,1,0,0,0,0,0,0,0,0,0
2026-04-06,social-welfare,35,35,0,0,0,0,0,0,35,14,0,14,0,0,0,0,0,0
2026-04-06,travel-and-recreation,1,1,0,0,0,0,0,0,1,1,0,1,0,0,0,0,0,0
2026-04-06,unknown,5,0,2,1,1,1,0,0,3,4,0,0,2,1,0,1,0,0
2026-04-07,about,4,4,0,0,0,0,0,0,4,1,0,1,0,0,0,0,0,0
2026-04-07,birth-family-relationships,11,10,0,1,0,0,0,0,11,6,0,5,0,1,0,0,0,0
2026-04-07,consumer,6,5,0,1,0,0,0,0,6,4,0,4,0,0,0,0,0,0
2026-04-07,death,3,3,0,0,0,0,0,0,3,1,0,1,0,0,0,0,0,0
2026-04-07,education,5,5,0,0,0,0,0,0,5,4,0,4,0,0,0,0,0,0
2026-04-07,employment,25,22,2,0,0,0,1,0,24,9,0,9,0,0,0,0,0,0
2026-04-07,environment,2,2,0,0,0,0,0,0,2,1,0,1,0,0,0,0,0,0
2026-04-07,government-in-ireland,1,1,0,0,0,0,0,0,1,1,0,1,0,0,0,0,0,0
2026-04-07,health,6,6,0,0,0,0,0,0,6,4,0,4,0,0,0,0,0,0
2026-04-07,housing,39,36,1,2,0,0,0,0,39,17,0,17,0,0,0,0,0,0
2026-04-07,justice,4,3,1,0,0,0,0,0,4,2,0,2,0,0,0,0,0,0
2026-04-07,money-and-tax,23,22,1,0,0,0,0,0,23,8,0,8,0,0,0,0,0,0
2026-04-07,moving-country,43,39,0,3,0,0,1,0,42,12,0,11,0,1,0,0,0,0
2026-04-07,returning-to-ireland,3,3,0,0,0,0,0,0,3,2,0,2,0,0,0,0,0,0
2026-04-07,social-welfare,181,171,2,5,1,0,0,2,180,51,0,47,0,2,0,0,0,2
2026-04-07,travel-and-recreation,15,11,0,2,0,0,2,0,13,5,0,2,0,2,0,0,1,0
2026-04-07,unknown,15,0,6,1,5,2,0,1,8,13,0,0,6,1,3,2,0,1
2026-04-08,about,3,3,0,0,0,0,0,0,3,0,0,0,0,0,0,0,0,0
2026-04-08,birth-family-relationships,10,10,0,0,0,0,0,0,10,7,0,7,0,0,0,0,0,0
2026-04-08,consumer,2,2,0,0,0,0,0,0,2,1,0,1,0,0,0,0,0,0
2026-04-08,education,5,5,0,0,0,0,0,0,5,3,0,3,0,0,0,0,0,0
2026-04-08,employment,20,20,0,0,0,0,0,0,20,6,0,6,0,0,0,0,0,0
2026-04-08,environment,1,1,0,0,0,0,0,0,1,0,0,0,0,0,0,0,0,0
2026-04-08,government-in-ireland,1,1,0,0,0,0,0,0,1,0,0,0,0,0,0,0,0,0
2026-04-08,health,4,4,0,0,0,0,0,0,4,2,0,2,0,0,0,0,0,0
2026-04-08,housing,10,10,0,0,0,0,0,0,10,6,0,6,0,0,0,0,0,0
2026-04-08,justice,9,9,0,0,0,0,0,0,9,2,0,2,0,0,0,0,0,0
2026-04-08,money-and-tax,36,33,0,3,0,0,0,0,36,10,0,9,0,1,0,0,0,0
2026-04-08,moving-country,20,15,3,0,0,0,0,2,20,7,0,6,1,0,0,0,0,0
2026-04-08,returning-to-ireland,6,6,0,0,0,0,0,0,6,3,0,3,0,0,0,0,0,0
2026-04-08,social-welfare,158,147,5,6,0,0,0,0,158,53,0,49,1,3,0,0,0,0
2026-04-08,travel-and-recreation,8,8,0,0,0,0,0,0,8,2,0,2,0,0,0,0,0,0
2026-04-08,unknown,21,0,12,2,4,2,0,1,15,16,0,0,9,2,2,2,0,1
2026-04-09,about,6,5,1,0,0,0,0,0,6,3,0,3,0,0,0,0,0,0
2026-04-09,birth-family-relationships,6,5,0,0,0,1,0,0,5,3,0,3,0,0,0,0,0,0
2026-04-09,consumer,5,5,0,0,0,0,0,0,5,2,0,2,0,0,0,0,0,0
2026-04-09,death,2,1,1,0,0,0,0,0,2,1,0,0,1,0,0,0,0,0
2026-04-09,education,6,6,0,0,0,0,0,0,6,3,0,3,0,0,0,0,0,0
2026-04-09,employment,15,14,1,0,0,0,0,0,15,8,0,8,0,0,0,0,0,0
2026-04-09,government-in-ireland,3,3,0,0,0,0,0,0,3,2,0,2,0,0,0,0,0,0
2026-04-09,health,11,11,0,0,0,0,0,0,11,5,0,5,0,0,0,0,0,0
2026-04-09,housing,14,11,1,2,0,0,0,0,14,7,0,6,0,1,0,0,0,0
2026-04-09,justice,4,4,0,0,0,0,0,0,4,3,0,3,0,0,0,0,0,0
2026-04-09,money-and-tax,25,25,0,0,0,0,0,0,25,8,0,8,0,0,0,0,0,0
2026-04-09,moving-country,18,17,0,0,0,0,0,1,18,10,0,10,0,0,0,0,0,0
2026-04-09,returning-to-ireland,10,10,0,0,0,0,0,0,10,5,0,5,0,0,0,0,0,0
2026-04-09,social-welfare,129,124,2,1,1,0,0,1,128,51,0,50,1,0,0,0,0,0
2026-04-09,travel-and-recreation,16,16,0,0,0,0,0,0,16,7,0,7,0,0,0,0,0,0
2026-04-09,unknown,17,0,5,6,5,0,0,1,12,15,0,0,5,5,4,0,0,1
2026-04-10,birth-family-relationships,2,2,0,0,0,0,0,0,2,2,0,2,0,0,0,0,0,0
2026-04-10,consumer,1,1,0,0,0,0,0,0,1,1,0,1,0,0,0,0,0,0
2026-04-10,education,4,4,0,0,0,0,0,0,4,3,0,3,0,0,0,0,0,0
2026-04-10,employment,18,16,0,1,0,0,0,1,18,9,0,7,0,1,0,0,0,1
2026-04-10,health,15,13,1,0,0,0,0,1,15,6,0,4,1,0,0,0,0,1
2026-04-10,housing,11,7,3,0,0,0,0,1,11,5,0,3,2,0,0,0,0,0
2026-04-10,justice,1,1,0,0,0,0,0,0,1,1,0,1,0,0,0,0,0,0
2026-04-10,money-and-tax,15,14,1,0,0,0,0,0,15,4,0,3,1,0,0,0,0,0
2026-04-10,moving-country,10,9,0,1,0,0,0,0,10,3,0,3,0,0,0,0,0,0
2026-04-10,social-welfare,67,62,3,0,0,1,1,0,65,25,1,25,0,0,0,0,0,0
2026-04-10,travel-and-recreation,7,6,1,0,0,0,0,0,7,4,0,4,0,0,0,0,0,0
2026-04-10,unknown,9,0,1,2,3,3,0,0,3,9,0,0,1,2,3,3,0,0
2026-04-11,consumer,3,2,1,0,0,0,0,0,3,1,0,1,0,0,0,0,0,0
2026-04-11,education,1,1,0,0,0,0,0,0,1,0,0,0,0,0,0,0,0,0
2026-04-11,employment,2,2,0,0,0,0,0,0,2,1,0,1,0,0,0,0,0,0
2026-04-11,health,4,3,1,0,0,0,0,0,4,1,0,1,0,0,0,0,0,0
2026-04-11,money-and-tax,1,1,0,0,0,0,0,0,1,1,0,1,0,0,0,0,0,0
2026-04-11,moving-country,1,1,0,0,0,0,0,0,1,1,0,1,0,0,0,0,0,0
2026-04-11,returning-to-ireland,1,1,0,0,0,0,0,0,1,0,0,0,0,0,0,0,0,0
2026-04-11,social-welfare,27,26,1,0,0,0,0,0,27,10,0,10,0,0,0,0,0,0
2026-04-11,travel-and-recreation,1,1,0,0,0,0,0,0,1,0,0,0,0,0,0,0,0,0
2026-04-11,unknown,3,0,3,0,0,0,0,0,3,2,0,0,2,0,0,0,0,0
2026-04-12,education,3,3,0,0,0,0,0,0,3,1,0,1,0,0,0,0,0,0
2026-04-12,employment,14,13,1,0,0,0,0,0,14,4,0,4,0,0,0,0,0,0
2026-04-12,health,1,1,0,0,0,0,0,0,1,1,1,1,0,0,0,0,0,0
2026-04-12,housing,4,4,0,0,0,0,0,0,4,2,0,2,0,0,0,0,0,0
2026-04-12,money-and-tax,17,17,0,0,0,0,0,0,17,1,0,1,0,0,0,0,0,0
2026-04-12,moving-country,3,3,0,0,0,0,0,0,3,2,0,2,0,0,0,0,0,0
2026-04-12,returning-to-ireland,1,1,0,0,0,0,0,0,1,0,0,0,0,0,0,0,0,0
2026-04-12,social-welfare,13,13,0,0,0,0,0,0,13,4,0,4,0,0,0,0,0,0
2026-04-12,unknown,3,0,2,1,0,0,0,0,3,3,0,0,2,1,0,0,0,0
2026-04-13,about,7,5,0,1,0,1,0,0,6,1,0,1,0,0,0,0,0,0
2026-04-13,birth-family-relationships,3,3,0,0,0,0,0,0,3,0,0,0,0,0,0,0,0,0
2026-04-13,consumer,2,2,0,0,0,0,0,0,2,2,0,2,0,0,0,0,0,0
2026-04-13,education,7,6,1,0,0,0,0,0,7,3,0,3,0,0,0,0,0,0
2026-04-13,employment,27,25,1,1,0,0,0,0,27,11,0,9,1,1,0,0,0,0
2026-04-13,environment,3,3,0,0,0,0,0,0,3,1,0,1,0,0,0,0,0,0
2026-04-13,government-in-ireland,4,4,0,0,0,0,0,0,4,2,0,2,0,0,0,0,0,0
2026-04-13,health,3,3,0,0,0,0,0,0,3,1,0,1,0,0,0,0,0,0
2026-04-13,housing,12,12,0,0,0,0,0,0,12,5,0,5,0,0,0,0,0,0
2026-04-13,justice,1,1,0,0,0,0,0,0,1,1,0,1,0,0,0,0,0,0
2026-04-13,money-and-tax,21,19,1,1,0,0,0,0,21,8,0,7,0,1,0,0,0,0
2026-04-13,moving-country,17,16,0,0,0,1,0,0,16,10,0,9,0,0,0,1,0,0
2026-04-13,returning-to-ireland,6,6,0,0,0,0,0,0,6,3,0,3,0,0,0,0,0,0
2026-04-13,social-welfare,108,104,1,1,0,0,0,2,108,38,0,36,0,1,0,0,0,1
2026-04-13,travel-and-recreation,5,4,0,1,0,0,0,0,5,4,0,3,0,1,0,0,0,0
2026-04-13,unknown,17,0,8,3,4,1,1,0,11,16,0,0,8,3,4,1,0,0
2026-04-14,about,2,2,0,0,0,0,0,0,2,1,0,1,0,0,0,0,0,0
2026-04-14,birth-family-relationships,11,9,1,0,1,0,0,0,10,6,0,6,0,0,0,0,0,0
2026-04-14,consumer,5,4,1,0,0,0,0,0,5,2,0,2,0,0,0,0,0,0
2026-04-14,education,18,17,1,0,0,0,0,0,18,4,0,4,0,0,0,0,0,0
2026-04-14,employment,32,25,6,1,0,0,0,0,32,14,0,12,1,1,0,0,0,0
2026-04-14,government-in-ireland,1,1,0,0,0,0,0,0,1,1,0,1,0,0,0,0,0,0
2026-04-14,health,12,8,3,1,0,0,0,0,12,3,0,3,0,0,0,0,0,0
2026-04-14,housing,8,8,0,0,0,0,0,0,8,4,0,4,0,0,0,0,0,0
2026-04-14,justice,3,3,0,0,0,0,0,0,3,2,0,2,0,0,0,0,0,0
2026-04-14,money-and-tax,17,16,0,0,0,0,0,1,17,2,0,1,0,0,0,0,0,1
2026-04-14,moving-country,17,17,0,0,0,0,0,0,17,6,0,6,0,0,0,0,0,0
2026-04-14,returning-to-ireland,9,8,0,0,0,1,0,0,8,3,0,2,0,0,0,1,0,0
2026-04-14,social-welfare,78,74,1,2,0,0,0,1,78,38,0,37,0,0,0,0,0,1
2026-04-14,travel-and-recreation,25,19,3,3,0,0,0,0,25,8,0,6,0,2,0,0,0,0
2026-04-14,unknown,11,0,5,2,3,0,0,1,8,11,0,0,5,2,3,0,0,1
2026-04-15,about,1,1,0,0,0,0,0,0,1,1,0,1,0,0,0,0,0,0
2026-04-15,birth-family-relationships,4,4,0,0,0,0,0,0,4,1,0,1,0,0,0,0,0,0
2026-04-15,consumer,6,5,0,0,0,0,0,1,6,3,0,3,0,0,0,0,0,0
2026-04-15,death,4,4,0,0,0,0,0,0,4,3,0,3,0,0,0,0,0,0
2026-04-15,education,6,6,0,0,0,0,0,0,6,4,0,4,0,0,0,0,0,0
2026-04-15,employment,18,17,0,0,0,1,0,0,17,8,0,7,0,0,0,1,0,0
2026-04-15,health,7,7,0,0,0,0,0,0,7,4,0,4,0,0,0,0,0,0
2026-04-15,housing,6,6,0,0,0,0,0,0,6,4,0,4,0,0,0,0,0,0
2026-04-15,justice,10,9,1,0,0,0,0,0,10,2,0,2,0,0,0,0,0,0
2026-04-15,money-and-tax,26,26,0,0,0,0,0,0,26,9,0,9,0,0,0,0,0,0
2026-04-15,moving-country,8,8,0,0,0,0,0,0,8,4,0,4,0,0,0,0,0,0
2026-04-15,returning-to-ireland,6,4,2,0,0,0,0,0,6,1,0,0,1,0,0,0,0,0
2026-04-15,social-welfare,90,81,3,2,1,1,1,1,87,37,0,33,1,2,0,1,0,0
2026-04-15,travel-and-recreation,14,14,0,0,0,0,0,0,14,5,0,5,0,0,0,0,0,0
2026-04-15,unknown,16,0,7,6,3,0,0,0,13,11,0,0,4,5,2,0,0,0
2026-04-16,birth-family-relationships,9,8,1,0,0,0,0,0,9,6,0,5,1,0,0,0,0,0
2026-04-16,consumer,1,1,0,0,0,0,0,0,1,0,0,0,0,0,0,0,0,0
2026-04-16,education,6,6,0,0,0,0,0,0,6,5,0,5,0,0,0,0,0,0
2026-04-16,employment,17,16,1,0,0,0,0,0,17,10,0,10,0,0,0,0,0,0
2026-04-16,environment,2,2,0,0,0,0,0,0,2,1,0,1,0,0,0,0,0,0
2026-04-16,government-in-ireland,2,2,0,0,0,0,0,0,2,1,0,1,0,0,0,0,0,0
2026-04-16,health,10,10,0,0,0,0,0,0,10,5,0,5,0,0,0,0,0,0
2026-04-16,housing,14,13,1,0,0,0,0,0,14,8,0,8,0,0,0,0,0,0
2026-04-16,justice,1,1,0,0,0,0,0,0,1,1,0,1,0,0,0,0,0,0
2026-04-16,money-and-tax,18,17,0,0,1,0,0,0,17,7,0,7,0,0,0,0,0,0
2026-04-16,moving-country,12,12,0,0,0,0,0,0,12,4,0,4,0,0,0,0,0,0
2026-04-16,returning-to-ireland,5,5,0,0,0,0,0,0,5,3,0,3,0,0,0,0,0,0
2026-04-16,social-welfare,90,82,3,5,0,0,0,0,90,36,0,33,2,1,0,0,0,0
2026-04-16,travel-and-recreation,6,6,0,0,0,0,0,0,6,5,0,5,0,0,0,0,0,0
2026-04-16,unknown,9,0,3,3,3,0,0,0,6,8,0,0,3,3,2,0,0,0
2026-04-17,about,2,2,0,0,0,0,0,0,2,1,0,1,0,0,0,0,0,0
2026-04-17,birth-family-relationships,3,3,0,0,0,0,0,0,3,2,0,2,0,0,0,0,0,0
2026-04-17,consumer,2,2,0,0,0,0,0,0,2,0,0,0,0,0,0,0,0,0
2026-04-17,death,3,3,0,0,0,0,0,0,3,2,0,2,0,0,0,0,0,0
2026-04-17,education,10,10,0,0,0,0,0,0,10,6,0,6,0,0,0,0,0,0
2026-04-17,employment,6,6,0,0,0,0,0,0,6,5,0,5,0,0,0,0,0,0
2026-04-17,environment,2,2,0,0,0,0,0,0,2,1,0,1,0,0,0,0,0,0
2026-04-17,government-in-ireland,1,1,0,0,0,0,0,0,1,1,0,1,0,0,0,0,0,0
2026-04-17,health,10,10,0,0,0,0,0,0,10,5,0,5,0,0,0,0,0,0
2026-04-17,housing,21,19,1,1,0,0,0,0,21,11,1,10,0,1,0,0,0,0
2026-04-17,money-and-tax,24,24,0,0,0,0,0,0,24,9,0,9,0,0,0,0,0,0
2026-04-17,moving-country,9,9,0,0,0,0,0,0,9,5,0,5,0,0,0,0,0,0
2026-04-17,returning-to-ireland,4,4,0,0,0,0,0,0,4,1,0,1,0,0,0,0,0,0
2026-04-17,social-welfare,66,65,0,0,0,0,0,1,66,37,0,36,0,0,0,0,0,1
2026-04-17,travel-and-recreation,2,2,0,0,0,0,0,0,2,2,0,2,0,0,0,0,0,0
2026-04-17,unknown,9,0,5,0,2,1,0,1,6,8,0,0,5,0,1,1,0,1
2026-04-18,about,1,1,0,0,0,0,0,0,1,0,0,0,0,0,0,0,0,0
2026-04-18,employment,1,1,0,0,0,0,0,0,1,1,0,1,0,0,0,0,0,0
2026-04-18,health,2,2,0,0,0,0,0,0,2,2,0,2,0,0,0,0,0,0
2026-04-18,housing,1,1,0,0,0,0,0,0,1,1,0,1,0,0,0,0,0,0
2026-04-18,justice,1,1,0,0,0,0,0,0,1,0,0,0,0,0,0,0,0,0
2026-04-18,money-and-tax,5,5,0,0,0,0,0,0,5,2,0,2,0,0,0,0,0,0
2026-04-18,moving-country,12,11,0,1,0,0,0,0,12,3,0,3,0,0,0,0,0,0
2026-04-18,returning-to-ireland,1,1,0,0,0,0,0,0,1,1,0,1,0,0,0,0,0,0
2026-04-18,social-welfare,8,8,0,0,0,0,0,0,8,5,0,5,0,0,0,0,0,0
2026-04-18,travel-and-recreation,8,4,4,0,0,0,0,0,8,2,0,1,1,0,0,0,0,0
2026-04-18,unknown,4,0,2,0,2,0,0,0,2,4,0,0,2,0,2,0,0,0
2026-04-19,about,8,5,2,0,0,1,0,0,7,1,0,0,1,0,0,0,0,0
2026-04-19,birth-family-relationships,1,1,0,0,0,0,0,0,1,1,0,1,0,0,0,0,0,0
2026-04-19,employment,2,2,0,0,0,0,0,0,2,1,0,1,0,0,0,0,0,0
2026-04-19,justice,1,1,0,0,0,0,0,0,1,1,0,1,0,0,0,0,0,0
2026-04-19,money-and-tax,15,12,0,3,0,0,0,0,15,2,0,2,0,0,0,0,0,0
2026-04-19,moving-country,2,2,0,0,0,0,0,0,2,1,0,1,0,0,0,0,0,0
2026-04-19,returning-to-ireland,3,3,0,0,0,0,0,0,3,1,0,1,0,0,0,0,0,0
2026-04-19,social-welfare,23,21,0,2,0,0,0,0,23,7,0,6,0,1,0,0,0,0
2026-04-19,travel-and-recreation,4,4,0,0,0,0,0,0,4,0,0,0,0,0,0,0,0,0
2026-04-19,unknown,6,0,2,0,4,0,0,0,2,3,0,0,2,0,1,0,0,0
2026-04-20,about,7,7,0,0,0,0,0,0,7,3,0,3,0,0,0,0,0,0
2026-04-20,birth-family-relationships,5,5,0,0,0,0,0,0,5,2,0,2,0,0,0,0,0,0
2026-04-20,consumer,1,1,0,0,0,0,0,0,1,0,0,0,0,0,0,0,0,0
2026-04-20,death,1,1,0,0,0,0,0,0,1,1,0,1,0,0,0,0,0,0
2026-04-20,education,4,3,0,1,0,0,0,0,4,2,0,1,0,1,0,0,0,0
2026-04-20,employment,12,12,0,0,0,0,0,0,12,5,0,5,0,0,0,0,0,0
2026-04-20,health,13,12,1,0,0,0,0,0,13,6,0,6,0,0,0,0,0,0
2026-04-20,housing,14,14,0,0,0,0,0,0,14,8,0,8,0,0,0,0,0,0
2026-04-20,justice,6,6,0,0,0,0,0,0,6,1,0,1,0,0,0,0,0,0
2026-04-20,money-and-tax,8,8,0,0,0,0,0,0,8,4,0,4,0,0,0,0,0,0
2026-04-20,moving-country,21,18,2,0,1,0,0,0,20,10,0,10,0,0,0,0,0,0
2026-04-20,returning-to-ireland,6,6,0,0,0,0,0,0,6,2,0,2,0,0,0,0,0,0
2026-04-20,social-welfare,64,62,1,0,1,0,0,0,63,35,0,35,0,0,0,0,0,0
2026-04-20,travel-and-recreation,5,5,0,0,0,0,0,0,5,2,0,2,0,0,0,0,0,0
2026-04-20,unknown,7,0,3,1,3,0,0,0,4,7,0,0,3,1,3,0,0,0
2026-04-21,about,7,2,4,0,0,1,0,0,6,1,0,0,0,0,0,1,0,0
2026-04-21,birth-family-relationships,9,8,1,0,0,0,0,0,9,5,0,4,1,0,0,0,0,0
2026-04-21,consumer,2,2,0,0,0,0,0,0,2,2,0,2,0,0,0,0,0,0
2026-04-21,death,7,7,0,0,0,0,0,0,7,4,0,4,0,0,0,0,0,0
2026-04-21,employment,21,19,2,0,0,0,0,0,21,12,0,12,0,0,0,0,0,0
2026-04-21,environment,1,1,0,0,0,0,0,0,1,1,0,1,0,0,0,0,0,0
2026-04-21,government-in-ireland,2,2,0,0,0,0,0,0,2,1,0,1,0,0,0,0,0,0
2026-04-21,health,11,10,0,1,0,0,0,0,11,3,0,3,0,0,0,0,0,0
2026-04-21,housing,20,20,0,0,0,0,0,0,20,11,0,11,0,0,0,0,0,0
2026-04-21,justice,10,7,3,0,0,0,0,0,10,4,0,4,0,0,0,0,0,0
2026-04-21,money-and-tax,26,23,3,0,0,0,0,0,26,3,0,3,0,0,0,0,0,0
2026-04-21,moving-country,18,18,0,0,0,0,0,0,18,8,0,8,0,0,0,0,0,0
2026-04-21,returning-to-ireland,5,5,0,0,0,0,0,0,5,2,0,2,0,0,0,0,0,0
2026-04-21,social-welfare,76,76,0,0,0,0,0,0,76,40,1,40,0,0,0,0,0,0
2026-04-21,travel-and-recreation,18,14,1,1,0,1,1,0,16,6,0,6,0,0,0,0,0,0
2026-04-21,unknown,12,0,6,1,5,0,0,0,7,7,0,0,4,0,3,0,0,0
2026-04-22,about,1,1,0,0,0,0,0,0,1,1,0,1,0,0,0,0,0,0
2026-04-22,birth-family-relationships,3,3,0,0,0,0,0,0,3,1,0,1,0,0,0,0,0,0
2026-04-22,consumer,5,3,0,2,0,0,0,0,5,3,0,2,0,1,0,0,0,0
2026-04-22,death,2,2,0,0,0,0,0,0,2,1,0,1,0,0,0,0,0,0
2026-04-22,education,11,9,2,0,0,0,0,0,11,5,0,5,0,0,0,0,0,0
2026-04-22,employment,15,15,0,0,0,0,0,0,15,7,0,7,0,0,0,0,0,0
2026-04-22,government-in-ireland,2,2,0,0,0,0,0,0,2,1,0,1,0,0,0,0,0,0
2026-04-22,health,7,7,0,0,0,0,0,0,7,2,0,2,0,0,0,0,0,0
2026-04-22,housing,8,6,2,0,0,0,0,0,8,6,0,6,0,0,0,0,0,0
2026-04-22,justice,7,7,0,0,0,0,0,0,7,2,0,2,0,0,0,0,0,0
2026-04-22,money-and-tax,27,26,1,0,0,0,0,0,27,9,0,8,1,0,0,0,0,0
2026-04-22,moving-country,20,18,2,0,0,0,0,0,20,8,0,8,0,0,0,0,0,0
2026-04-22,returning-to-ireland,4,4,0,0,0,0,0,0,4,3,0,3,0,0,0,0,0,0
2026-04-22,social-welfare,89,86,1,1,1,0,0,0,88,37,0,36,0,1,0,0,0,0
2026-04-22,travel-and-recreation,16,13,1,1,0,0,1,0,15,4,0,4,0,0,0,0,0,0
2026-04-22,unknown,12,0,6,2,3,1,0,0,8,10,0,0,6,1,3,0,0,0
2026-04-23,about,11,8,1,0,0,2,0,0,9,3,0,2,1,0,0,0,0,0
2026-04-23,birth-family-relationships,5,5,0,0,0,0,0,0,5,5,0,5,0,0,0,0,0,0
2026-04-23,consumer,3,1,1,0,0,0,1,0,2,1,0,1,0,0,0,0,0,0
2026-04-23,death,1,1,0,0,0,0,0,0,1,1,0,1,0,0,0,0,0,0
2026-04-23,education,11,11,0,0,0,0,0,0,11,5,0,5,0,0,0,0,0,0
2026-04-23,employment,13,12,0,1,0,0,0,0,13,5,0,5,0,0,0,0,0,0
2026-04-23,health,6,5,0,1,0,0,0,0,6,3,0,2,0,1,0,0,0,0
2026-04-23,housing,26,24,1,0,0,0,0,1,26,13,0,12,1,0,0,0,0,0
2026-04-23,justice,1,1,0,0,0,0,0,0,1,0,0,0,0,0,0,0,0,0
2026-04-23,money-and-tax,18,17,0,1,0,0,0,0,18,10,0,9,0,1,0,0,0,0
2026-04-23,moving-country,20,19,0,0,0,0,0,1,20,7,0,7,0,0,0,0,0,0
2026-04-23,returning-to-ireland,6,5,0,0,0,1,0,0,5,1,0,1,0,0,0,0,0,0
2026-04-23,social-welfare,68,66,2,0,0,0,0,0,68,37,0,37,0,0,0,0,0,0
2026-04-23,travel-and-recreation,3,3,0,0,0,0,0,0,3,1,0,1,0,0,0,0,0,0
2026-04-23,unknown,17,0,11,3,3,0,0,0,14,13,0,0,9,2,2,0,0,0
2026-04-24,about,2,2,0,0,0,0,0,0,2,2,0,2,0,0,0,0,0,0
2026-04-24,birth-family-relationships,2,1,0,0,1,0,0,0,1,1,0,1,0,0,0,0,0,0
2026-04-24,consumer,1,1,0,0,0,0,0,0,1,1,0,1,0,0,0,0,0,0
2026-04-24,death,2,1,1,0,0,0,0,0,2,1,0,1,0,0,0,0,0,0
2026-04-24,education,8,8,0,0,0,0,0,0,8,5,0,5,0,0,0,0,0,0
2026-04-24,employment,11,11,0,0,0,0,0,0,11,7,0,7,0,0,0,0,0,0
2026-04-24,government-in-ireland,1,1,0,0,0,0,0,0,1,0,0,0,0,0,0,0,0,0
2026-04-24,health,9,6,2,1,0,0,0,0,9,3,0,1,1,1,0,0,0,0
2026-04-24,housing,24,24,0,0,0,0,0,0,24,8,0,8,0,0,0,0,0,0
2026-04-24,justice,3,2,1,0,0,0,0,0,3,1,0,1,0,0,0,0,0,0
2026-04-24,money-and-tax,14,13,1,0,0,0,0,0,14,6,0,5,1,0,0,0,0,0
2026-04-24,moving-country,4,3,0,1,0,0,0,0,4,3,0,2,0,1,0,0,0,0
2026-04-24,returning-to-ireland,4,4,0,0,0,0,0,0,4,3,0,3,0,0,0,0,0,0
2026-04-24,social-welfare,63,58,1,3,0,1,0,0,62,31,0,27,0,3,0,1,0,0
2026-04-24,travel-and-recreation,2,2,0,0,0,0,0,0,2,2,0,2,0,0,0,0,0,0
2026-04-24,unknown,8,0,6,1,0,0,0,1,8,7,0,0,5,1,0,0,0,1
2026-04-25,about,1,1,0,0,0,0,0,0,1,1,0,1,0,0,0,0,0,0
2026-04-25,consumer,2,2,0,0,0,0,0,0,2,1,0,1,0,0,0,0,0,0
2026-04-25,education,1,1,0,0,0,0,0,0,1,0,0,0,0,0,0,0,0,0
2026-04-25,government-in-ireland,1,1,0,0,0,0,0,0,1,0,0,0,0,0,0,0,0,0
2026-04-25,money-and-tax,1,1,0,0,0,0,0,0,1,0,0,0,0,0,0,0,0,0
2026-04-25,moving-country,12,11,1,0,0,0,0,0,12,2,0,2,0,0,0,0,0,0
2026-04-25,returning-to-ireland,1,1,0,0,0,0,0,0,1,1,0,1,0,0,0,0,0,0
2026-04-25,social-welfare,4,4,0,0,0,0,0,0,4,4,0,4,0,0,0,0,0,0
2026-04-25,travel-and-recreation,4,3,1,0,0,0,0,0,4,1,0,1,0,0,0,0,0,0
2026-04-25,unknown,1,0,1,0,0,0,0,0,1,1,0,0,1,0,0,0,0,0
2026-04-26,birth-family-relationships,2,2,0,0,0,0,0,0,2,0,0,0,0,0,0,0,0,0
2026-04-26,education,2,1,0,1,0,0,0,0,2,1,0,0,0,1,0,0,0,0
2026-04-26,employment,2,1,1,0,0,0,0,0,2,1,0,1,0,0,0,0,0,0
2026-04-26,environment,4,2,2,0,0,0,0,0,4,1,0,1,0,0,0,0,0,0
2026-04-26,government-in-ireland,1,1,0,0,0,0,0,0,1,0,0,0,0,0,0,0,0,0
2026-04-26,housing,1,1,0,0,0,0,0,0,1,1,0,1,0,0,0,0,0,0
2026-04-26,justice,2,2,0,0,0,0,0,0,2,1,0,1,0,0,0,0,0,0
2026-04-26,money-and-tax,8,8,0,0,0,0,0,0,8,0,0,0,0,0,0,0,0,0
2026-04-26,returning-to-ireland,4,3,0,1,0,0,0,0,4,3,0,3,0,0,0,0,0,0
2026-04-26,social-welfare,10,10,0,0,0,0,0,0,10,4,0,4,0,0,0,0,0,0
2026-04-26,travel-and-recreation,1,1,0,0,0,0,0,0,1,0,0,0,0,0,0,0,0,0
2026-04-26,unknown,5,0,1,1,1,2,0,0,2,4,0,0,1,1,1,1,0,0
2026-04-27,about,2,2,0,0,0,0,0,0,2,0,0,0,0,0,0,0,0,0
2026-04-27,birth-family-relationships,12,12,0,0,0,0,0,0,12,7,0,7,0,0,0,0,0,0
2026-04-27,consumer,2,2,0,0,0,0,0,0,2,1,0,1,0,0,0,0,0,0
2026-04-27,death,5,3,1,1,0,0,0,0,5,3,0,3,0,0,0,0,0,0
2026-04-27,education,2,2,0,0,0,0,0,0,2,2,0,2,0,0,0,0,0,0
2026-04-27,employment,14,13,1,0,0,0,0,0,14,7,0,7,0,0,0,0,0,0
2026-04-27,environment,1,1,0,0,0,0,0,0,1,0,0,0,0,0,0,0,0,0
2026-04-27,government-in-ireland,3,3,0,0,0,0,0,0,3,1,0,1,0,0,0,0,0,0
2026-04-27,health,4,4,0,0,0,0,0,0,4,4,0,4,0,0,0,0,0,0
2026-04-27,housing,17,13,4,0,0,0,0,0,17,8,2,7,1,0,0,0,0,0
2026-04-27,justice,9,6,2,1,0,0,0,0,9,2,0,2,0,0,0,0,0,0
2026-04-27,money-and-tax,22,22,0,0,0,0,0,0,22,11,0,11,0,0,0,0,0,0
2026-04-27,moving-country,25,23,0,1,0,0,1,0,24,8,0,7,0,1,0,0,0,0
2026-04-27,returning-to-ireland,16,13,3,0,0,0,0,0,16,6,0,6,0,0,0,0,0,0
2026-04-27,social-welfare,83,75,1,3,4,0,0,0,79,37,0,37,0,0,0,0,0,0
2026-04-27,travel-and-recreation,9,9,0,0,0,0,0,0,9,5,0,5,0,0,0,0,0,0
2026-04-27,unknown,17,0,11,0,5,1,0,0,11,15,0,0,10,0,4,1,0,0
2026-04-28,about,5,4,0,0,0,1,0,0,4,2,0,2,0,0,0,0,0,0
2026-04-28,birth-family-relationships,4,4,0,0,0,0,0,0,4,3,0,3,0,0,0,0,0,0
2026-04-28,consumer,1,1,0,0,0,0,0,0,1,1,0,1,0,0,0,0,0,0
2026-04-28,death,1,1,0,0,0,0,0,0,1,1,0,1,0,0,0,0,0,0
2026-04-28,education,4,4,0,0,0,0,0,0,4,2,0,2,0,0,0,0,0,0
2026-04-28,employment,20,17,0,2,1,0,0,0,19,8,0,6,0,2,0,0,0,0
2026-04-28,health,7,7,0,0,0,0,0,0,7,3,0,3,0,0,0,0,0,0
2026-04-28,housing,14,13,0,1,0,0,0,0,14,7,0,6,0,1,0,0,0,0
2026-04-28,justice,5,4,0,0,0,0,0,1,5,1,0,0,0,0,0,0,0,1
2026-04-28,money-and-tax,23,18,2,1,1,1,0,0,21,8,0,7,1,0,0,0,0,0
2026-04-28,moving-country,8,8,0,0,0,0,0,0,8,6,0,6,0,0,0,0,0,0
2026-04-28,returning-to-ireland,6,5,1,0,0,0,0,0,6,3,0,2,1,0,0,0,0,0
2026-04-28,social-welfare,78,74,1,2,0,0,0,1,78,37,1,37,0,0,0,0,0,0
2026-04-28,travel-and-recreation,2,2,0,0,0,0,0,0,2,2,0,2,0,0,0,0,0,0
2026-04-28,unknown,14,0,7,1,4,0,0,2,10,14,0,0,7,1,4,0,0,2
2026-04-29,about,3,2,0,0,0,0,0,1,3,1,0,0,0,0,0,0,0,1
2026-04-29,birth-family-relationships,12,11,0,1,0,0,0,0,12,4,0,3,0,1,0,0,0,0
2026-04-29,consumer,3,3,0,0,0,0,0,0,3,1,0,1,0,0,0,0,0,0
2026-04-29,death,2,2,0,0,0,0,0,0,2,2,0,2,0,0,0,0,0,0
2026-04-29,education,3,3,0,0,0,0,0,0,3,2,0,2,0,0,0,0,0,0
2026-04-29,employment,15,15,0,0,0,0,0,0,15,12,0,12,0,0,0,0,0,0
2026-04-29,environment,2,2,0,0,0,0,0,0,2,2,0,2,0,0,0,0,0,0
2026-04-29,health,12,11,1,0,0,0,0,0,12,6,0,6,0,0,0,0,0,0
2026-04-29,housing,25,23,1,1,0,0,0,0,25,13,0,13,0,0,0,0,0,0
2026-04-29,justice,1,1,0,0,0,0,0,0,1,0,0,0,0,0,0,0,0,0
2026-04-29,money-and-tax,24,22,0,0,2,0,0,0,22,11,0,11,0,0,0,0,0,0
2026-04-29,moving-country,7,7,0,0,0,0,0,0,7,5,0,5,0,0,0,0,0,0
2026-04-29,returning-to-ireland,12,10,1,0,0,0,0,1,12,8,0,8,0,0,0,0,0,0
2026-04-29,social-welfare,103,97,3,1,0,1,0,1,102,43,0,40,1,1,0,1,0,0
2026-04-29,travel-and-recreation,7,7,0,0,0,0,0,0,7,3,0,3,0,0,0,0,0,0
2026-04-29,unknown,5,0,0,3,1,1,0,0,3,3,0,0,0,2,0,1,0,0
2026-04-30,about,2,2,0,0,0,0,0,0,2,1,0,1,0,0,0,0,0,0
2026-04-30,birth-family-relationships,7,6,1,0,0,0,0,0,7,3,0,3,0,0,0,0,0,0
2026-04-30,death,1,1,0,0,0,0,0,0,1,0,0,0,0,0,0,0,0,0
2026-04-30,education,5,4,0,1,0,0,0,0,5,3,0,2,0,1,0,0,0,0
2026-04-30,employment,18,17,1,0,0,0,0,0,18,11,0,10,1,0,0,0,0,0
2026-04-30,health,5,5,0,0,0,0,0,0,5,4,0,4,0,0,0,0,0,0
2026-04-30,housing,8,7,0,1,0,0,0,0,8,5,0,4,0,1,0,0,0,0
2026-04-30,justice,2,2,0,0,0,0,0,0,2,1,0,1,0,0,0,0,0,0
2026-04-30,money-and-tax,25,22,2,0,0,1,0,0,24,7,0,7,0,0,0,0,0,0
2026-04-30,moving-country,8,6,0,2,0,0,0,0,8,3,0,1,0,2,0,0,0,0
2026-04-30,returning-to-ireland,4,4,0,0,0,0,0,0,4,2,0,2,0,0,0,0,0,0
2026-04-30,social-welfare,75,70,0,2,0,0,2,1,73,38,0,37,0,0,0,0,0,1
2026-04-30,travel-and-recreation,43,40,0,1,2,0,0,0,41,7,0,6,0,1,0,0,0,0
2026-04-30,unknown,6,0,3,0,2,1,0,0,3,5,0,0,3,0,1,1,0,0
2026-05-01,education,4,4,0,0,0,0,0,0,4,3,0,3,0,0,0,0,0,0
2026-05-01,employment,7,7,0,0,0,0,0,0,7,4,0,4,0,0,0,0,0,0
2026-05-01,health,6,6,0,0,0,0,0,0,6,5,0,5,0,0,0,0,0,0
2026-05-01,housing,9,6,1,0,0,0,0,2,9,5,0,4,0,0,0,0,0,1
2026-05-01,justice,1,1,0,0,0,0,0,0,1,0,0,0,0,0,0,0,0,0
2026-05-01,money-and-tax,13,13,0,0,0,0,0,0,13,2,0,2,0,0,0,0,0,0
2026-05-01,moving-country,4,4,0,0,0,0,0,0,4,1,0,1,0,0,0,0,0,0
2026-05-01,returning-to-ireland,2,2,0,0,0,0,0,0,2,1,0,1,0,0,0,0,0,0
2026-05-01,social-welfare,81,74,2,2,1,1,0,1,79,33,0,30,1,2,0,0,0,0
2026-05-01,travel-and-recreation,11,11,0,0,0,0,0,0,11,6,0,6,0,0,0,0,0,0
2026-05-01,unknown,11,0,8,2,1,0,0,0,10,10,0,0,7,2,1,0,0,0
2026-05-02,about,3,3,0,0,0,0,0,0,3,2,0,2,0,0,0,0,0,0
2026-05-02,justice,1,1,0,0,0,0,0,0,1,1,0,1,0,0,0,0,0,0
2026-05-02,moving-country,2,2,0,0,0,0,0,0,2,0,0,0,0,0,0,0,0,0
2026-05-02,social-welfare,49,43,1,2,2,0,1,0,46,13,0,10,1,2,0,0,0,0
2026-05-02,unknown,2,0,1,1,0,0,0,0,2,1,0,0,1,0,0,0,0,0
2026-05-03,about,2,2,0,0,0,0,0,0,2,1,0,1,0,0,0,0,0,0
2026-05-03,education,1,1,0,0,0,0,0,0,1,0,0,0,0,0,0,0,0,0
2026-05-03,employment,1,1,0,0,0,0,0,0,1,0,0,0,0,0,0,0,0,0
2026-05-03,health,1,1,0,0,0,0,0,0,1,1,0,1,0,0,0,0,0,0
2026-05-03,housing,2,2,0,0,0,0,0,0,2,2,0,2,0,0,0,0,0,0
2026-05-03,money-and-tax,4,3,0,1,0,0,0,0,4,1,0,0,0,1,0,0,0,0
2026-05-03,social-welfare,20,18,0,2,0,0,0,0,20,4,0,4,0,0,0,0,0,0
2026-05-03,unknown,1,0,1,0,0,0,0,0,1,1,0,0,1,0,0,0,0,0
2026-05-04,employment,2,2,0,0,0,0,0,0,2,2,0,2,0,0,0,0,0,0
2026-05-04,health,2,2,0,0,0,0,0,0,2,1,0,1,0,0,0,0,0,0
2026-05-04,money-and-tax,4,4,0,0,0,0,0,0,4,1,0,1,0,0,0,0,0,0
2026-05-04,moving-country,5,5,0,0,0,0,0,0,5,2,0,2,0,0,0,0,0,0
2026-05-04,returning-to-ireland,1,1,0,0,0,0,0,0,1,0,0,0,0,0,0,0,0,0
2026-05-04,social-welfare,41,40,0,1,0,0,0,0,41,7,0,7,0,0,0,0,0,0
2026-05-04,unknown,6,0,5,0,0,0,0,1,6,5,0,0,4,0,0,0,0,1
2026-05-05,about,2,2,0,0,0,0,0,0,2,0,0,0,0,0,0,0,0,0
2026-05-05,birth-family-relationships,5,3,0,2,0,0,0,0,5,1,0,1,0,0,0,0,0,0
2026-05-05,consumer,3,3,0,0,0,0,0,0,3,1,0,1,0,0,0,0,0,0
2026-05-05,education,1,1,0,0,0,0,0,0,1,0,0,0,0,0,0,0,0,0
2026-05-05,employment,12,10,0,0,1,0,1,0,10,8,0,7,0,0,0,0,1,0
2026-05-05,government-in-ireland,7,2,1,1,0,3,0,0,4,2,0,2,0,0,0,0,0,0
2026-05-05,health,4,4,0,0,0,0,0,0,4,2,0,2,0,0,0,0,0,0
2026-05-05,housing,10,10,0,0,0,0,0,0,10,5,0,5,0,0,0,0,0,0
2026-05-05,justice,6,4,1,1,0,0,0,0,6,3,0,2,0,1,0,0,0,0
2026-05-05,money-and-tax,10,7,2,0,1,0,0,0,9,5,0,5,0,0,0,0,0,0
2026-05-05,moving-country,4,4,0,0,0,0,0,0,4,4,0,4,0,0,0,0,0,0
2026-05-05,returning-to-ireland,2,2,0,0,0,0,0,0,2,1,0,1,0,0,0,0,0,0
2026-05-05,social-welfare,113,105,6,1,0,1,0,0,112,31,0,30,1,0,0,0,0,0
2026-05-05,travel-and-recreation,1,1,0,0,0,0,0,0,1,1,0,1,0,0,0,0,0,0
2026-05-05,unknown,14,0,6,1,6,0,0,1,8,13,0,0,6,1,5,0,0,1
2026-05-06,birth-family-relationships,1,1,0,0,0,0,0,0,1,1,0,1,0,0,0,0,0,0
2026-05-06,consumer,3,3,0,0,0,0,0,0,3,2,0,2,0,0,0,0,0,0
2026-05-06,education,5,5,0,0,0,0,0,0,5,2,0,2,0,0,0,0,0,0
2026-05-06,employment,15,13,1,0,0,0,0,1,15,3,0,3,0,0,0,0,0,0
2026-05-06,government-in-ireland,2,2,0,0,0,0,0,0,2,2,0,2,0,0,0,0,0,0
2026-05-06,health,6,6,0,0,0,0,0,0,6,2,0,2,0,0,0,0,0,0
2026-05-06,housing,17,17,0,0,0,0,0,0,17,7,0,7,0,0,0,0,0,0
2026-05-06,justice,4,4,0,0,0,0,0,0,4,3,0,3,0,0,0,0,0,0
2026-05-06,money-and-tax,10,9,0,0,1,0,0,0,9,6,0,6,0,0,0,0,0,0
2026-05-06,moving-country,19,18,1,0,0,0,0,0,19,9,0,9,0,0,0,0,0,0
2026-05-06,returning-to-ireland,4,3,1,0,0,0,0,0,4,3,0,3,0,0,0,0,0,0
2026-05-06,social-welfare,96,89,2,2,1,0,0,2,95,35,0,34,1,0,0,0,0,0
2026-05-06,travel-and-recreation,8,7,1,0,0,0,0,0,8,5,0,5,0,0,0,0,0,0
2026-05-06,unknown,6,0,2,0,2,1,0,1,3,6,0,0,2,0,2,1,0,1
2026-05-07,about,3,3,0,0,0,0,0,0,3,0,1,0,0,0,0,0,0,0
2026-05-07,birth-family-relationships,5,5,0,0,0,0,0,0,5,2,0,2,0,0,0,0,0,0
2026-05-07,consumer,4,4,0,0,0,0,0,0,4,3,0,3,0,0,0,0,0,0
2026-05-07,education,3,3,0,0,0,0,0,0,3,1,0,1,0,0,0,0,0,0
2026-05-07,employment,22,19,1,2,0,0,0,0,22,13,0,13,0,0,0,0,0,0
2026-05-07,health,13,12,0,1,0,0,0,0,13,5,0,5,0,0,0,0,0,0
2026-05-07,housing,19,18,1,0,0,0,0,0,19,10,0,10,0,0,0,0,0,0
2026-05-07,justice,5,5,0,0,0,0,0,0,5,3,0,3,0,0,0,0,0,0
2026-05-07,money-and-tax,6,6,0,0,0,0,0,0,6,2,0,2,0,0,0,0,0,0
2026-05-07,moving-country,16,16,0,0,0,0,0,0,16,7,0,7,0,0,0,0,0,0
2026-05-07,returning-to-ireland,4,4,0,0,0,0,0,0,4,3,0,3,0,0,0,0,0,0
2026-05-07,social-welfare,78,75,0,3,0,0,0,0,78,32,0,31,0,1,0,0,0,0
2026-05-07,travel-and-recreation,4,4,0,0,0,0,0,0,4,3,0,3,0,0,0,0,0,0
2026-05-07,unknown,12,0,7,0,1,2,0,2,9,10,0,0,7,0,0,1,0,2
2026-05-08,birth-family-relationships,14,12,0,1,0,0,0,1,14,5,0,4,0,0,0,0,0,1
2026-05-08,education,2,1,1,0,0,0,0,0,2,1,0,0,1,0,0,0,0,0
2026-05-08,employment,19,19,0,0,0,0,0,0,19,6,0,6,0,0,0,0,0,0
2026-05-08,environment,3,3,0,0,0,0,0,0,3,2,0,2,0,0,0,0,0,0
2026-05-08,health,10,8,2,0,0,0,0,0,10,4,0,4,0,0,0,0,0,0
2026-05-08,housing,5,5,0,0,0,0,0,0,5,3,0,3,0,0,0,0,0,0
2026-05-08,justice,3,3,0,0,0,0,0,0,3,1,0,1,0,0,0,0,0,0
2026-05-08,money-and-tax,34,28,1,2,1,2,0,0,31,12,0,11,0,0,0,1,0,0
2026-05-08,moving-country,24,23,0,1,0,0,0,0,24,9,0,8,0,1,0,0,0,0
2026-05-08,returning-to-ireland,6,5,1,0,0,0,0,0,6,1,0,1,0,0,0,0,0,0
2026-05-08,social-welfare,69,67,1,0,0,0,0,1,69,29,0,29,0,0,0,0,0,0
2026-05-08,travel-and-recreation,11,9,1,0,0,0,1,0,10,2,0,2,0,0,0,0,0,0
2026-05-08,unknown,13,0,6,4,2,0,1,0,10,10,0,0,5,4,1,0,0,0
2026-05-09,about,2,2,0,0,0,0,0,0,2,0,0,0,0,0,0,0,0,0
2026-05-09,education,1,1,0,0,0,0,0,0,1,0,0,0,0,0,0,0,0,0
2026-05-09,employment,9,9,0,0,0,0,0,0,9,3,0,3,0,0,0,0,0,0
2026-05-09,moving-country,10,9,1,0,0,0,0,0,10,2,0,2,0,0,0,0,0,0
2026-05-09,returning-to-ireland,2,2,0,0,0,0,0,0,2,2,0,2,0,0,0,0,0,0
2026-05-09,social-welfare,12,11,0,0,0,0,0,1,12,4,0,4,0,0,0,0,0,0
2026-05-09,travel-and-recreation,7,7,0,0,0,0,0,0,7,3,0,3,0,0,0,0,0,0
2026-05-09,unknown,5,0,3,0,0,1,0,1,4,4,0,0,2,0,0,1,0,1
2026-05-10,about,12,9,0,2,0,1,0,0,11,0,0,0,0,0,0,0,0,0
2026-05-10,education,1,1,0,0,0,0,0,0,1,1,0,1,0,0,0,0,0,0
2026-05-10,employment,6,5,1,0,0,0,0,0,6,1,0,1,0,0,0,0,0,0
2026-05-10,health,2,2,0,0,0,0,0,0,2,0,0,0,0,0,0,0,0,0
2026-05-10,justice,1,1,0,0,0,0,0,0,1,0,0,0,0,0,0,0,0,0
2026-05-10,money-and-tax,3,3,0,0,0,0,0,0,3,0,0,0,0,0,0,0,0,0
2026-05-10,moving-country,4,3,1,0,0,0,0,0,4,2,0,1,1,0,0,0,0,0
2026-05-10,returning-to-ireland,2,2,0,0,0,0,0,0,2,1,0,1,0,0,0,0,0,0
2026-05-10,social-welfare,11,9,0,2,0,0,0,0,11,3,0,1,0,2,0,0,0,0
2026-05-10,unknown,1,0,1,0,0,0,0,0,1,1,0,0,1,0,0,0,0,0
2026-05-11,about,10,10,0,0,0,0,0,0,10,3,0,3,0,0,0,0,0,0
2026-05-11,birth-family-relationships,17,16,1,0,0,0,0,0,17,7,0,7,0,0,0,0,0,0
2026-05-11,consumer,11,9,0,2,0,0,0,0,11,4,0,4,0,0,0,0,0,0
2026-05-11,education,9,8,0,1,0,0,0,0,9,4,0,3,0,1,0,0,0,0
2026-05-11,employment,55,49,3,3,0,0,0,0,55,25,0,22,0,3,0,0,0,0
2026-05-11,environment,4,3,1,0,0,0,0,0,4,2,0,2,0,0,0,0,0,0
2026-05-11,government-in-ireland,9,7,0,0,0,0,1,1,8,4,0,3,0,0,0,0,1,0
2026-05-11,health,30,27,2,0,0,0,1,0,29,13,0,12,0,0,0,0,1,0
2026-05-11,housing,36,34,0,2,0,0,0,0,36,16,0,15,0,1,0,0,0,0
2026-05-11,justice,10,8,1,1,0,0,0,0,10,6,0,5,0,1,0,0,0,0
2026-05-11,money-and-tax,60,53,1,4,2,0,0,0,58,17,0,16,0,1,0,0,0,0
2026-05-11,moving-country,38,36,2,0,0,0,0,0,38,11,0,10,1,0,0,0,0,0
2026-05-11,returning-to-ireland,12,10,1,0,0,0,1,0,11,3,0,2,0,0,0,0,1,0
2026-05-11,social-welfare,196,189,1,4,2,0,0,0,194,71,0,70,1,0,0,0,0,0
2026-05-11,travel-and-recreation,31,27,0,0,3,0,0,1,28,21,0,21,0,0,0,0,0,0
2026-05-11,unknown,40,0,22,8,5,5,0,0,30,34,0,0,21,7,2,4,0,0
2026-05-12,about,3,3,0,0,0,0,0,0,3,0,0,0,0,0,0,0,0,0
2026-05-12,birth-family-relationships,21,20,1,0,0,0,0,0,21,11,0,11,0,0,0,0,0,0
2026-05-12,consumer,12,11,1,0,0,0,0,0,12,5,0,5,0,0,0,0,0,0
2026-05-12,death,4,2,1,0,1,0,0,0,3,1,0,0,1,0,0,0,0,0
2026-05-12,education,8,7,0,0,1,0,0,0,7,7,0,7,0,0,0,0,0,0
2026-05-12,employment,58,53,1,1,3,0,0,0,55,27,0,26,0,1,0,0,0,0
2026-05-12,environment,6,5,1,0,0,0,0,0,6,2,0,2,0,0,0,0,0,0
2026-05-12,government-in-ireland,14,12,2,0,0,0,0,0,14,3,0,3,0,0,0,0,0,0
2026-05-12,health,21,17,1,2,0,0,0,1,21,6,0,5,1,0,0,0,0,0
2026-05-12,housing,30,27,0,3,0,0,0,0,30,12,0,9,0,3,0,0,0,0
2026-05-12,justice,16,7,5,1,0,2,0,1,14,2,0,2,0,0,0,0,0,0
2026-05-12,money-and-tax,62,54,3,2,2,0,0,1,60,20,0,18,1,1,0,0,0,0
2026-05-12,moving-country,80,68,6,2,0,2,1,1,77,16,0,15,0,0,0,1,0,0
2026-05-12,returning-to-ireland,45,40,3,0,0,0,0,2,45,7,0,5,1,0,0,0,0,1
2026-05-12,social-welfare,244,223,5,7,3,2,3,1,236,97,0,89,0,5,0,0,2,1
2026-05-12,travel-and-recreation,29,24,3,0,1,0,0,1,28,12,0,10,1,0,0,0,0,1
2026-05-12,unknown,51,0,25,5,18,1,2,0,30,40,0,0,22,5,11,1,1,0
2026-05-13,about,6,3,0,0,1,0,1,1,4,2,0,0,0,0,0,0,1,1
2026-05-13,birth-family-relationships,12,12,0,0,0,0,0,0,12,5,0,5,0,0,0,0,0,0
2026-05-13,consumer,7,7,0,0,0,0,0,0,7,4,0,4,0,0,0,0,0,0
2026-05-13,education,5,3,0,1,1,0,0,0,4,2,0,1,0,1,0,0,0,0
2026-05-13,employment,31,29,2,0,0,0,0,0,31,13,0,12,1,0,0,0,0,0
2026-05-13,government-in-ireland,5,5,0,0,0,0,0,0,5,2,0,2,0,0,0,0,0,0
2026-05-13,health,11,10,0,0,1,0,0,0,10,7,0,7,0,0,0,0,0,0
2026-05-13,housing,44,34,1,4,3,0,1,1,40,18,0,14,0,3,0,0,1,0
2026-05-13,justice,17,14,2,0,0,0,0,1,17,8,0,7,0,0,0,0,0,1
2026-05-13,money-and-tax,46,41,2,0,2,0,1,0,43,19,0,18,1,0,0,0,0,0
2026-05-13,moving-country,29,22,1,3,2,0,1,0,26,7,0,5,0,1,0,0,1,0
2026-05-13,returning-to-ireland,8,8,0,0,0,0,0,0,8,6,0,6,0,0,0,0,0,0
2026-05-13,social-welfare,163,140,5,6,8,0,2,2,153,75,0,69,2,4,0,0,0,0
2026-05-13,travel-and-recreation,42,38,0,1,3,0,0,0,39,23,0,22,0,1,0,0,0,0
2026-05-13,unknown,70,0,24,6,33,1,2,4,34,58,0,0,22,6,24,1,2,3
2026-05-14,about,1,1,0,0,0,0,0,0,1,0,0,0,0,0,0,0,0,0
2026-05-14,birth-family-relationships,16,13,2,1,0,0,0,0,16,8,0,5,2,1,0,0,0,0
2026-05-14,consumer,2,2,0,0,0,0,0,0,2,1,0,1,0,0,0,0,0,0
2026-05-14,education,12,9,1,1,1,0,0,0,11,5,0,3,1,1,0,0,0,0
2026-05-14,employment,54,47,3,0,3,0,1,0,50,25,0,24,0,0,0,0,1,0
2026-05-14,environment,1,1,0,0,0,0,0,0,1,1,0,1,0,0,0,0,0,0
2026-05-14,government-in-ireland,2,1,1,0,0,0,0,0,2,1,0,1,0,0,0,0,0,0
2026-05-14,health,18,17,0,0,1,0,0,0,17,9,0,9,0,0,0,0,0,0
2026-05-14,housing,41,32,3,0,2,0,4,0,35,18,0,14,0,0,0,0,4,0
2026-05-14,justice,7,6,1,0,0,0,0,0,7,5,0,5,0,0,0,0,0,0
2026-05-14,money-and-tax,33,27,1,0,5,0,0,0,28,8,0,8,0,0,0,0,0,0
2026-05-14,moving-country,44,38,1,2,3,0,0,0,41,15,0,15,0,0,0,0,0,0
2026-05-14,returning-to-ireland,18,17,1,0,0,0,0,0,18,5,0,5,0,0,0,0,0,0
2026-05-14,social-welfare,180,166,4,0,8,0,2,0,170,74,0,71,1,0,0,0,2,0
2026-05-14,travel-and-recreation,35,28,1,2,4,0,0,0,31,11,0,9,1,1,0,0,0,0
2026-05-14,unknown,84,0,28,7,41,5,1,2,37,68,0,0,27,7,28,4,1,1
2026-05-15,about,4,3,1,0,0,0,0,0,4,1,0,1,0,0,0,0,0,0
2026-05-15,birth-family-relationships,12,10,0,1,0,0,1,0,11,4,0,2,0,1,0,0,1,0
2026-05-15,consumer,21,15,2,1,0,1,2,0,18,3,0,2,0,1,0,0,0,0
2026-05-15,death,5,4,1,0,0,0,0,0,5,2,0,2,0,0,0,0,0,0
2026-05-15,education,4,4,0,0,0,0,0,0,4,3,0,3,0,0,0,0,0,0
2026-05-15,employment,38,35,2,0,1,0,0,0,37,15,0,15,0,0,0,0,0,0
2026-05-15,government-in-ireland,1,1,0,0,0,0,0,0,1,1,0,1,0,0,0,0,0,0
2026-05-15,health,20,19,1,0,0,0,0,0,20,6,0,6,0,0,0,0,0,0
2026-05-15,housing,41,39,2,0,0,0,0,0,41,19,0,19,0,0,0,0,0,0
2026-05-15,justice,8,7,0,0,0,1,0,0,7,3,0,2,0,0,0,1,0,0
2026-05-15,money-and-tax,44,35,5,2,1,0,1,0,42,16,0,14,2,0,0,0,0,0
2026-05-15,moving-country,47,41,1,2,0,0,3,0,44,21,0,17,0,1,0,0,3,0
2026-05-15,returning-to-ireland,19,16,1,0,0,1,0,1,18,5,0,4,0,0,0,1,0,0
2026-05-15,social-welfare,190,177,4,5,0,1,3,0,186,82,0,75,0,3,0,1,3,0
2026-05-15,travel-and-recreation,35,30,2,0,2,0,1,0,32,18,0,17,0,0,0,0,1,0
2026-05-15,unknown,27,0,14,9,3,1,0,0,23,20,0,0,11,7,1,1,0,0
2026-05-16,birth-family-relationships,9,9,0,0,0,0,0,0,9,4,0,4,0,0,0,0,0,0
2026-05-16,education,3,2,1,0,0,0,0,0,3,2,0,2,0,0,0,0,0,0
2026-05-16,employment,17,14,2,1,0,0,0,0,17,4,0,4,0,0,0,0,0,0
2026-05-16,government-in-ireland,1,1,0,0,0,0,0,0,1,1,0,1,0,0,0,0,0,0
2026-05-16,health,11,10,0,0,0,0,0,1,11,4,0,4,0,0,0,0,0,0
2026-05-16,housing,16,14,1,1,0,0,0,0,16,8,0,7,0,1,0,0,0,0
2026-05-16,justice,4,4,0,0,0,0,0,0,4,1,0,1,0,0,0,0,0,0
2026-05-16,money-and-tax,14,10,2,2,0,0,0,0,14,5,0,5,0,0,0,0,0,0
2026-05-16,moving-country,20,16,1,0,1,0,2,0,17,6,0,4,0,0,0,0,2,0
2026-05-16,returning-to-ireland,1,1,0,0,0,0,0,0,1,0,0,0,0,0,0,0,0,0
2026-05-16,social-welfare,67,60,1,1,1,2,1,1,63,28,0,26,0,1,0,0,1,0
2026-05-16,travel-and-recreation,16,16,0,0,0,0,0,0,16,6,0,6,0,0,0,0,0,0
2026-05-16,unknown,16,0,8,4,2,0,1,1,13,13,0,0,6,4,1,0,1,1
2026-05-17,birth-family-relationships,3,3,0,0,0,0,0,0,3,1,0,1,0,0,0,0,0,0
2026-05-17,consumer,2,2,0,0,0,0,0,0,2,1,0,1,0,0,0,0,0,0
2026-05-17,education,2,2,0,0,0,0,0,0,2,1,0,1,0,0,0,0,0,0
2026-05-17,employment,9,9,0,0,0,0,0,0,9,4,0,4,0,0,0,0,0,0
2026-05-17,environment,2,2,0,0,0,0,0,0,2,1,0,1,0,0,0,0,0,0
2026-05-17,health,8,7,1,0,0,0,0,0,8,4,0,4,0,0,0,0,0,0
2026-05-17,housing,17,15,2,0,0,0,0,0,17,4,1,3,1,0,0,0,0,0
2026-05-17,justice,10,9,1,0,0,0,0,0,10,4,0,3,1,0,0,0,0,0
2026-05-17,money-and-tax,12,11,0,1,0,0,0,0,12,6,0,5,0,1,0,0,0,0
2026-05-17,moving-country,18,16,0,0,1,0,1,0,16,7,0,6,0,0,0,0,1,0
2026-05-17,returning-to-ireland,24,17,2,1,0,1,1,2,22,7,0,4,0,0,0,1,1,1
2026-05-17,social-welfare,90,86,2,0,1,1,0,0,88,28,0,28,0,0,0,0,0,0
2026-05-17,travel-and-recreation,10,9,0,0,0,0,1,0,9,4,0,4,0,0,0,0,0,0
2026-05-17,unknown,25,0,12,3,7,2,1,0,15,16,0,0,10,2,1,2,1,0
2026-05-18,about,3,3,0,0,0,0,0,0,3,2,0,2,0,0,0,0,0,0
2026-05-18,birth-family-relationships,23,19,0,1,0,0,3,0,20,12,0,11,0,0,0,0,1,0
2026-05-18,consumer,6,4,0,1,1,0,0,0,5,2,0,2,0,0,0,0,0,0
2026-05-18,death,2,2,0,0,0,0,0,0,2,1,0,1,0,0,0,0,0,0
2026-05-18,education,11,11,0,0,0,0,0,0,11,2,0,2,0,0,0,0,0,0
2026-05-18,employment,32,28,2,0,0,0,0,2,32,15,0,15,0,0,0,0,0,0
2026-05-18,government-in-ireland,2,1,0,1,0,0,0,0,2,1,0,0,0,1,0,0,0,0
2026-05-18,health,16,16,0,0,0,0,0,0,16,8,0,8,0,0,0,0,0,0
2026-05-18,housing,55,43,7,4,0,0,0,1,55,18,0,16,1,1,0,0,0,0
2026-05-18,justice,23,20,3,0,0,0,0,0,23,7,0,6,1,0,0,0,0,0
2026-05-18,money-and-tax,53,49,1,0,1,0,0,2,52,16,0,15,0,0,0,0,0,1
2026-05-18,moving-country,29,27,0,0,0,0,2,0,27,19,0,17,0,0,0,0,2,0
2026-05-18,returning-to-ireland,11,9,2,0,0,0,0,0,11,6,0,6,0,0,0,0,0,0
2026-05-18,social-welfare,229,219,2,2,2,0,1,3,226,88,0,86,0,1,0,0,1,0
2026-05-18,travel-and-recreation,21,20,1,0,0,0,0,0,21,9,0,9,0,0,0,0,0,0
2026-05-18,unknown,54,0,38,4,2,0,5,5,47,44,0,0,33,2,1,0,5,3
2026-05-19,about,5,4,1,0,0,0,0,0,5,1,0,0,1,0,0,0,0,0
2026-05-19,birth-family-relationships,26,25,0,0,0,0,0,1,26,10,0,9,0,0,0,0,0,1
2026-05-19,consumer,1,1,0,0,0,0,0,0,1,1,0,1,0,0,0,0,0,0
2026-05-19,death,16,13,0,3,0,0,0,0,16,4,0,3,0,1,0,0,0,0
2026-05-19,education,24,23,0,1,0,0,0,0,24,10,0,10,0,0,0,0,0,0
2026-05-19,employment,57,50,5,0,1,0,0,1,56,25,0,25,0,0,0,0,0,0
2026-05-19,environment,2,2,0,0,0,0,0,0,2,1,0,1,0,0,0,0,0,0
2026-05-19,health,23,20,1,2,0,0,0,0,23,10,0,8,0,2,0,0,0,0
2026-05-19,housing,25,23,2,0,0,0,0,0,25,15,0,15,0,0,0,0,0,0
2026-05-19,justice,8,8,0,0,0,0,0,0,8,4,0,4,0,0,0,0,0,0
2026-05-19,money-and-tax,46,44,2,0,0,0,0,0,46,13,0,12,1,0,0,0,0,0
2026-05-19,moving-country,48,43,1,1,1,2,0,0,45,12,0,10,0,1,0,1,0,0
2026-05-19,returning-to-ireland,21,20,0,1,0,0,0,0,21,10,0,9,0,1,0,0,0,0
2026-05-19,social-welfare,247,234,2,7,1,0,2,1,244,95,0,90,1,3,0,0,1,0
2026-05-19,travel-and-recreation,23,21,2,0,0,0,0,0,23,11,0,11,0,0,0,0,0,0
2026-05-19,unknown,52,0,38,4,6,1,0,3,45,41,0,0,33,3,2,1,0,2
2026-05-20,about,17,12,2,2,0,0,1,0,16,8,0,5,2,0,0,0,1,0
2026-05-20,birth-family-relationships,55,49,1,2,1,0,1,1,53,22,0,19,0,2,0,0,1,0
2026-05-20,consumer,10,9,0,1,0,0,0,0,10,5,0,4,0,1,0,0,0,0
2026-05-20,death,1,1,0,0,0,0,0,0,1,1,0,1,0,0,0,0,0,0
2026-05-20,education,16,15,0,1,0,0,0,0,16,10,0,9,0,1,0,0,0,0
2026-05-20,employment,93,79,8,4,0,0,2,0,91,39,0,36,1,1,0,0,1,0
2026-05-20,environment,3,2,1,0,0,0,0,0,3,1,0,1,0,0,0,0,0,0
2026-05-20,government-in-ireland,6,6,0,0,0,0,0,0,6,3,0,3,0,0,0,0,0,0
2026-05-20,health,32,25,2,2,2,0,1,0,29,19,0,17,0,1,0,0,1,0
2026-05-20,housing,61,53,4,2,1,0,0,1,60,31,0,28,1,2,0,0,0,0
2026-05-20,justice,10,8,2,0,0,0,0,0,10,6,0,6,0,0,0,0,0,0
2026-05-20,money-and-tax,73,68,1,2,0,0,1,1,72,23,0,20,0,2,0,0,1,0
2026-05-20,moving-country,62,56,2,1,0,0,1,2,61,29,0,25,1,1,0,0,1,1
2026-05-20,returning-to-ireland,28,26,2,0,0,0,0,0,28,12,0,11,1,0,0,0,0,0
2026-05-20,social-welfare,386,366,2,7,6,1,1,3,378,142,0,135,0,5,0,0,0,2
2026-05-20,travel-and-recreation,71,64,1,4,1,0,0,1,70,32,0,28,0,3,0,0,0,1
2026-05-20,unknown,59,0,29,7,10,6,3,4,40,52,0,0,28,7,7,5,2,3
2026-05-21,about,17,12,3,1,0,0,1,0,16,6,1,5,0,0,0,0,1,0
2026-05-21,birth-family-relationships,45,41,1,2,0,0,0,1,45,14,0,13,0,1,0,0,0,0
2026-05-21,consumer,13,11,1,1,0,0,0,0,13,5,0,5,0,0,0,0,0,0
2026-05-21,death,4,4,0,0,0,0,0,0,4,1,0,1,0,0,0,0,0,0
2026-05-21,education,12,12,0,0,0,0,0,0,12,8,0,8,0,0,0,0,0,0
2026-05-21,employment,90,81,3,3,2,0,0,1,88,32,0,28,1,3,0,0,0,0
2026-05-21,environment,1,1,0,0,0,0,0,0,1,0,0,0,0,0,0,0,0,0
2026-05-21,government-in-ireland,17,14,1,0,0,0,1,1,16,8,1,7,0,0,0,0,1,0
2026-05-21,health,33,30,1,0,0,1,0,1,32,16,0,16,0,0,0,0,0,0
2026-05-21,housing,70,56,10,3,1,0,0,0,69,25,0,20,4,1,0,0,0,0
2026-05-21,justice,19,16,2,0,0,0,0,1,19,6,0,3,2,0,0,0,0,1
2026-05-21,money-and-tax,63,55,0,3,1,0,2,2,60,24,0,19,0,2,0,0,2,1
2026-05-21,moving-country,67,64,0,1,2,0,0,0,65,22,0,22,0,0,0,0,0,0
2026-05-21,returning-to-ireland,29,28,0,1,0,0,0,0,29,15,0,14,0,1,0,0,0,0
2026-05-21,social-welfare,493,465,8,10,3,1,6,0,483,172,0,166,0,3,0,0,3,0
2026-05-21,travel-and-recreation,44,42,1,1,0,0,0,0,44,24,0,24,0,0,0,0,0,0
2026-05-21,unknown,69,0,40,12,8,2,2,5,57,56,0,0,34,11,4,2,2,3
2026-05-22,about,13,7,2,0,0,0,2,2,11,5,0,3,0,0,0,0,1,1
2026-05-22,birth-family-relationships,22,19,1,2,0,0,0,0,22,10,0,8,0,2,0,0,0,0
2026-05-22,consumer,11,8,2,0,0,0,0,1,11,5,0,4,0,0,0,0,0,1
2026-05-22,death,6,5,0,0,0,1,0,0,5,4,0,3,0,0,0,1,0,0
2026-05-22,education,16,15,0,0,0,0,1,0,15,7,0,6,0,0,0,0,1,0
2026-05-22,employment,55,50,2,3,0,0,0,0,55,25,0,23,0,2,0,0,0,0
2026-05-22,environment,2,2,0,0,0,0,0,0,2,2,0,2,0,0,0,0,0,0
2026-05-22,government-in-ireland,1,1,0,0,0,0,0,0,1,1,0,1,0,0,0,0,0,0
2026-05-22,health,27,24,3,0,0,0,0,0,27,13,0,13,0,0,0,0,0,0
2026-05-22,housing,59,50,8,1,0,0,0,0,59,16,0,14,1,1,0,0,0,0
2026-05-22,justice,21,17,1,0,0,0,3,0,18,7,0,6,0,0,0,0,1,0
2026-05-22,money-and-tax,62,54,5,1,0,0,1,1,61,19,0,18,0,0,0,0,1,0
2026-05-22,moving-country,36,34,1,0,0,1,0,0,35,16,0,14,1,0,0,1,0,0
2026-05-22,returning-to-ireland,22,22,0,0,0,0,0,0,22,8,0,8,0,0,0,0,0,0
2026-05-22,social-welfare,294,272,6,7,3,1,2,3,288,130,0,125,0,4,0,0,0,1
2026-05-22,travel-and-recreation,45,42,1,0,1,1,0,0,43,16,0,16,0,0,0,0,0,0
2026-05-22,unknown,53,0,25,12,7,4,3,2,39,39,0,0,21,7,5,3,2,1
2026-05-23,about,6,3,2,1,0,0,0,0,6,2,0,0,1,1,0,0,0,0
2026-05-23,birth-family-relationships,16,14,1,0,0,0,1,0,15,5,0,3,1,0,0,0,1,0
2026-05-23,consumer,3,3,0,0,0,0,0,0,3,2,0,2,0,0,0,0,0,0
2026-05-23,death,4,3,0,0,1,0,0,0,3,1,0,1,0,0,0,0,0,0
2026-05-23,education,2,2,0,0,0,0,0,0,2,0,0,0,0,0,0,0,0,0
2026-05-23,employment,26,20,3,1,0,2,0,0,24,9,0,8,1,0,0,0,0,0
2026-05-23,environment,3,3,0,0,0,0,0,0,3,1,0,1,0,0,0,0,0,0
2026-05-23,government-in-ireland,3,3,0,0,0,0,0,0,3,1,0,1,0,0,0,0,0,0
2026-05-23,health,14,14,0,0,0,0,0,0,14,7,0,7,0,0,0,0,0,0
2026-05-23,housing,26,17,4,3,1,0,0,1,25,9,0,6,1,2,0,0,0,0
2026-05-23,justice,8,8,0,0,0,0,0,0,8,3,0,3,0,0,0,0,0,0
2026-05-23,money-and-tax,21,17,0,1,1,1,0,1,19,7,0,6,0,0,0,1,0,0
2026-05-23,moving-country,42,40,0,2,0,0,0,0,42,16,0,16,0,0,0,0,0,0
2026-05-23,returning-to-ireland,9,7,1,1,0,0,0,0,9,4,0,4,0,0,0,0,0,0
2026-05-23,social-welfare,128,118,2,4,1,0,2,1,125,41,0,38,1,1,0,0,1,0
2026-05-23,travel-and-recreation,34,30,2,0,1,0,1,0,32,13,0,12,0,0,0,0,1,0
2026-05-23,unknown,23,0,14,4,1,2,1,1,19,20,0,0,12,4,0,2,1,1
2026-05-24,birth-family-relationships,14,10,3,1,0,0,0,0,14,7,0,6,0,1,0,0,0,0
2026-05-24,consumer,2,2,0,0,0,0,0,0,2,2,0,2,0,0,0,0,0,0
2026-05-24,death,2,2,0,0,0,0,0,0,2,1,0,1,0,0,0,0,0,0
2026-05-24,education,12,7,3,2,0,0,0,0,12,3,0,2,0,1,0,0,0,0
2026-05-24,employment,20,16,3,0,1,0,0,0,19,7,0,7,0,0,0,0,0,0
2026-05-24,environment,1,1,0,0,0,0,0,0,1,0,0,0,0,0,0,0,0,0
2026-05-24,government-in-ireland,12,10,2,0,0,0,0,0,12,5,0,4,1,0,0,0,0,0
2026-05-24,health,15,13,1,1,0,0,0,0,15,6,0,5,0,1,0,0,0,0
2026-05-24,housing,13,13,0,0,0,0,0,0,13,5,1,5,0,0,0,0,0,0
2026-05-24,justice,5,4,0,1,0,0,0,0,5,1,0,0,0,1,0,0,0,0
2026-05-24,money-and-tax,17,12,2,2,0,0,1,0,16,6,0,4,1,1,0,0,0,0
2026-05-24,moving-country,25,25,0,0,0,0,0,0,25,8,0,8,0,0,0,0,0,0
2026-05-24,returning-to-ireland,9,7,1,0,1,0,0,0,8,1,0,1,0,0,0,0,0,0
2026-05-24,social-welfare,145,139,0,4,2,0,0,0,143,50,0,49,0,1,0,0,0,0
2026-05-24,travel-and-recreation,22,21,1,0,0,0,0,0,22,12,0,12,0,0,0,0,0,0
2026-05-24,unknown,31,0,14,8,5,4,0,0,22,29,0,0,13,8,4,4,0,0
2026-05-25,about,10,8,1,0,0,0,1,0,9,4,0,2,1,0,0,0,1,0
2026-05-25,birth-family-relationships,19,18,1,0,0,0,0,0,19,11,0,10,1,0,0,0,0,0
2026-05-25,consumer,12,11,0,1,0,0,0,0,12,4,1,3,0,1,0,0,0,0
2026-05-25,death,7,7,0,0,0,0,0,0,7,2,0,2,0,0,0,0,0,0
2026-05-25,education,14,13,0,0,1,0,0,0,13,8,0,8,0,0,0,0,0,0
2026-05-25,employment,54,50,0,1,1,0,1,1,52,29,0,27,0,1,0,0,1,0
2026-05-25,environment,6,3,2,1,0,0,0,0,6,2,0,2,0,0,0,0,0,0
2026-05-25,government-in-ireland,6,4,1,1,0,0,0,0,6,2,0,1,0,1,0,0,0,0
2026-05-25,health,36,32,4,0,0,0,0,0,36,15,0,13,2,0,0,0,0,0
2026-05-25,housing,54,48,4,2,0,0,0,0,54,20,0,19,1,0,0,0,0,0
2026-05-25,justice,24,20,0,3,0,0,1,0,23,10,0,8,0,2,0,0,0,0
2026-05-25,money-and-tax,78,69,5,1,1,1,1,0,75,29,1,27,0,0,0,1,1,0
2026-05-25,moving-country,58,55,0,0,0,1,2,0,55,21,0,18,0,0,0,1,2,0
2026-05-25,returning-to-ireland,19,17,0,1,0,0,1,0,18,8,0,7,0,0,0,0,1,0
2026-05-25,social-welfare,401,370,11,6,4,0,8,2,389,147,1,138,1,4,0,0,4,0
2026-05-25,travel-and-recreation,51,42,5,2,0,1,0,1,50,16,0,14,1,0,0,1,0,0
2026-05-25,unknown,54,0,32,6,5,1,3,7,45,47,0,0,30,6,3,1,3,4
2026-05-26,about,10,10,0,0,0,0,0,0,10,3,0,3,0,0,0,0,0,0
2026-05-26,birth-family-relationships,43,37,4,0,1,0,0,1,42,20,0,20,0,0,0,0,0,0
2026-05-26,consumer,12,7,3,1,0,0,1,0,11,3,0,1,0,1,0,0,1,0
2026-05-26,death,2,2,0,0,0,0,0,0,2,0,0,0,0,0,0,0,0,0
2026-05-26,education,12,11,1,0,0,0,0,0,12,8,0,8,0,0,0,0,0,0
2026-05-26,employment,66,56,5,3,2,0,0,0,64,26,0,24,0,2,0,0,0,0
2026-05-26,government-in-ireland,11,9,0,1,1,0,0,0,10,4,0,3,0,1,0,0,0,0
2026-05-26,health,40,39,0,1,0,0,0,0,40,15,0,14,0,1,0,0,0,0
2026-05-26,housing,51,44,3,2,2,0,0,0,49,27,0,24,1,2,0,0,0,0
2026-05-26,justice,10,9,0,0,0,0,0,1,10,3,0,3,0,0,0,0,0,0
2026-05-26,money-and-tax,51,50,1,0,0,0,0,0,51,19,0,19,0,0,0,0,0,0
2026-05-26,moving-country,63,57,1,3,0,0,2,0,61,24,0,19,1,2,0,0,2,0
2026-05-26,returning-to-ireland,23,21,1,0,0,0,0,1,23,10,0,9,0,0,0,0,0,1
2026-05-26,social-welfare,323,305,5,6,3,1,1,2,318,138,0,132,1,3,0,0,1,1
2026-05-26,travel-and-recreation,49,43,2,1,1,1,1,0,46,28,0,27,0,0,0,0,1,0
2026-05-26,unknown,73,0,41,13,6,2,3,8,62,63,0,0,36,12,4,2,3,6
2026-05-27,about,2,1,1,0,0,0,0,0,2,1,0,0,1,0,0,0,0,0
2026-05-27,birth-family-relationships,35,29,3,2,0,0,1,0,34,19,0,17,0,1,0,0,1,0
2026-05-27,consumer,10,8,1,0,0,0,1,0,9,4,0,3,0,0,0,0,1,0
2026-05-27,death,7,7,0,0,0,0,0,0,7,2,0,2,0,0,0,0,0,0
2026-05-27,education,20,18,1,1,0,0,0,0,20,7,0,6,0,1,0,0,0,0
2026-05-27,employment,102,87,10,3,0,0,1,1,101,28,0,25,1,2,0,0,0,0
2026-05-27,environment,4,4,0,0,0,0,0,0,4,1,0,1,0,0,0,0,0,0
2026-05-27,government-in-ireland,1,1,0,0,0,0,0,0,1,0,0,0,0,0,0,0,0,0
2026-05-27,health,54,49,3,2,0,0,0,0,54,16,0,14,0,2,0,0,0,0
2026-05-27,housing,73,63,1,1,2,0,2,4,69,30,0,28,0,0,0,0,1,1
2026-05-27,justice,57,46,4,5,0,0,2,0,55,9,0,7,0,2,0,0,0,0
2026-05-27,money-and-tax,50,45,4,0,0,0,1,0,49,20,0,17,2,0,0,0,1,0
2026-05-27,moving-country,50,42,1,3,1,0,3,0,46,20,0,15,1,1,0,0,3,0
2026-05-27,returning-to-ireland,16,15,0,0,0,0,1,0,15,9,0,8,0,0,0,0,1,0
2026-05-27,social-welfare,347,323,4,7,6,0,4,3,337,145,0,134,1,7,0,0,2,1
2026-05-27,travel-and-recreation,56,48,4,2,0,0,2,0,54,20,0,17,0,1,0,0,2,0
2026-05-27,unknown,72,0,52,10,1,2,1,6,68,58,0,0,40,10,0,2,1,5
2026-05-28,about,12,10,0,1,1,0,0,0,11,4,0,4,0,0,0,0,0,0
2026-05-28,birth-family-relationships,22,18,2,0,0,0,2,0,20,11,0,9,0,0,0,0,2,0
2026-05-28,consumer,10,9,0,0,0,0,0,1,10,7,0,7,0,0,0,0,0,0
2026-05-28,death,3,3,0,0,0,0,0,0,3,2,0,2,0,0,0,0,0,0
2026-05-28,education,30,25,1,0,0,4,0,0,26,7,0,7,0,0,0,0,0,0
2026-05-28,employment,100,86,8,3,2,0,1,0,97,40,1,39,0,0,0,0,1,0
2026-05-28,environment,6,4,0,2,0,0,0,0,6,1,0,1,0,0,0,0,0,0
2026-05-28,government-in-ireland,1,1,0,0,0,0,0,0,1,1,0,1,0,0,0,0,0,0
2026-05-28,health,40,32,1,4,0,0,0,3,40,13,0,9,1,3,0,0,0,0
2026-05-28,housing,31,30,1,0,0,0,0,0,31,17,0,17,0,0,0,0,0,0
2026-05-28,justice,33,25,3,3,2,0,0,0,31,4,0,3,0,1,0,0,0,0
2026-05-28,money-and-tax,64,57,2,1,0,0,3,1,61,26,0,24,1,0,0,0,1,0
2026-05-28,moving-country,68,63,1,1,1,0,2,0,65,23,0,22,0,0,0,0,1,0
2026-05-28,returning-to-ireland,30,25,5,0,0,0,0,0,30,12,0,11,1,0,0,0,0,0
2026-05-28,social-welfare,441,402,12,13,2,2,5,5,432,146,0,136,1,6,0,1,2,0
2026-05-28,travel-and-recreation,65,57,4,1,0,0,2,1,63,31,0,29,1,1,0,0,0,0
2026-05-28,unknown,63,0,46,8,3,1,3,2,56,52,0,0,39,6,1,1,3,2
2026-05-29,about,7,6,1,0,0,0,0,0,7,5,0,5,0,0,0,0,0,0
2026-05-29,birth-family-relationships,28,24,2,2,0,0,0,0,28,10,0,10,0,0,0,0,0,0
2026-05-29,consumer,3,2,0,1,0,0,0,0,3,2,0,1,0,1,0,0,0,0
2026-05-29,death,2,2,0,0,0,0,0,0,2,2,0,2,0,0,0,0,0,0
2026-05-29,education,15,13,0,0,0,1,0,1,14,5,0,4,0,0,0,1,0,0
2026-05-29,employment,72,62,0,3,4,0,0,3,68,24,0,21,0,3,0,0,0,0
2026-05-29,environment,3,1,2,0,0,0,0,0,3,1,0,0,1,0,0,0,0,0
2026-05-29,government-in-ireland,1,1,0,0,0,0,0,0,1,1,0,1,0,0,0,0,0,0
2026-05-29,health,15,14,0,0,0,0,1,0,14,8,0,8,0,0,0,0,0,0
2026-05-29,housing,27,22,1,2,1,0,1,0,25,17,0,14,1,1,0,0,1,0
2026-05-29,justice,32,28,2,1,0,0,1,0,31,10,0,9,0,0,0,0,1,0
2026-05-29,money-and-tax,31,26,0,2,2,0,1,0,28,12,0,10,0,1,0,0,1,0
2026-05-29,moving-country,41,37,0,1,2,1,0,0,38,15,0,13,0,1,0,1,0,0
2026-05-29,returning-to-ireland,16,14,0,0,0,1,0,1,15,4,0,4,0,0,0,0,0,0
2026-05-29,social-welfare,253,236,5,4,3,0,0,5,250,91,2,87,0,2,0,0,0,2
2026-05-29,travel-and-recreation,42,37,0,1,3,0,1,0,38,23,0,22,0,1,0,0,0,0
2026-05-29,unknown,122,0,30,13,64,4,7,4,47,101,0,0,25,11,51,4,6,4
2026-05-30,about,7,5,1,0,0,0,1,0,6,2,0,2,0,0,0,0,0,0
2026-05-30,birth-family-relationships,34,31,1,1,0,0,0,1,34,7,0,7,0,0,0,0,0,0
2026-05-30,consumer,20,15,4,1,0,0,0,0,20,9,0,7,2,0,0,0,0,0
2026-05-30,death,4,3,0,1,0,0,0,0,4,3,0,2,0,1,0,0,0,0
2026-05-30,education,19,17,2,0,0,0,0,0,19,9,0,9,0,0,0,0,0,0
2026-05-30,employment,26,24,1,1,0,0,0,0,26,8,0,7,0,1,0,0,0,0
2026-05-30,environment,1,1,0,0,0,0,0,0,1,1,0,1,0,0,0,0,0,0
2026-05-30,government-in-ireland,1,1,0,0,0,0,0,0,1,1,0,1,0,0,0,0,0,0
2026-05-30,health,12,12,0,0,0,0,0,0,12,6,0,6,0,0,0,0,0,0
2026-05-30,housing,30,23,2,4,0,0,0,1,30,12,0,9,0,2,0,0,0,1
2026-05-30,justice,19,17,2,0,0,0,0,0,19,5,0,4,1,0,0,0,0,0
2026-05-30,money-and-tax,29,27,0,1,0,0,0,1,29,9,0,8,0,1,0,0,0,0
2026-05-30,moving-country,21,18,0,3,0,0,0,0,21,10,0,8,0,2,0,0,0,0
2026-05-30,returning-to-ireland,6,4,0,0,0,1,0,1,5,3,0,3,0,0,0,0,0,0
2026-05-30,social-welfare,140,126,2,4,2,3,2,1,133,43,0,38,0,3,0,1,1,0
2026-05-30,travel-and-recreation,34,30,2,1,0,0,1,0,33,15,0,14,0,1,0,0,0,0
2026-05-30,unknown,33,0,22,4,2,3,1,1,27,26,0,0,20,4,0,1,0,1
2026-05-31,birth-family-relationships,17,16,0,0,1,0,0,0,16,9,0,9,0,0,0,0,0,0
2026-05-31,consumer,2,2,0,0,0,0,0,0,2,2,0,2,0,0,0,0,0,0
2026-05-31,death,7,4,0,3,0,0,0,0,7,2,0,1,0,1,0,0,0,0
2026-05-31,education,6,6,0,0,0,0,0,0,6,3,0,3,0,0,0,0,0,0
2026-05-31,employment,47,43,2,2,0,0,0,0,47,16,0,15,0,1,0,0,0,0
2026-05-31,environment,12,11,1,0,0,0,0,0,12,2,0,2,0,0,0,0,0,0
2026-05-31,health,11,11,0,0,0,0,0,0,11,5,0,5,0,0,0,0,0,0
2026-05-31,housing,26,24,1,1,0,0,0,0,26,5,0,4,1,0,0,0,0,0
2026-05-31,justice,6,6,0,0,0,0,0,0,6,2,0,2,0,0,0,0,0,0
2026-05-31,money-and-tax,17,15,0,1,0,0,1,0,16,6,0,6,0,0,0,0,0,0
2026-05-31,moving-country,44,41,2,1,0,0,0,0,44,13,0,12,0,1,0,0,0,0
2026-05-31,returning-to-ireland,10,9,0,1,0,0,0,0,10,5,0,4,0,1,0,0,0,0
2026-05-31,social-welfare,146,133,1,5,2,1,1,3,142,44,1,40,1,3,0,0,0,0
2026-05-31,travel-and-recreation,36,31,0,3,0,2,0,0,34,12,0,10,0,1,0,1,0,0
2026-05-31,unknown,43,0,28,7,3,2,1,2,37,37,0,0,26,5,1,2,1,2
2026-06-01,about,33,7,0,0,0,19,1,6,13,1,0,1,0,0,0,0,0,0
2026-06-01,birth-family-relationships,21,18,3,0,0,0,0,0,21,8,0,7,1,0,0,0,0,0
2026-06-01,consumer,10,8,1,1,0,0,0,0,10,4,0,2,1,1,0,0,0,0
2026-06-01,death,8,7,1,0,0,0,0,0,8,6,0,5,1,0,0,0,0,0
2026-06-01,education,17,15,0,0,0,0,2,0,15,7,0,5,0,0,0,0,2,0
2026-06-01,employment,52,46,1,3,2,0,0,0,50,17,0,15,0,2,0,0,0,0
2026-06-01,environment,8,4,4,0,0,0,0,0,8,4,0,4,0,0,0,0,0,0
2026-06-01,government-in-ireland,7,6,0,0,0,1,0,0,6,2,0,2,0,0,0,0,0,0
2026-06-01,health,12,10,1,0,0,0,0,1,12,6,0,5,0,0,0,0,0,1
2026-06-01,housing,41,35,5,0,0,0,1,0,40,11,1,9,2,0,0,0,0,0
2026-06-01,justice,10,8,2,0,0,0,0,0,10,3,0,2,1,0,0,0,0,0
2026-06-01,money-and-tax,47,42,2,1,2,0,0,0,45,13,0,11,1,1,0,0,0,0
2026-06-01,moving-country,54,49,0,3,1,0,1,0,52,17,0,14,0,2,0,0,1,0
2026-06-01,returning-to-ireland,18,17,1,0,0,0,0,0,18,7,0,7,0,0,0,0,0,0
2026-06-01,social-welfare,289,269,2,7,3,0,3,5,283,109,1,102,0,4,0,0,1,2
2026-06-01,travel-and-recreation,59,56,0,2,0,0,0,1,59,24,0,23,0,1,0,0,0,0
2026-06-01,unknown,59,0,36,7,11,0,2,3,46,51,0,0,33,7,6,0,2,3
2026-06-02,about,14,13,1,0,0,0,0,0,14,3,0,2,1,0,0,0,0,0
2026-06-02,birth-family-relationships,32,25,1,2,1,0,2,1,29,15,0,12,0,1,0,0,2,0
2026-06-02,consumer,10,8,1,1,0,0,0,0,10,6,0,5,0,1,0,0,0,0
2026-06-02,death,6,6,0,0,0,0,0,0,6,3,0,3,0,0,0,0,0,0
2026-06-02,education,27,23,1,3,0,0,0,0,27,9,0,6,1,2,0,0,0,0
2026-06-02,employment,88,79,3,2,1,0,3,0,84,41,0,36,2,1,0,0,2,0
2026-06-02,environment,9,5,3,0,0,1,0,0,8,4,0,3,0,0,0,1,0,0
2026-06-02,government-in-ireland,6,6,0,0,0,0,0,0,6,4,0,4,0,0,0,0,0,0
2026-06-02,health,44,41,1,1,0,0,1,0,43,20,0,19,0,1,0,0,0,0
2026-06-02,housing,88,76,6,4,0,0,0,2,88,32,0,27,0,4,0,0,0,1
2026-06-02,justice,22,20,2,0,0,0,0,0,22,8,0,8,0,0,0,0,0,0
2026-06-02,money-and-tax,68,67,1,0,0,0,0,0,68,27,0,26,1,0,0,0,0,0
2026-06-02,moving-country,68,63,2,3,0,0,0,0,68,23,0,21,0,2,0,0,0,0
2026-06-02,returning-to-ireland,31,26,2,1,0,1,0,1,30,17,0,17,0,0,0,0,0,0
2026-06-02,social-welfare,437,404,7,14,5,2,3,2,427,154,0,146,1,7,0,0,0,0
2026-06-02,travel-and-recreation,73,65,3,4,0,0,1,0,72,29,0,26,0,2,0,0,1,0
2026-06-02,unknown,61,0,38,9,7,2,2,3,50,51,0,0,31,9,5,2,2,2
2026-06-03,about,27,17,0,2,0,5,1,2,21,8,0,7,0,0,0,1,0,0
2026-06-03,birth-family-relationships,27,23,2,1,0,0,0,1,27,13,0,11,1,1,0,0,0,0
2026-06-03,consumer,13,10,2,0,0,0,1,0,12,6,0,5,0,0,0,0,1,0
2026-06-03,death,8,7,1,0,0,0,0,0,8,2,0,2,0,0,0,0,0,0
2026-06-03,education,22,17,1,3,1,0,0,0,21,11,0,9,1,1,0,0,0,0
2026-06-03,employment,73,68,1,1,0,0,1,2,72,30,0,27,0,1,0,0,1,1
2026-06-03,environment,4,4,0,0,0,0,0,0,4,3,0,3,0,0,0,0,0,0
2026-06-03,government-in-ireland,10,6,2,1,0,0,1,0,9,3,0,2,0,1,0,0,0,0
2026-06-03,health,36,33,2,1,0,0,0,0,36,16,0,15,1,0,0,0,0,0
2026-06-03,housing,81,69,7,4,0,0,1,0,80,32,1,29,1,1,0,0,1,0
2026-06-03,justice,9,9,0,0,0,0,0,0,9,5,0,5,0,0,0,0,0,0
2026-06-03,money-and-tax,70,66,1,2,1,0,0,0,69,24,0,21,1,2,0,0,0,0
2026-06-03,moving-country,59,56,1,2,0,0,0,0,59,28,0,25,1,2,0,0,0,0
2026-06-03,returning-to-ireland,28,23,2,2,1,0,0,0,27,17,0,15,0,2,0,0,0,0
2026-06-03,social-welfare,422,394,7,9,3,4,5,0,410,150,0,142,1,4,0,1,2,0
2026-06-03,travel-and-recreation,65,55,3,2,1,1,2,1,61,33,0,32,0,0,0,0,1,0
2026-06-03,unknown,84,0,55,10,10,4,3,2,67,72,0,0,50,9,6,3,3,1
2026-06-04,about,10,9,0,0,0,0,1,0,9,3,0,2,0,0,0,0,1,0
2026-06-04,birth-family-relationships,30,28,1,0,0,0,1,0,29,15,0,13,1,0,0,0,1,0
2026-06-04,consumer,18,18,0,0,0,0,0,0,18,9,0,9,0,0,0,0,0,0
2026-06-04,death,5,4,1,0,0,0,0,0,5,3,0,2,1,0,0,0,0,0
2026-06-04,education,16,16,0,0,0,0,0,0,16,10,0,10,0,0,0,0,0,0
2026-06-04,employment,69,63,2,2,0,0,0,2,69,31,0,30,0,1,0,0,0,0
2026-06-04,government-in-ireland,2,1,0,1,0,0,0,0,2,1,0,0,0,1,0,0,0,0
2026-06-04,health,49,40,7,1,0,0,1,0,48,22,0,17,3,1,0,0,1,0
2026-06-04,housing,45,36,5,3,0,0,1,0,44,18,0,14,0,3,0,0,1,0
2026-06-04,justice,21,15,5,0,1,0,0,0,20,7,0,6,1,0,0,0,0,0
2026-06-04,money-and-tax,70,62,1,4,1,0,0,2,69,18,0,14,0,2,0,0,0,2
2026-06-04,moving-country,97,81,6,6,0,0,2,2,95,25,0,20,1,1,0,0,2,1
2026-06-04,returning-to-ireland,10,10,0,0,0,0,0,0,10,7,0,7,0,0,0,0,0,0
2026-06-04,social-welfare,432,409,6,10,1,0,3,3,428,168,1,160,1,4,0,0,3,0
2026-06-04,travel-and-recreation,40,38,2,0,0,0,0,0,40,21,0,19,2,0,0,0,0,0
2026-06-04,unknown,67,0,36,12,7,5,4,3,51,52,0,0,29,11,3,4,4,1
2026-06-05,about,34,20,1,2,1,3,7,0,23,10,0,5,1,1,0,0,3,0
2026-06-05,birth-family-relationships,20,19,1,0,0,0,0,0,20,10,0,10,0,0,0,0,0,0
2026-06-05,consumer,9,8,1,0,0,0,0,0,9,6,0,6,0,0,0,0,0,0
2026-06-05,death,8,7,0,1,0,0,0,0,8,2,0,1,0,1,0,0,0,0
2026-06-05,education,23,22,0,1,0,0,0,0,23,13,0,12,0,1,0,0,0,0
2026-06-05,employment,50,44,5,0,1,0,0,0,49,21,0,20,1,0,0,0,0,0
2026-06-05,environment,9,9,0,0,0,0,0,0,9,3,0,3,0,0,0,0,0,0
2026-06-05,government-in-ireland,1,1,0,0,0,0,0,0,1,0,0,0,0,0,0,0,0,0
2026-06-05,health,35,31,3,0,0,0,0,1,35,15,0,14,1,0,0,0,0,0
2026-06-05,housing,36,28,1,2,2,0,1,2,33,15,0,15,0,0,0,0,0,0
2026-06-05,justice,14,12,1,0,0,0,0,1,14,4,0,4,0,0,0,0,0,0
2026-06-05,money-and-tax,67,62,1,3,0,0,1,0,66,25,1,23,0,1,0,0,1,0
2026-06-05,moving-country,48,45,1,2,0,0,0,0,48,23,0,21,0,2,0,0,0,0
2026-06-05,returning-to-ireland,19,18,1,0,0,0,0,0,19,3,0,3,0,0,0,0,0,0
2026-06-05,social-welfare,273,242,6,11,2,1,4,7,266,107,0,97,1,4,0,1,2,2
2026-06-05,travel-and-recreation,47,40,3,2,0,0,0,2,47,18,0,16,0,2,0,0,0,0
2026-06-05,unknown,66,0,37,10,5,4,9,1,48,58,0,0,35,9,2,2,9,1
2026-06-06,about,2,2,0,0,0,0,0,0,2,2,0,2,0,0,0,0,0,0
2026-06-06,birth-family-relationships,40,35,2,0,0,1,0,2,39,10,0,8,1,0,0,0,0,1
2026-06-06,consumer,1,1,0,0,0,0,0,0,1,1,0,1,0,0,0,0,0,0
2026-06-06,death,2,2,0,0,0,0,0,0,2,1,0,1,0,0,0,0,0,0
2026-06-06,education,7,7,0,0,0,0,0,0,7,2,0,2,0,0,0,0,0,0
2026-06-06,employment,18,18,0,0,0,0,0,0,18,7,0,7,0,0,0,0,0,0
2026-06-06,environment,4,4,0,0,0,0,0,0,4,2,0,2,0,0,0,0,0,0
2026-06-06,health,9,9,0,0,0,0,0,0,9,4,0,4,0,0,0,0,0,0
2026-06-06,housing,42,37,2,2,1,0,0,0,41,14,0,13,0,1,0,0,0,0
2026-06-06,justice,19,15,1,2,0,0,1,0,18,7,0,6,0,1,0,0,0,0
2026-06-06,money-and-tax,44,38,4,1,0,0,0,1,44,16,0,13,1,1,0,0,0,1
2026-06-06,moving-country,31,27,1,2,0,0,1,0,30,13,0,10,1,2,0,0,0,0
2026-06-06,returning-to-ireland,6,5,1,0,0,0,0,0,6,4,0,4,0,0,0,0,0,0
2026-06-06,social-welfare,169,145,4,7,1,4,2,6,162,48,0,41,2,3,0,1,0,1
2026-06-06,travel-and-recreation,33,33,0,0,0,0,0,0,33,18,0,18,0,0,0,0,0,0
2026-06-06,unknown,38,0,21,8,4,3,1,1,30,32,0,0,18,7,2,3,1,1
2026-06-07,about,2,2,0,0,0,0,0,0,2,1,0,1,0,0,0,0,0,0
2026-06-07,birth-family-relationships,19,13,2,1,0,0,3,0,16,5,0,4,0,0,0,0,1,0
2026-06-07,consumer,3,2,0,1,0,0,0,0,3,1,0,0,0,1,0,0,0,0
2026-06-07,death,9,6,1,0,0,0,1,1,8,3,0,2,0,0,0,0,1,0
2026-06-07,education,18,17,1,0,0,0,0,0,18,6,0,6,0,0,0,0,0,0
2026-06-07,employment,44,35,5,1,1,0,1,1,42,12,0,10,1,0,0,0,1,0
2026-06-07,health,22,16,2,2,0,1,1,0,20,7,0,6,0,0,0,0,1,0
2026-06-07,housing,22,22,0,0,0,0,0,0,22,9,0,9,0,0,0,0,0,0
2026-06-07,justice,10,10,0,0,0,0,0,0,10,4,0,4,0,0,0,0,0,0
2026-06-07,money-and-tax,39,36,2,1,0,0,0,0,39,14,0,13,0,1,0,0,0,0
2026-06-07,moving-country,41,34,3,2,0,0,1,1,40,8,0,6,1,0,0,0,1,0
2026-06-07,returning-to-ireland,7,7,0,0,0,0,0,0,7,2,0,2,0,0,0,0,0,0
2026-06-07,social-welfare,245,216,7,15,2,0,4,1,239,85,0,77,1,5,0,0,2,0
2026-06-07,travel-and-recreation,31,30,0,1,0,0,0,0,31,19,0,18,0,1,0,0,0,0
2026-06-07,unknown,56,0,35,14,2,2,2,1,50,45,0,0,29,10,2,2,1,1
2026-06-08,about,7,6,1,0,0,0,0,0,7,2,0,1,1,0,0,0,0,0
2026-06-08,birth-family-relationships,35,26,4,1,0,0,2,2,33,13,0,11,0,0,0,0,2,0
2026-06-08,consumer,20,13,2,3,1,1,0,0,18,8,0,6,0,2,0,0,0,0
2026-06-08,death,3,3,0,0,0,0,0,0,3,3,0,3,0,0,0,0,0,0
2026-06-08,education,24,23,0,1,0,0,0,0,24,14,0,14,0,0,0,0,0,0
2026-06-08,employment,69,61,4,2,0,1,0,1,68,24,1,21,2,1,0,0,0,0
2026-06-08,environment,5,4,1,0,0,0,0,0,5,1,0,0,1,0,0,0,0,0
2026-06-08,government-in-ireland,3,2,0,1,0,0,0,0,3,1,0,0,0,1,0,0,0,0
2026-06-08,health,37,32,2,1,1,0,0,1,36,17,0,15,1,1,0,0,0,0
2026-06-08,housing,89,77,7,1,2,0,2,0,85,31,0,26,4,0,0,0,1,0
2026-06-08,justice,24,21,1,1,0,1,0,0,23,7,0,6,0,0,0,1,0,0
2026-06-08,money-and-tax,71,60,4,5,1,1,0,0,69,18,0,13,1,4,0,0,0,0
2026-06-08,moving-country,55,50,1,1,2,0,1,0,52,32,0,31,0,1,0,0,0,0
2026-06-08,returning-to-ireland,21,16,4,1,0,0,0,0,21,14,0,12,1,1,0,0,0,0
2026-06-08,social-welfare,378,353,7,10,4,0,3,1,371,155,0,148,2,3,0,0,1,1
2026-06-08,travel-and-recreation,48,44,3,0,0,0,1,0,47,27,0,26,0,0,0,0,1,0
2026-06-08,unknown,75,0,41,14,12,1,4,3,58,62,0,0,35,10,10,1,3,3
2026-06-09,about,1,1,0,0,0,0,0,0,1,0,0,0,0,0,0,0,0,0
2026-06-09,birth-family-relationships,29,27,1,0,0,1,0,0,28,15,0,14,0,0,0,1,0,0
2026-06-09,consumer,29,15,4,4,0,0,4,2,25,7,0,5,0,0,0,0,2,0
2026-06-09,death,5,5,0,0,0,0,0,0,5,3,0,3,0,0,0,0,0,0
2026-06-09,education,22,20,0,2,0,0,0,0,22,10,0,10,0,0,0,0,0,0
2026-06-09,employment,31,28,1,1,0,0,0,1,31,20,0,19,0,1,0,0,0,0
2026-06-09,environment,5,3,2,0,0,0,0,0,5,2,0,2,0,0,0,0,0,0
2026-06-09,government-in-ireland,4,3,0,1,0,0,0,0,4,2,0,1,0,1,0,0,0,0
2026-06-09,health,71,65,1,2,2,0,0,1,69,25,0,22,1,2,0,0,0,0
2026-06-09,housing,74,64,5,1,1,1,1,1,71,25,0,21,2,0,0,0,1,1
2026-06-09,justice,8,8,0,0,0,0,0,0,8,5,0,5,0,0,0,0,0,0
2026-06-09,money-and-tax,74,67,5,2,0,0,0,0,74,25,0,23,1,1,0,0,0,0
2026-06-09,moving-country,84,75,3,2,3,0,0,1,81,36,0,34,0,1,0,0,0,1
2026-06-09,returning-to-ireland,32,31,0,1,0,0,0,0,32,9,0,9,0,0,0,0,0,0
2026-06-09,social-welfare,381,352,7,12,0,1,6,3,374,155,0,144,0,7,0,0,2,2
2026-06-09,travel-and-recreation,69,63,3,2,0,0,1,0,68,33,0,32,0,1,0,0,0,0
2026-06-09,unknown,57,0,40,9,1,2,1,4,53,52,0,0,36,9,1,2,1,3
2026-06-10,about,3,2,0,0,1,0,0,0,2,1,0,1,0,0,0,0,0,0
2026-06-10,birth-family-relationships,27,24,0,2,1,0,0,0,26,14,0,12,0,2,0,0,0,0
2026-06-10,consumer,22,20,1,1,0,0,0,0,22,11,0,10,0,1,0,0,0,0
2026-06-10,death,4,3,1,0,0,0,0,0,4,3,0,3,0,0,0,0,0,0
2026-06-10,education,9,8,1,0,0,0,0,0,9,6,0,6,0,0,0,0,0,0
2026-06-10,employment,58,49,4,1,2,1,0,1,55,24,0,22,1,0,0,0,0,1
2026-06-10,environment,4,2,0,2,0,0,0,0,4,2,0,2,0,0,0,0,0,0
2026-06-10,government-in-ireland,7,5,2,0,0,0,0,0,7,1,0,1,0,0,0,0,0,0
2026-06-10,health,26,23,0,2,0,0,0,1,26,14,0,11,0,2,0,0,0,1
2026-06-10,housing,79,68,7,1,1,0,0,2,78,29,0,25,2,0,0,0,0,2
2026-06-10,justice,45,33,4,4,4,0,0,0,41,14,0,9,1,4,0,0,0,0
2026-06-10,money-and-tax,69,63,0,4,1,0,1,0,67,22,0,19,0,3,0,0,0,0
2026-06-10,moving-country,66,61,1,1,0,1,2,0,63,22,0,21,0,0,0,0,1,0
2026-06-10,returning-to-ireland,10,9,1,0,0,0,0,0,10,4,0,4,0,0,0,0,0,0
2026-06-10,social-welfare,319,295,5,9,4,1,4,1,310,121,1,113,2,2,0,0,3,1
2026-06-10,travel-and-recreation,49,46,0,3,0,0,0,0,49,25,0,23,0,2,0,0,0,0
2026-06-10,unknown,70,0,46,7,8,2,2,5,58,61,0,0,44,5,5,2,1,4
2026-06-11,about,9,8,0,1,0,0,0,0,9,5,0,4,0,1,0,0,0,0
2026-06-11,birth-family-relationships,25,19,3,1,0,0,1,1,24,12,1,10,0,1,0,0,1,0
2026-06-11,consumer,13,12,0,0,1,0,0,0,12,4,0,4,0,0,0,0,0,0
2026-06-11,death,7,3,2,2,0,0,0,0,7,3,0,1,0,2,0,0,0,0
2026-06-11,education,11,11,0,0,0,0,0,0,11,8,0,8,0,0,0,0,0,0
2026-06-11,employment,67,64,0,3,0,0,0,0,67,22,0,22,0,0,0,0,0,0
2026-06-11,environment,3,3,0,0,0,0,0,0,3,0,0,0,0,0,0,0,0,0
2026-06-11,government-in-ireland,3,2,0,1,0,0,0,0,3,2,0,2,0,0,0,0,0,0
2026-06-11,health,49,44,2,2,0,0,0,1,49,15,0,13,0,2,0,0,0,0
2026-06-11,housing,60,49,3,4,0,0,0,4,60,18,0,16,0,0,0,0,0,2
2026-06-11,justice,23,18,3,1,0,0,1,0,22,6,0,5,1,0,0,0,0,0
2026-06-11,money-and-tax,60,59,0,1,0,0,0,0,60,26,0,26,0,0,0,0,0,0
2026-06-11,moving-country,57,51,2,1,0,1,2,0,54,19,0,15,0,1,0,1,2,0
2026-06-11,returning-to-ireland,40,34,2,0,0,1,2,1,37,14,0,12,0,0,0,0,2,0
2026-06-11,social-welfare,328,300,9,9,3,1,3,3,321,114,0,107,1,4,0,0,2,0
2026-06-11,travel-and-recreation,40,39,1,0,0,0,0,0,40,16,0,15,1,0,0,0,0,0
2026-06-11,unknown,66,0,40,12,1,5,3,5,57,51,0,0,33,11,0,2,1,4
2026-06-12,about,5,5,0,0,0,0,0,0,5,3,0,3,0,0,0,0,0,0
2026-06-12,birth-family-relationships,30,27,1,2,0,0,0,0,30,13,0,12,0,1,0,0,0,0
2026-06-12,consumer,14,12,1,1,0,0,0,0,14,7,0,6,0,1,0,0,0,0
2026-06-12,death,2,2,0,0,0,0,0,0,2,1,0,1,0,0,0,0,0,0
2026-06-12,education,26,21,1,2,0,0,0,2,26,12,0,9,1,1,0,0,0,1
2026-06-12,employment,41,38,2,0,0,0,0,1,41,18,0,16,1,0,0,0,0,1
2026-06-12,environment,3,2,0,1,0,0,0,0,3,2,0,1,0,1,0,0,0,0
2026-06-12,government-in-ireland,3,3,0,0,0,0,0,0,3,1,0,1,0,0,0,0,0,0
2026-06-12,health,34,31,2,1,0,0,0,0,34,19,2,17,1,1,0,0,0,0
2026-06-12,housing,30,27,1,2,0,0,0,0,30,8,0,6,0,2,0,0,0,0
2026-06-12,justice,18,18,0,0,0,0,0,0,18,6,0,6,0,0,0,0,0,0
2026-06-12,money-and-tax,76,67,5,1,0,0,3,0,73,20,0,17,1,1,0,0,1,0
2026-06-12,moving-country,65,58,0,6,0,0,1,0,64,31,0,25,0,5,0,0,1,0
2026-06-12,returning-to-ireland,18,15,2,0,0,0,0,1,18,9,0,7,1,0,0,0,0,1
2026-06-12,social-welfare,264,248,5,8,1,0,0,2,263,103,0,95,3,5,0,0,0,0
2026-06-12,travel-and-recreation,37,32,1,2,0,1,1,0,35,21,0,18,0,2,0,0,1,0
2026-06-12,unknown,54,0,36,6,6,2,1,3,45,42,0,0,29,4,3,2,1,3
2026-06-13,about,5,3,0,1,1,0,0,0,4,1,0,0,0,1,0,0,0,0
2026-06-13,birth-family-relationships,3,3,0,0,0,0,0,0,3,1,0,1,0,0,0,0,0,0
2026-06-13,consumer,5,1,1,2,0,0,0,1,5,1,0,0,0,1,0,0,0,0
2026-06-13,death,2,1,1,0,0,0,0,0,2,1,0,1,0,0,0,0,0,0
2026-06-13,education,4,4,0,0,0,0,0,0,4,1,0,1,0,0,0,0,0,0
2026-06-13,employment,12,11,1,0,0,0,0,0,12,4,0,3,1,0,0,0,0,0
2026-06-13,environment,2,2,0,0,0,0,0,0,2,2,0,2,0,0,0,0,0,0
2026-06-13,government-in-ireland,3,1,0,0,1,0,1,0,1,1,0,0,0,0,0,0,1,0
2026-06-13,health,21,19,0,1,0,0,0,1,21,10,0,9,0,1,0,0,0,0
2026-06-13,housing,30,26,3,0,0,0,1,0,29,12,0,11,0,0,0,0,1,0
2026-06-13,justice,1,1,0,0,0,0,0,0,1,1,0,1,0,0,0,0,0,0
2026-06-13,money-and-tax,28,25,1,1,0,0,0,1,28,7,0,7,0,0,0,0,0,0
2026-06-13,moving-country,78,65,5,3,3,0,2,0,73,21,1,19,0,1,0,0,1,0
2026-06-13,returning-to-ireland,31,29,1,1,0,0,0,0,31,6,0,5,0,1,0,0,0,0
2026-06-13,social-welfare,160,154,1,0,0,0,4,1,156,55,0,52,1,0,0,0,2,0
2026-06-13,travel-and-recreation,26,25,0,1,0,0,0,0,26,9,0,9,0,0,0,0,0,0
2026-06-13,unknown,31,0,21,5,0,4,0,1,27,26,0,0,19,3,0,3,0,1
2026-06-14,birth-family-relationships,16,11,3,2,0,0,0,0,16,6,0,6,0,0,0,0,0,0
2026-06-14,consumer,10,9,1,0,0,0,0,0,10,3,0,3,0,0,0,0,0,0
2026-06-14,death,4,4,0,0,0,0,0,0,4,2,0,2,0,0,0,0,0,0
2026-06-14,education,10,8,0,0,0,2,0,0,8,3,0,2,0,0,0,1,0,0
2026-06-14,employment,17,16,0,0,1,0,0,0,16,8,0,8,0,0,0,0,0,0
2026-06-14,environment,1,1,0,0,0,0,0,0,1,1,0,1,0,0,0,0,0,0
2026-06-14,government-in-ireland,8,7,0,1,0,0,0,0,8,2,0,2,0,0,0,0,0,0
2026-06-14,health,7,7,0,0,0,0,0,0,7,4,0,4,0,0,0,0,0,0
2026-06-14,housing,34,32,0,0,0,0,0,2,34,18,0,18,0,0,0,0,0,0
2026-06-14,justice,3,3,0,0,0,0,0,0,3,2,0,2,0,0,0,0,0,0
2026-06-14,money-and-tax,65,62,3,0,0,0,0,0,65,9,0,9,0,0,0,0,0,0
2026-06-14,moving-country,44,41,0,2,1,0,0,0,43,15,0,14,0,1,0,0,0,0
2026-06-14,returning-to-ireland,11,11,0,0,0,0,0,0,11,3,0,3,0,0,0,0,0,0
2026-06-14,social-welfare,94,88,1,4,0,0,0,1,94,39,0,36,0,3,0,0,0,0
2026-06-14,travel-and-recreation,20,20,0,0,0,0,0,0,20,14,0,14,0,0,0,0,0,0
2026-06-14,unknown,27,0,12,8,2,2,3,0,20,18,0,0,8,7,0,1,2,0
2026-06-15,about,13,8,0,4,0,0,1,0,12,5,0,3,0,1,0,0,1,0
2026-06-15,birth-family-relationships,16,14,0,1,0,0,0,1,16,8,1,7,0,1,0,0,0,0
2026-06-15,consumer,22,15,3,2,0,0,1,1,21,8,0,6,0,0,0,0,1,1
2026-06-15,death,8,6,0,0,0,0,2,0,6,2,0,1,0,0,0,0,1,0
2026-06-15,education,26,24,1,0,0,0,0,1,26,11,0,10,0,0,0,0,0,1
2026-06-15,employment,79,70,8,1,0,0,0,0,79,25,0,24,0,1,0,0,0,0
2026-06-15,environment,2,2,0,0,0,0,0,0,2,1,0,1,0,0,0,0,0,0
2026-06-15,government-in-ireland,4,3,1,0,0,0,0,0,4,2,0,2,0,0,0,0,0,0
2026-06-15,health,31,28,2,0,0,1,0,0,30,15,0,13,2,0,0,0,0,0
2026-06-15,housing,81,71,4,4,0,1,0,1,80,25,0,20,1,2,0,1,0,1
2026-06-15,justice,19,16,2,1,0,0,0,0,19,8,0,7,0,1,0,0,0,0
2026-06-15,money-and-tax,77,70,5,0,1,0,1,0,75,22,0,21,1,0,0,0,0,0
2026-06-15,moving-country,71,63,2,2,0,0,2,2,69,17,0,15,0,0,0,0,1,1
2026-06-15,returning-to-ireland,33,29,2,1,1,0,0,0,32,19,0,19,0,0,0,0,0,0
2026-06-15,social-welfare,427,400,3,14,0,3,2,5,422,152,2,142,0,9,0,0,1,0
2026-06-15,travel-and-recreation,60,54,4,0,1,1,0,0,58,26,0,23,2,0,0,1,0,0
2026-06-15,unknown,58,0,38,6,6,4,2,2,46,48,0,0,33,5,4,3,1,2
2026-06-16,about,14,12,1,1,0,0,0,0,14,5,0,4,0,1,0,0,0,0
2026-06-16,birth-family-relationships,30,29,0,1,0,0,0,0,30,17,0,16,0,1,0,0,0,0
2026-06-16,consumer,19,14,2,2,0,0,0,1,19,11,0,10,0,1,0,0,0,0
2026-06-16,death,3,3,0,0,0,0,0,0,3,2,0,2,0,0,0,0,0,0
2026-06-16,education,12,12,0,0,0,0,0,0,12,4,0,4,0,0,0,0,0,0
2026-06-16,employment,69,60,2,2,2,0,2,1,65,24,0,22,0,1,0,0,1,0
2026-06-16,environment,1,1,0,0,0,0,0,0,1,0,0,0,0,0,0,0,0,0
2026-06-16,health,46,44,1,0,0,0,1,0,45,23,0,22,0,0,0,0,1,0
2026-06-16,housing,35,32,0,2,0,0,1,0,34,14,0,12,0,1,0,0,1,0
2026-06-16,justice,15,14,0,0,0,1,0,0,14,7,0,6,0,0,0,1,0,0
2026-06-16,money-and-tax,81,74,2,4,0,0,0,1,81,26,0,22,0,4,0,0,0,0
2026-06-16,moving-country,41,39,1,1,0,0,0,0,41,18,1,16,1,1,0,0,0,0
2026-06-16,returning-to-ireland,24,21,1,0,0,1,1,0,22,9,0,8,0,0,0,0,1,0
2026-06-16,social-welfare,363,337,8,11,1,2,1,3,359,133,1,124,2,6,0,0,1,0
2026-06-16,travel-and-recreation,66,64,1,0,1,0,0,0,65,26,0,26,0,0,0,0,0,0
2026-06-16,unknown,77,0,44,11,8,5,6,3,58,62,0,0,38,11,3,3,4,3
2026-06-17,about,4,4,0,0,0,0,0,0,4,3,0,3,0,0,0,0,0,0
2026-06-17,birth-family-relationships,26,23,2,0,0,0,1,0,25,13,0,11,1,0,0,0,1,0
2026-06-17,consumer,5,5,0,0,0,0,0,0,5,5,0,5,0,0,0,0,0,0
2026-06-17,death,12,11,1,0,0,0,0,0,12,3,0,3,0,0,0,0,0,0
2026-06-17,education,28,23,2,3,0,0,0,0,28,13,0,8,2,3,0,0,0,0
2026-06-17,employment,54,49,1,3,0,1,0,0,53,27,0,25,0,2,0,0,0,0
2026-06-17,environment,5,3,1,0,0,0,1,0,4,3,0,2,0,0,0,0,1,0
2026-06-17,government-in-ireland,4,4,0,0,0,0,0,0,4,1,0,1,0,0,0,0,0,0
2026-06-17,health,27,25,0,2,0,0,0,0,27,11,0,10,0,1,0,0,0,0
2026-06-17,housing,52,47,1,0,1,0,2,1,49,23,0,21,0,0,0,0,2,0
2026-06-17,justice,20,17,0,1,0,0,1,1,19,8,0,8,0,0,0,0,0,0
2026-06-17,money-and-tax,69,59,3,3,0,0,2,2,67,26,0,20,1,2,0,0,2,1
2026-06-17,moving-country,54,49,3,1,0,0,0,1,54,23,0,22,0,0,0,0,0,1
2026-06-17,returning-to-ireland,16,16,0,0,0,0,0,0,16,9,0,9,0,0,0,0,0,0
2026-06-17,social-welfare,439,399,12,13,7,1,5,2,426,154,0,146,1,4,0,0,2,1
2026-06-17,travel-and-recreation,56,48,5,1,0,0,0,2,56,29,1,26,3,0,0,0,0,0
2026-06-17,unknown,64,0,46,4,7,2,3,2,52,54,0,0,41,4,3,1,3,2
2026-06-18,about,14,10,2,2,0,0,0,0,14,5,0,2,1,2,0,0,0,0
2026-06-18,birth-family-relationships,12,11,0,1,0,0,0,0,12,5,0,5,0,0,0,0,0,0
2026-06-18,consumer,9,7,1,0,1,0,0,0,8,5,0,5,0,0,0,0,0,0
2026-06-18,death,11,9,1,0,0,0,0,1,11,6,0,5,0,0,0,0,0,1
2026-06-18,education,14,14,0,0,0,0,0,0,14,8,0,8,0,0,0,0,0,0
2026-06-18,employment,91,81,7,1,1,0,1,0,89,31,0,30,1,0,0,0,0,0
2026-06-18,environment,4,3,0,1,0,0,0,0,4,2,0,1,0,1,0,0,0,0
2026-06-18,government-in-ireland,12,10,0,0,0,1,1,0,10,6,0,5,0,0,0,0,1,0
2026-06-18,health,49,42,1,4,0,0,1,1,48,20,0,15,0,3,0,0,1,1
2026-06-18,housing,57,47,7,2,0,0,0,1,57,24,0,21,1,2,0,0,0,0
2026-06-18,justice,13,9,4,0,0,0,0,0,13,4,0,4,0,0,0,0,0,0
2026-06-18,money-and-tax,62,52,4,3,0,0,2,1,60,21,0,20,0,0,0,0,1,0
2026-06-18,moving-country,65,57,2,4,0,0,1,1,64,24,0,19,0,3,0,0,1,1
2026-06-18,returning-to-ireland,14,9,2,2,0,0,0,1,14,4,0,3,0,1,0,0,0,0
2026-06-18,social-welfare,293,268,7,12,3,1,2,0,287,133,0,126,1,5,0,0,1,0
2026-06-18,travel-and-recreation,40,32,7,0,1,0,0,0,39,14,0,13,1,0,0,0,0,0
2026-06-18,unknown,68,0,41,12,7,6,1,1,54,57,0,0,34,11,5,5,1,1
2026-06-19,about,2,2,0,0,0,0,0,0,2,1,0,1,0,0,0,0,0,0
2026-06-19,birth-family-relationships,21,18,2,1,0,0,0,0,21,13,0,12,0,1,0,0,0,0
2026-06-19,consumer,12,9,0,1,0,0,0,2,12,4,0,4,0,0,0,0,0,0
2026-06-19,death,9,6,0,0,0,0,2,1,7,3,0,2,0,0,0,0,0,1
2026-06-19,education,4,4,0,0,0,0,0,0,4,3,1,3,0,0,0,0,0,0
2026-06-19,employment,57,53,3,0,0,0,0,1,57,24,0,23,1,0,0,0,0,0
2026-06-19,environment,6,6,0,0,0,0,0,0,6,2,0,2,0,0,0,0,0,0
2026-06-19,government-in-ireland,1,1,0,0,0,0,0,0,1,1,0,1,0,0,0,0,0,0
2026-06-19,health,47,41,1,3,1,1,0,0,45,20,0,18,0,2,0,0,0,0
2026-06-19,housing,48,44,3,0,0,1,0,0,47,20,1,20,0,0,0,0,0,0
2026-06-19,justice,19,16,2,0,0,0,1,0,18,8,1,6,1,0,0,0,1,0
2026-06-19,money-and-tax,49,45,2,0,0,0,1,1,48,18,0,17,0,0,0,0,1,0
2026-06-19,moving-country,47,45,1,0,0,0,1,0,46,18,1,17,0,0,0,0,1,0
2026-06-19,returning-to-ireland,34,30,1,1,0,0,1,1,33,11,0,8,1,0,0,0,1,1
2026-06-19,social-welfare,293,268,7,12,0,1,2,3,290,114,0,105,1,6,0,0,1,1
2026-06-19,travel-and-recreation,34,27,3,2,0,1,1,0,32,13,0,10,1,1,0,0,1,0
2026-06-19,unknown,50,0,31,6,3,4,4,2,39,43,0,0,27,5,3,3,3,2
2026-06-20,about,5,5,0,0,0,0,0,0,5,2,0,2,0,0,0,0,0,0
2026-06-20,birth-family-relationships,8,8,0,0,0,0,0,0,8,2,0,2,0,0,0,0,0,0
2026-06-20,consumer,1,1,0,0,0,0,0,0,1,1,0,1,0,0,0,0,0,0
2026-06-20,education,5,2,2,1,0,0,0,0,5,2,0,2,0,0,0,0,0,0
2026-06-20,employment,10,9,1,0,0,0,0,0,10,2,0,2,0,0,0,0,0,0
2026-06-20,environment,1,1,0,0,0,0,0,0,1,1,0,1,0,0,0,0,0,0
2026-06-20,government-in-ireland,5,3,0,1,0,1,0,0,4,2,0,1,0,1,0,0,0,0
2026-06-20,health,25,22,1,2,0,0,0,0,25,9,0,7,1,1,0,0,0,0
2026-06-20,housing,32,29,0,2,0,0,1,0,31,10,0,7,0,2,0,0,1,0
2026-06-20,justice,8,5,3,0,0,0,0,0,8,4,0,4,0,0,0,0,0,0
2026-06-20,money-and-tax,50,47,0,2,1,0,0,0,49,9,0,9,0,0,0,0,0,0
2026-06-20,moving-country,43,40,0,0,0,1,1,1,41,11,0,10,0,0,0,0,1,0
2026-06-20,returning-to-ireland,13,12,1,0,0,0,0,0,13,6,0,6,0,0,0,0,0,0
2026-06-20,social-welfare,177,167,2,7,0,0,0,1,177,51,0,49,0,2,0,0,0,0
2026-06-20,travel-and-recreation,34,32,1,1,0,0,0,0,34,13,0,12,0,1,0,0,0,0
2026-06-20,unknown,27,0,16,8,0,0,0,3,27,19,0,0,12,5,0,0,0,2
2026-06-21,birth-family-relationships,8,6,1,0,1,0,0,0,7,4,0,3,1,0,0,0,0,0
2026-06-21,consumer,6,3,1,0,0,2,0,0,4,2,0,1,1,0,0,0,0,0
2026-06-21,death,1,1,0,0,0,0,0,0,1,0,0,0,0,0,0,0,0,0
2026-06-21,education,8,7,0,1,0,0,0,0,8,1,0,1,0,0,0,0,0,0
2026-06-21,employment,12,10,2,0,0,0,0,0,12,5,1,5,0,0,0,0,0,0
2026-06-21,environment,2,2,0,0,0,0,0,0,2,1,0,1,0,0,0,0,0,0
2026-06-21,government-in-ireland,2,2,0,0,0,0,0,0,2,0,0,0,0,0,0,0,0,0
2026-06-21,health,13,11,1,0,0,1,0,0,12,5,0,5,0,0,0,0,0,0
2026-06-21,housing,17,9,2,5,0,1,0,0,16,6,0,3,1,2,0,0,0,0
2026-06-21,money-and-tax,20,19,0,0,1,0,0,0,19,4,0,4,0,0,0,0,0,0
2026-06-21,moving-country,15,14,0,0,0,0,1,0,14,7,0,6,0,0,0,0,1,0
2026-06-21,returning-to-ireland,21,18,1,1,0,0,0,1,21,7,0,6,0,1,0,0,0,0
2026-06-21,social-welfare,89,83,1,1,2,0,1,1,86,39,0,37,0,1,0,0,1,0
2026-06-21,travel-and-recreation,18,15,2,1,0,0,0,0,18,7,0,6,0,1,0,0,0,0
2026-06-21,unknown,15,0,12,1,2,0,0,0,13,14,0,0,11,1,2,0,0,0
2026-06-22,about,6,5,1,0,0,0,0,0,6,1,0,0,1,0,0,0,0,0
2026-06-22,birth-family-relationships,30,26,0,3,0,0,0,1,30,12,0,9,0,2,0,0,0,1
2026-06-22,consumer,8,7,1,0,0,0,0,0,8,3,0,3,0,0,0,0,0,0
2026-06-22,death,10,8,1,0,0,0,0,1,10,5,0,5,0,0,0,0,0,0
2026-06-22,education,14,13,1,0,0,0,0,0,14,4,0,4,0,0,0,0,0,0
2026-06-22,employment,63,52,4,3,0,0,2,2,61,28,0,25,1,1,0,0,1,0
2026-06-22,environment,8,6,2,0,0,0,0,0,8,5,0,4,1,0,0,0,0,0
2026-06-22,government-in-ireland,1,1,0,0,0,0,0,0,1,0,0,0,0,0,0,0,0,0
2026-06-22,health,16,14,1,1,0,0,0,0,16,10,0,9,1,0,0,0,0,0
2026-06-22,housing,65,60,3,1,1,0,0,0,64,28,0,27,1,0,0,0,0,0
2026-06-22,justice,39,24,7,3,2,1,0,2,36,13,0,13,0,0,0,0,0,0
2026-06-22,money-and-tax,70,66,3,0,0,0,1,0,69,19,1,17,2,0,0,0,0,0
2026-06-22,moving-country,104,95,1,3,0,0,2,3,102,26,0,19,1,3,0,0,2,1
2026-06-22,returning-to-ireland,40,36,2,1,0,0,1,0,39,17,0,14,1,1,0,0,1,0
2026-06-22,social-welfare,333,308,9,9,2,1,0,4,330,116,0,107,4,4,0,0,0,1
2026-06-22,travel-and-recreation,54,53,0,0,1,0,0,0,53,19,0,19,0,0,0,0,0,0
2026-06-22,unknown,61,0,45,6,3,3,3,1,52,53,0,0,39,6,1,3,3,1
2026-06-23,about,9,4,2,2,0,0,1,0,8,3,0,1,0,1,0,0,1,0
2026-06-23,birth-family-relationships,16,13,1,0,0,0,0,2,16,5,0,5,0,0,0,0,0,0
2026-06-23,consumer,9,8,0,1,0,0,0,0,9,6,0,6,0,0,0,0,0,0
2026-06-23,death,3,3,0,0,0,0,0,0,3,2,0,2,0,0,0,0,0,0
2026-06-23,education,24,20,3,0,0,0,0,1,24,10,0,10,0,0,0,0,0,0
2026-06-23,employment,67,56,5,0,1,0,1,4,65,32,0,27,1,0,0,0,1,3
2026-06-23,environment,2,1,1,0,0,0,0,0,2,1,0,1,0,0,0,0,0,0
2026-06-23,government-in-ireland,1,1,0,0,0,0,0,0,1,0,0,0,0,0,0,0,0,0
2026-06-23,health,21,19,1,1,0,0,0,0,21,11,0,10,0,1,0,0,0,0
2026-06-23,housing,39,36,1,1,0,0,1,0,38,20,0,17,1,1,0,0,1,0
2026-06-23,justice,5,5,0,0,0,0,0,0,5,2,0,2,0,0,0,0,0,0
2026-06-23,money-and-tax,44,43,0,1,0,0,0,0,44,13,1,12,0,1,0,0,0,0
2026-06-23,moving-country,49,48,0,1,0,0,0,0,49,14,0,13,0,1,0,0,0,0
2026-06-23,returning-to-ireland,36,29,1,2,0,0,3,1,33,19,0,16,0,2,0,0,1,0
2026-06-23,social-welfare,256,233,6,8,1,1,1,6,253,108,0,103,2,3,0,0,0,0
2026-06-23,travel-and-recreation,45,44,1,0,0,0,0,0,45,18,0,18,0,0,0,0,0,0
2026-06-23,unknown,64,0,48,7,2,3,3,1,56,57,0,0,42,7,1,3,3,1
2026-06-24,about,8,5,1,0,0,2,0,0,6,2,0,2,0,0,0,0,0,0
2026-06-24,birth-family-relationships,17,14,1,1,0,0,1,0,16,8,0,7,0,0,0,0,1,0
2026-06-24,consumer,11,10,1,0,0,0,0,0,11,6,0,6,0,0,0,0,0,0
2026-06-24,death,3,3,0,0,0,0,0,0,3,2,0,2,0,0,0,0,0,0
2026-06-24,education,21,19,1,1,0,0,0,0,21,10,0,9,0,1,0,0,0,0
2026-06-24,employment,33,29,2,0,0,0,0,2,33,17,0,17,0,0,0,0,0,0
2026-06-24,environment,2,2,0,0,0,0,0,0,2,1,0,1,0,0,0,0,0,0
2026-06-24,health,26,23,1,0,0,0,0,2,26,15,0,15,0,0,0,0,0,0
2026-06-24,housing,69,60,5,2,0,0,0,2,69,21,0,20,1,0,0,0,0,0
2026-06-24,justice,18,16,1,0,1,0,0,0,17,7,0,7,0,0,0,0,0,0
2026-06-24,money-and-tax,55,52,1,1,1,0,0,0,54,22,1,20,1,1,0,0,0,0
2026-06-24,moving-country,40,39,1,0,0,0,0,0,40,13,0,13,0,0,0,0,0,0
2026-06-24,returning-to-ireland,21,20,0,1,0,0,0,0,21,11,0,10,0,1,0,0,0,0
2026-06-24,social-welfare,239,228,5,3,1,1,1,0,236,101,1,95,3,2,0,0,1,0
2026-06-24,travel-and-recreation,33,28,2,1,0,0,0,2,33,15,0,14,0,1,0,0,0,0
2026-06-24,unknown,63,0,27,14,8,4,1,9,50,49,0,0,25,8,5,3,1,7
2026-06-25,about,7,7,0,0,0,0,0,0,7,4,0,4,0,0,0,0,0,0
2026-06-25,birth-family-relationships,22,21,0,1,0,0,0,0,22,7,0,6,0,1,0,0,0,0
2026-06-25,consumer,5,5,0,0,0,0,0,0,5,4,0,4,0,0,0,0,0,0
2026-06-25,death,5,3,1,1,0,0,0,0,5,2,0,1,0,1,0,0,0,0
2026-06-25,education,12,12,0,0,0,0,0,0,12,8,0,8,0,0,0,0,0,0
2026-06-25,employment,38,36,1,0,0,0,0,1,38,20,0,20,0,0,0,0,0,0
2026-06-25,environment,1,1,0,0,0,0,0,0,1,0,0,0,0,0,0,0,0,0
2026-06-25,government-in-ireland,2,2,0,0,0,0,0,0,2,1,0,1,0,0,0,0,0,0
2026-06-25,health,15,12,2,1,0,0,0,0,15,6,0,5,1,0,0,0,0,0
2026-06-25,housing,50,45,2,1,0,0,0,2,50,22,0,21,0,1,0,0,0,0
2026-06-25,justice,20,17,0,2,0,0,1,0,19,7,0,4,0,2,0,0,1,0
2026-06-25,money-and-tax,63,51,5,6,0,1,0,0,62,24,0,21,1,2,0,0,0,0
2026-06-25,moving-country,90,81,5,3,0,0,0,1,90,25,0,22,2,1,0,0,0,0
2026-06-25,returning-to-ireland,22,20,1,1,0,0,0,0,22,13,0,12,0,1,0,0,0,0
2026-06-25,social-welfare,221,207,4,7,2,0,0,1,219,91,1,86,1,4,0,0,0,0
2026-06-25,travel-and-recreation,73,62,6,3,1,0,1,0,71,24,0,23,0,1,0,0,0,0
2026-06-25,unknown,45,0,23,11,5,1,0,5,39,38,0,0,21,9,4,1,0,3
2026-06-26,birth-family-relationships,30,23,3,0,1,0,0,3,29,12,0,9,1,0,0,0,0,2
2026-06-26,consumer,4,4,0,0,0,0,0,0,4,2,0,2,0,0,0,0,0,0
2026-06-26,death,2,2,0,0,0,0,0,0,2,1,0,1,0,0,0,0,0,0
2026-06-26,education,13,8,3,2,0,0,0,0,13,7,0,4,1,2,0,0,0,0
2026-06-26,employment,60,52,4,1,1,0,2,0,57,25,0,22,1,0,0,0,2,0
2026-06-26,government-in-ireland,1,1,0,0,0,0,0,0,1,0,0,0,0,0,0,0,0,0
2026-06-26,health,20,19,1,0,0,0,0,0,20,14,0,13,1,0,0,0,0,0
2026-06-26,housing,27,23,3,1,0,0,0,0,27,16,0,13,2,1,0,0,0,0
2026-06-26,justice,7,6,0,1,0,0,0,0,7,3,0,2,0,1,0,0,0,0
2026-06-26,money-and-tax,44,42,1,0,1,0,0,0,43,20,0,20,0,0,0,0,0,0
2026-06-26,moving-country,40,36,0,1,0,1,1,1,38,18,0,16,0,0,0,1,1,0
2026-06-26,returning-to-ireland,20,18,1,0,0,0,0,1,20,9,0,9,0,0,0,0,0,0
2026-06-26,social-welfare,205,192,0,11,1,0,1,0,203,78,0,72,0,5,0,0,1,0
2026-06-26,travel-and-recreation,29,26,1,1,0,1,0,0,28,16,0,15,1,0,0,0,0,0
2026-06-26,unknown,38,0,27,3,6,1,0,1,31,32,0,0,24,2,4,1,0,1
2026-06-27,birth-family-relationships,17,14,2,1,0,0,0,0,17,4,0,4,0,0,0,0,0,0
2026-06-27,consumer,13,11,1,1,0,0,0,0,13,7,0,7,0,0,0,0,0,0
2026-06-27,education,8,7,0,1,0,0,0,0,8,2,0,1,0,1,0,0,0,0
2026-06-27,employment,14,14,0,0,0,0,0,0,14,7,0,7,0,0,0,0,0,0
2026-06-27,environment,7,7,0,0,0,0,0,0,7,3,0,3,0,0,0,0,0,0
2026-06-27,government-in-ireland,3,2,0,0,0,0,1,0,2,1,0,0,0,0,0,0,1,0
2026-06-27,health,16,14,1,0,0,0,0,1,16,3,0,3,0,0,0,0,0,0
2026-06-27,housing,29,26,0,3,0,0,0,0,29,11,0,10,0,1,0,0,0,0
2026-06-27,justice,19,16,1,0,1,0,0,1,18,2,0,2,0,0,0,0,0,0
2026-06-27,money-and-tax,27,27,0,0,0,0,0,0,27,10,0,10,0,0,0,0,0,0
2026-06-27,moving-country,39,35,1,3,0,0,0,0,39,10,0,8,0,2,0,0,0,0
2026-06-27,returning-to-ireland,23,22,1,0,0,0,0,0,23,10,0,10,0,0,0,0,0,0
2026-06-27,social-welfare,134,123,2,5,1,1,2,0,130,50,0,47,0,3,0,0,0,0
2026-06-27,travel-and-recreation,52,48,2,1,0,0,0,1,52,16,2,15,0,1,0,0,0,0
2026-06-27,unknown,31,0,16,10,1,2,2,0,26,28,0,0,16,8,1,1,2,0
2026-06-28,birth-family-relationships,18,16,0,0,0,1,0,1,17,9,0,9,0,0,0,0,0,0
2026-06-28,consumer,5,5,0,0,0,0,0,0,5,2,0,2,0,0,0,0,0,0
2026-06-28,death,8,7,0,0,1,0,0,0,7,2,0,2,0,0,0,0,0,0
2026-06-28,education,9,7,1,1,0,0,0,0,9,2,0,1,0,1,0,0,0,0
2026-06-28,employment,15,13,0,2,0,0,0,0,15,8,0,7,0,1,0,0,0,0
2026-06-28,environment,1,1,0,0,0,0,0,0,1,1,0,1,0,0,0,0,0,0
2026-06-28,government-in-ireland,2,2,0,0,0,0,0,0,2,2,0,2,0,0,0,0,0,0
2026-06-28,health,19,14,2,2,1,0,0,0,18,7,0,5,1,1,0,0,0,0
2026-06-28,housing,34,33,0,0,0,1,0,0,33,19,0,18,0,0,0,1,0,0
2026-06-28,justice,9,9,0,0,0,0,0,0,9,4,0,4,0,0,0,0,0,0
2026-06-28,money-and-tax,28,27,1,0,0,0,0,0,28,6,0,6,0,0,0,0,0,0
2026-06-28,moving-country,45,38,0,2,0,0,4,1,41,15,0,10,0,1,0,0,4,0
2026-06-28,returning-to-ireland,17,15,1,0,0,0,0,1,17,8,0,8,0,0,0,0,0,0
2026-06-28,social-welfare,120,110,2,7,1,0,0,0,119,43,0,36,2,5,0,0,0,0
2026-06-28,travel-and-recreation,35,31,2,1,0,0,1,0,34,16,0,14,0,1,0,0,1,0
2026-06-28,unknown,39,0,21,9,1,5,2,1,31,34,0,0,18,8,1,4,2,1
2026-06-29,about,5,4,1,0,0,0,0,0,5,2,0,1,1,0,0,0,0,0
2026-06-29,birth-family-relationships,13,8,2,2,0,1,0,0,12,3,0,2,0,0,0,1,0,0
2026-06-29,consumer,8,6,1,0,0,1,0,0,7,5,0,5,0,0,0,0,0,0
2026-06-29,death,1,1,0,0,0,0,0,0,1,0,0,0,0,0,0,0,0,0
2026-06-29,education,21,17,1,2,1,0,0,0,20,13,0,11,0,2,0,0,0,0
2026-06-29,employment,91,81,2,4,0,0,0,4,91,33,0,31,0,1,0,0,0,1
2026-06-29,environment,2,1,1,0,0,0,0,0,2,1,0,1,0,0,0,0,0,0
2026-06-29,government-in-ireland,1,1,0,0,0,0,0,0,1,0,0,0,0,0,0,0,0,0
2026-06-29,health,30,23,4,2,0,0,1,0,29,10,2,9,0,1,0,0,0,0
2026-06-29,housing,78,72,2,2,0,0,0,2,78,29,0,28,0,1,0,0,0,0
2026-06-29,justice,31,27,2,1,0,0,1,0,30,12,0,12,0,0,0,0,0,0
2026-06-29,money-and-tax,96,90,3,0,0,0,1,2,95,22,0,21,0,0,0,0,0,1
2026-06-29,moving-country,68,62,2,2,0,0,1,1,67,24,0,23,0,0,0,0,1,0
2026-06-29,returning-to-ireland,50,46,0,1,0,1,2,0,47,26,0,23,0,1,0,1,1,0
2026-06-29,social-welfare,431,406,6,7,2,1,5,4,423,145,1,139,0,3,0,1,1,1
2026-06-29,travel-and-recreation,53,45,4,2,0,2,0,0,51,20,0,19,0,1,0,0,0,0
2026-06-29,unknown,52,0,41,4,3,1,1,2,47,48,0,0,37,4,3,1,1,2
2026-06-30,about,16,11,3,0,0,1,1,0,14,5,0,4,0,0,0,0,1,0
2026-06-30,birth-family-relationships,31,21,6,2,0,2,0,0,29,8,0,5,2,1,0,0,0,0
2026-06-30,consumer,11,7,3,0,0,0,1,0,10,5,0,3,1,0,0,0,1,0
2026-06-30,death,3,3,0,0,0,0,0,0,3,2,0,2,0,0,0,0,0,0
2026-06-30,education,27,24,1,2,0,0,0,0,27,10,0,8,1,1,0,0,0,0
2026-06-30,employment,67,63,3,1,0,0,0,0,67,28,0,27,0,1,0,0,0,0
2026-06-30,environment,1,1,0,0,0,0,0,0,1,0,0,0,0,0,0,0,0,0
2026-06-30,government-in-ireland,7,5,1,1,0,0,0,0,7,3,0,2,0,1,0,0,0,0
2026-06-30,health,25,24,1,0,0,0,0,0,25,12,0,11,1,0,0,0,0,0
2026-06-30,housing,58,54,2,2,0,0,0,0,58,24,0,21,1,2,0,0,0,0
2026-06-30,justice,18,14,2,1,1,0,0,0,17,10,0,9,0,1,0,0,0,0
2026-06-30,money-and-tax,81,66,9,2,1,2,1,0,77,34,0,30,2,1,0,0,1,0
2026-06-30,moving-country,56,54,0,2,0,0,0,0,56,23,0,22,0,1,0,0,0,0
2026-06-30,returning-to-ireland,24,23,0,0,0,0,1,0,23,13,0,13,0,0,0,0,0,0
2026-06-30,social-welfare,368,343,5,10,3,4,3,0,358,171,0,160,1,7,0,1,2,0
2026-06-30,travel-and-recreation,57,48,4,2,2,0,1,0,54,23,0,21,1,0,0,0,1,0
2026-06-30,unknown,78,0,47,20,4,3,3,1,68,67,0,0,40,18,4,2,2,1
2026-07-01,about,5,5,0,0,0,0,0,0,5,2,0,2,0,0,0,0,0,0
2026-07-01,birth-family-relationships,15,15,0,0,0,0,0,0,15,8,0,8,0,0,0,0,0,0
2026-07-01,consumer,8,7,0,0,1,0,0,0,7,5,0,5,0,0,0,0,0,0
2026-07-01,death,4,4,0,0,0,0,0,0,4,3,0,3,0,0,0,0,0,0
2026-07-01,education,7,7,0,0,0,0,0,0,7,5,0,5,0,0,0,0,0,0
2026-07-01,employment,37,32,3,0,1,0,1,0,35,22,0,21,0,0,0,0,1,0
2026-07-01,environment,5,5,0,0,0,0,0,0,5,4,0,4,0,0,0,0,0,0
2026-07-01,government-in-ireland,1,1,0,0,0,0,0,0,1,0,0,0,0,0,0,0,0,0
2026-07-01,health,27,25,2,0,0,0,0,0,27,12,0,10,2,0,0,0,0,0
2026-07-01,housing,32,31,1,0,0,0,0,0,32,23,0,23,0,0,0,0,0,0
2026-07-01,justice,33,26,2,0,5,0,0,0,28,9,0,8,1,0,0,0,0,0
2026-07-01,money-and-tax,66,60,1,4,1,0,0,0,65,35,0,32,0,3,0,0,0,0
2026-07-01,moving-country,22,20,0,1,0,0,1,0,21,7,0,5,0,1,0,0,1,0
2026-07-01,returning-to-ireland,16,12,1,3,0,0,0,0,16,7,0,4,0,3,0,0,0,0
2026-07-01,social-welfare,278,262,5,7,0,0,3,1,275,135,0,125,3,5,0,0,1,1
2026-07-01,travel-and-recreation,54,51,1,1,0,0,1,0,53,34,1,32,0,1,0,0,1,0
2026-07-01,unknown,72,0,48,12,5,1,4,2,62,56,0,0,40,8,3,1,2,2
2026-07-02,about,16,13,0,0,0,1,2,0,13,3,0,2,0,0,0,0,1,0
2026-07-02,birth-family-relationships,31,29,0,2,0,0,0,0,31,15,0,15,0,0,0,0,0,0
2026-07-02,consumer,15,14,1,0,0,0,0,0,15,8,0,8,0,0,0,0,0,0
2026-07-02,death,1,1,0,0,0,0,0,0,1,1,0,1,0,0,0,0,0,0
2026-07-02,education,3,3,0,0,0,0,0,0,3,2,0,2,0,0,0,0,0,0
2026-07-02,employment,78,67,4,2,0,1,4,0,73,35,0,32,0,1,0,0,2,0
2026-07-02,environment,1,1,0,0,0,0,0,0,1,0,0,0,0,0,0,0,0,0
2026-07-02,government-in-ireland,8,5,0,2,0,1,0,0,7,4,0,2,0,2,0,0,0,0
2026-07-02,health,30,28,1,0,1,0,0,0,29,13,0,12,1,0,0,0,0,0
2026-07-02,housing,39,35,1,2,0,1,0,0,38,23,0,21,1,1,0,0,0,0
2026-07-02,justice,14,13,1,0,0,0,0,0,14,9,0,9,0,0,0,0,0,0
2026-07-02,money-and-tax,53,51,0,1,0,0,1,0,52,22,0,21,0,1,0,0,0,0
2026-07-02,moving-country,51,44,2,2,0,2,1,0,48,26,0,23,0,1,0,1,1,0
2026-07-02,returning-to-ireland,19,18,0,0,0,0,0,1,19,8,0,7,0,0,0,0,0,1
2026-07-02,social-welfare,337,310,5,13,4,2,3,0,328,137,0,121,3,9,0,2,2,0
2026-07-02,travel-and-recreation,53,50,1,1,0,0,1,0,52,30,0,28,0,1,0,0,1,0
2026-07-02,unknown,58,0,38,13,3,2,1,1,52,48,0,0,31,12,2,1,1,1
2026-07-03,about,10,8,1,0,0,0,1,0,9,3,0,2,0,0,0,0,1,0
2026-07-03,birth-family-relationships,25,24,0,1,0,0,0,0,25,17,0,16,0,1,0,0,0,0
2026-07-03,consumer,6,5,0,1,0,0,0,0,6,2,0,1,0,1,0,0,0,0
2026-07-03,death,6,6,0,0,0,0,0,0,6,3,0,3,0,0,0,0,0,0
2026-07-03,education,12,10,0,2,0,0,0,0,12,9,0,8,0,1,0,0,0,0
2026-07-03,employment,43,41,0,2,0,0,0,0,43,23,0,22,0,1,0,0,0,0
2026-07-03,environment,8,6,0,1,0,0,1,0,7,4,0,2,0,1,0,0,1,0
2026-07-03,government-in-ireland,5,4,1,0,0,0,0,0,5,2,0,2,0,0,0,0,0,0
2026-07-03,health,18,16,0,1,0,0,1,0,17,9,0,8,0,1,0,0,0,0
2026-07-03,housing,32,28,2,0,1,0,1,0,30,18,0,17,0,0,0,0,1,0
2026-07-03,justice,11,9,0,1,0,0,1,0,10,8,0,7,0,0,0,0,1,0
2026-07-03,money-and-tax,29,26,1,1,1,0,0,0,28,9,1,8,1,0,0,0,0,0
2026-07-03,moving-country,30,25,2,1,1,0,1,0,28,15,0,13,0,1,0,0,1,0
2026-07-03,returning-to-ireland,22,21,0,1,0,0,0,0,22,15,0,14,0,1,0,0,0,0
2026-07-03,social-welfare,244,236,1,4,1,0,2,0,241,114,1,109,0,3,0,0,2,0
2026-07-03,travel-and-recreation,38,32,1,2,0,1,2,0,35,18,0,16,0,2,0,0,0,0
2026-07-03,unknown,24,0,9,4,3,5,2,1,14,20,0,0,6,4,3,5,1,1
2026-07-04,about,2,2,0,0,0,0,0,0,2,0,0,0,0,0,0,0,0,0
2026-07-04,birth-family-relationships,26,22,1,2,1,0,0,0,25,11,0,10,0,1,0,0,0,0
2026-07-04,consumer,11,9,0,1,0,0,1,0,10,6,0,5,0,0,0,0,1,0
2026-07-04,education,5,4,1,0,0,0,0,0,5,2,0,2,0,0,0,0,0,0
2026-07-04,employment,21,15,2,2,1,0,0,1,20,7,0,6,0,1,0,0,0,0
2026-07-04,health,22,22,0,0,0,0,0,0,22,10,0,10,0,0,0,0,0,0
2026-07-04,housing,13,12,0,1,0,0,0,0,13,6,0,5,0,1,0,0,0,0
2026-07-04,justice,13,12,1,0,0,0,0,0,13,3,0,2,1,0,0,0,0,0
2026-07-04,money-and-tax,17,17,0,0,0,0,0,0,17,3,0,3,0,0,0,0,0,0
2026-07-04,moving-country,20,17,0,0,1,2,0,0,17,7,0,7,0,0,0,0,0,0
2026-07-04,returning-to-ireland,6,6,0,0,0,0,0,0,6,5,0,5,0,0,0,0,0,0
2026-07-04,social-welfare,119,108,2,6,1,0,2,0,116,42,0,39,1,2,0,0,0,0
2026-07-04,travel-and-recreation,31,30,0,0,0,0,1,0,30,16,0,15,0,0,0,0,1,0
2026-07-04,unknown,14,0,5,4,4,1,0,0,9,12,0,0,5,4,2,1,0,0
2026-07-05,about,9,8,0,0,0,0,0,1,9,2,0,2,0,0,0,0,0,0
2026-07-05,birth-family-relationships,7,7,0,0,0,0,0,0,7,6,0,6,0,0,0,0,0,0
2026-07-05,consumer,9,9,0,0,0,0,0,0,9,3,0,3,0,0,0,0,0,0
2026-07-05,death,4,4,0,0,0,0,0,0,4,1,0,1,0,0,0,0,0,0
2026-07-05,education,14,12,0,1,1,0,0,0,13,7,0,6,0,1,0,0,0,0
2026-07-05,employment,33,32,0,1,0,0,0,0,33,14,0,13,0,1,0,0,0,0
2026-07-05,environment,5,4,0,1,0,0,0,0,5,3,0,2,0,1,0,0,0,0
2026-07-05,health,11,11,0,0,0,0,0,0,11,8,0,8,0,0,0,0,0,0
2026-07-05,housing,13,11,0,1,0,1,0,0,12,6,0,5,0,0,0,1,0,0
2026-07-05,justice,7,6,0,1,0,0,0,0,7,4,0,3,0,1,0,0,0,0
2026-07-05,money-and-tax,13,10,1,2,0,0,0,0,13,5,0,5,0,0,0,0,0,0
2026-07-05,moving-country,8,8,0,0,0,0,0,0,8,5,0,5,0,0,0,0,0,0
2026-07-05,returning-to-ireland,8,8,0,0,0,0,0,0,8,4,0,4,0,0,0,0,0,0
2026-07-05,social-welfare,109,105,0,2,0,1,1,0,107,53,0,51,0,1,0,1,0,0
2026-07-05,travel-and-recreation,27,25,0,2,0,0,0,0,27,14,0,12,0,2,0,0,0,0
2026-07-05,unknown,16,0,7,3,2,2,2,0,10,12,0,0,6,3,0,2,1,0
2026-07-06,about,5,5,0,0,0,0,0,0,5,2,0,2,0,0,0,0,0,0
2026-07-06,birth-family-relationships,33,32,0,1,0,0,0,0,33,24,0,23,0,1,0,0,0,0
2026-07-06,consumer,25,22,1,2,0,0,0,0,25,6,0,5,0,1,0,0,0,0
2026-07-06,death,3,3,0,0,0,0,0,0,3,2,0,2,0,0,0,0,0,0
2026-07-06,education,19,16,0,3,0,0,0,0,19,11,0,9,0,2,0,0,0,0
2026-07-06,employment,69,67,2,0,0,0,0,0,69,36,0,35,1,0,0,0,0,0
2026-07-06,environment,4,4,0,0,0,0,0,0,4,3,0,3,0,0,0,0,0,0
2026-07-06,government-in-ireland,6,6,0,0,0,0,0,0,6,3,0,3,0,0,0,0,0,0
2026-07-06,health,41,36,0,1,2,1,1,0,37,17,0,16,0,1,0,0,0,0
2026-07-06,housing,45,41,0,4,0,0,0,0,45,26,0,24,0,2,0,0,0,0
2026-07-06,justice,15,14,0,1,0,0,0,0,15,7,0,6,0,1,0,0,0,0
2026-07-06,money-and-tax,43,39,0,3,0,0,1,0,42,20,0,16,0,3,0,0,1,0
2026-07-06,moving-country,56,50,3,2,0,0,1,0,55,28,1,26,1,1,0,0,0,0
2026-07-06,returning-to-ireland,14,13,1,0,0,0,0,0,14,9,0,8,1,0,0,0,0,0
2026-07-06,social-welfare,287,270,5,6,3,2,1,0,281,127,0,119,1,5,0,1,1,0
2026-07-06,travel-and-recreation,47,43,0,3,1,0,0,0,46,28,0,25,0,3,0,0,0,0
2026-07-06,unknown,25,0,15,4,3,3,0,0,19,21,0,0,13,3,3,2,0,0
2026-07-07,about,6,6,0,0,0,0,0,0,6,2,1,2,0,0,0,0,0,0
2026-07-07,birth-family-relationships,22,21,1,0,0,0,0,0,22,13,0,13,0,0,0,0,0,0
2026-07-07,consumer,10,10,0,0,0,0,0,0,10,8,0,8,0,0,0,0,0,0
2026-07-07,death,4,4,0,0,0,0,0,0,4,3,0,3,0,0,0,0,0,0
2026-07-07,education,16,15,0,1,0,0,0,0,16,7,0,6,0,1,0,0,0,0
2026-07-07,employment,55,54,0,0,0,0,1,0,54,27,0,26,0,0,0,0,1,0
2026-07-07,environment,6,5,0,1,0,0,0,0,6,4,0,3,0,1,0,0,0,0
2026-07-07,government-in-ireland,6,5,0,1,0,0,0,0,6,3,0,2,0,1,0,0,0,0
2026-07-07,health,31,31,0,0,0,0,0,0,31,15,1,15,0,0,0,0,0,0
2026-07-07,housing,67,63,0,3,0,0,1,0,66,26,0,23,0,2,0,0,1,0
2026-07-07,justice,11,10,0,1,0,0,0,0,11,3,0,3,0,0,0,0,0,0
2026-07-07,money-and-tax,36,34,1,0,0,0,1,0,35,15,0,14,0,0,0,0,1,0
2026-07-07,moving-country,47,44,0,2,0,0,1,0,46,17,0,14,0,2,0,0,1,0
2026-07-07,returning-to-ireland,31,27,0,2,2,0,0,0,29,19,0,17,0,2,0,0,0,0
2026-07-07,social-welfare,306,279,6,8,5,6,2,0,293,140,0,131,3,5,0,0,1,0
2026-07-07,travel-and-recreation,71,66,0,5,0,0,0,0,71,30,0,25,0,5,0,0,0,0
2026-07-07,unknown,24,1,9,8,5,0,1,0,18,16,0,1,7,5,2,0,1,0
2026-07-08,about,13,13,0,0,0,0,0,0,13,3,0,3,0,0,0,0,0,0
2026-07-08,birth-family-relationships,41,37,1,2,0,0,1,0,40,16,0,14,1,1,0,0,0,0
2026-07-08,consumer,15,15,0,0,0,0,0,0,15,8,0,8,0,0,0,0,0,0
2026-07-08,death,6,6,0,0,0,0,0,0,6,4,0,4,0,0,0,0,0,0
2026-07-08,education,25,23,0,2,0,0,0,0,25,13,0,12,0,1,0,0,0,0
2026-07-08,employment,52,49,0,1,0,0,2,0,50,25,0,23,0,1,0,0,1,0
2026-07-08,environment,5,4,0,0,1,0,0,0,4,2,0,2,0,0,0,0,0,0
2026-07-08,government-in-ireland,4,4,0,0,0,0,0,0,4,2,0,2,0,0,0,0,0,0
2026-07-08,health,32,20,0,5,0,5,1,1,26,9,0,8,0,0,0,1,0,0
2026-07-08,housing,80,72,1,7,0,0,0,0,80,35,0,30,1,4,0,0,0,0
2026-07-08,justice,6,5,0,1,0,0,0,0,6,2,0,2,0,0,0,0,0,0
2026-07-08,money-and-tax,27,26,0,1,0,0,0,0,27,13,0,12,0,1,0,0,0,0
2026-07-08,moving-country,48,43,0,1,0,1,2,1,45,23,0,20,0,1,0,1,1,0
2026-07-08,returning-to-ireland,47,45,0,1,0,0,1,0,46,17,0,15,0,1,0,0,1,0
2026-07-08,social-welfare,278,264,2,7,1,2,1,1,274,134,0,127,1,5,0,1,0,0
2026-07-08,travel-and-recreation,20,19,1,0,0,0,0,0,20,12,0,11,1,0,0,0,0,0
2026-07-08,unknown,25,0,8,7,5,4,0,1,16,18,0,0,6,7,2,2,0,1
2026-07-09,about,1,1,0,0,0,0,0,0,1,0,0,0,0,0,0,0,0,0
2026-07-09,birth-family-relationships,19,17,0,1,0,1,0,0,18,8,0,7,0,1,0,0,0,0
2026-07-09,consumer,10,10,0,0,0,0,0,0,10,5,0,5,0,0,0,0,0,0
2026-07-09,death,1,1,0,0,0,0,0,0,1,1,0,1,0,0,0,0,0,0
2026-07-09,education,14,14,0,0,0,0,0,0,14,5,0,5,0,0,0,0,0,0
2026-07-09,employment,59,52,3,4,0,0,0,0,59,29,0,24,1,4,0,0,0,0
2026-07-09,environment,4,3,0,0,0,0,1,0,3,3,0,2,0,0,0,0,1,0
2026-07-09,government-in-ireland,1,1,0,0,0,0,0,0,1,1,0,1,0,0,0,0,0,0
2026-07-09,health,36,34,0,0,1,0,1,0,34,21,0,21,0,0,0,0,0,0
2026-07-09,housing,71,61,2,7,1,0,0,0,70,23,1,22,0,1,0,0,0,0
2026-07-09,justice,8,8,0,0,0,0,0,0,8,5,0,5,0,0,0,0,0,0
2026-07-09,money-and-tax,24,23,0,0,0,0,1,0,23,9,0,9,0,0,0,0,0,0
2026-07-09,moving-country,26,26,0,0,0,0,0,0,26,16,0,16,0,0,0,0,0,0
2026-07-09,my-situation,1,1,0,0,0,0,0,0,1,1,0,1,0,0,0,0,0,0
2026-07-09,returning-to-ireland,19,19,0,0,0,0,0,0,19,10,0,10,0,0,0,0,0,0
2026-07-09,social-welfare,251,237,3,9,0,1,1,0,249,117,2,109,1,5,0,1,1,0
2026-07-09,travel-and-recreation,38,38,0,0,0,0,0,0,38,19,0,19,0,0,0,0,0,0
2026-07-09,unknown,27,0,8,9,7,2,1,0,17,25,0,0,8,9,5,2,1,0
2026-07-10,about,4,1,0,1,0,1,1,0,2,1,0,0,0,0,0,0,1,0
2026-07-10,birth-family-relationships,22,20,0,2,0,0,0,0,22,9,0,7,0,2,0,0,0,0
2026-07-10,consumer,11,11,0,0,0,0,0,0,11,9,0,9,0,0,0,0,0,0
2026-07-10,death,4,4,0,0,0,0,0,0,4,1,0,1,0,0,0,0,0,0
2026-07-10,education,6,5,0,1,0,0,0,0,6,4,0,3,0,1,0,0,0,0
2026-07-10,employment,53,52,0,1,0,0,0,0,53,30,0,29,0,1,0,0,0,0
2026-07-10,environment,2,2,0,0,0,0,0,0,2,1,0,1,0,0,0,0,0,0
2026-07-10,government-in-ireland,6,5,0,1,0,0,0,0,6,2,0,1,0,1,0,0,0,0
2026-07-10,health,32,30,0,0,1,0,1,0,30,19,0,19,0,0,0,0,0,0
2026-07-10,housing,49,46,0,1,1,1,0,0,47,12,0,12,0,0,0,0,0,0
2026-07-10,justice,8,8,0,0,0,0,0,0,8,5,0,5,0,0,0,0,0,0
2026-07-10,money-and-tax,39,33,2,3,1,0,0,0,38,15,0,13,0,2,0,0,0,0
2026-07-10,moving-country,22,19,0,3,0,0,0,0,22,9,0,7,0,2,0,0,0,0
2026-07-10,my-situation,1,1,0,0,0,0,0,0,1,0,0,0,0,0,0,0,0,0
2026-07-10,returning-to-ireland,23,20,1,2,0,0,0,0,23,11,0,9,0,2,0,0,0,0
2026-07-10,social-welfare,197,186,0,8,2,0,1,0,194,92,0,85,0,6,0,0,1,0
2026-07-10,travel-and-recreation,37,32,1,2,1,0,1,0,35,15,0,13,0,1,0,0,1,0
2026-07-10,unknown,27,0,11,5,3,4,3,1,17,22,0,0,11,4,1,2,3,1
2026-07-11,about,1,1,0,0,0,0,0,0,1,1,0,1,0,0,0,0,0,0
2026-07-11,birth-family-relationships,10,9,0,0,0,0,1,0,9,6,0,6,0,0,0,0,0,0
2026-07-11,consumer,4,4,0,0,0,0,0,0,4,2,0,2,0,0,0,0,0,0
2026-07-11,education,14,14,0,0,0,0,0,0,14,6,0,6,0,0,0,0,0,0
2026-07-11,employment,13,13,0,0,0,0,0,0,13,5,0,5,0,0,0,0,0,0
2026-07-11,environment,4,4,0,0,0,0,0,0,4,2,0,2,0,0,0,0,0,0
2026-07-11,health,19,15,0,4,0,0,0,0,19,7,0,5,0,2,0,0,0,0
2026-07-11,housing,25,19,1,2,0,0,3,0,22,11,0,9,0,0,0,0,2,0
2026-07-11,justice,6,6,0,0,0,0,0,0,6,3,0,3,0,0,0,0,0,0
2026-07-11,money-and-tax,28,27,0,1,0,0,0,0,28,6,0,5,0,1,0,0,0,0
2026-07-11,moving-country,23,22,0,1,0,0,0,0,23,10,0,9,0,1,0,0,0,0
2026-07-11,returning-to-ireland,5,5,0,0,0,0,0,0,5,4,0,4,0,0,0,0,0,0
2026-07-11,social-welfare,120,113,4,2,0,0,1,0,119,32,0,32,0,0,0,0,0,0
2026-07-11,travel-and-recreation,15,14,1,0,0,0,0,0,15,9,0,9,0,0,0,0,0,0
2026-07-11,unknown,16,0,4,6,3,3,0,0,10,14,0,0,4,5,2,3,0,0
2026-07-12,birth-family-relationships,6,6,0,0,0,0,0,0,6,5,0,5,0,0,0,0,0,0
2026-07-12,consumer,5,5,0,0,0,0,0,0,5,3,0,3,0,0,0,0,0,0
2026-07-12,death,4,4,0,0,0,0,0,0,4,2,0,2,0,0,0,0,0,0
2026-07-12,education,5,3,0,1,0,1,0,0,4,3,0,3,0,0,0,0,0,0
2026-07-12,employment,16,15,0,1,0,0,0,0,16,9,0,8,0,1,0,0,0,0
2026-07-12,environment,1,1,0,0,0,0,0,0,1,1,0,1,0,0,0,0,0,0
2026-07-12,government-in-ireland,1,1,0,0,0,0,0,0,1,1,0,1,0,0,0,0,0,0
2026-07-12,health,5,5,0,0,0,0,0,0,5,2,0,2,0,0,0,0,0,0
2026-07-12,housing,23,20,1,1,0,0,1,0,22,12,0,11,0,1,0,0,0,0
2026-07-12,justice,4,4,0,0,0,0,0,0,4,2,0,2,0,0,0,0,0,0
2026-07-12,money-and-tax,7,7,0,0,0,0,0,0,7,2,0,2,0,0,0,0,0,0
2026-07-12,moving-country,26,26,0,0,0,0,0,0,26,11,0,11,0,0,0,0,0,0
2026-07-12,returning-to-ireland,15,13,1,1,0,0,0,0,15,6,0,6,0,0,0,0,0,0
2026-07-12,social-welfare,121,115,1,2,0,0,1,2,120,51,0,49,1,0,0,0,1,0
2026-07-12,travel-and-recreation,24,23,0,1,0,0,0,0,24,16,0,15,0,1,0,0,0,0
2026-07-12,unknown,9,0,5,3,0,1,0,0,8,8,0,0,4,3,0,1,0,0
2026-07-13,about,15,7,0,2,0,3,0,3,12,5,0,4,0,1,0,0,0,0
2026-07-13,birth-family-relationships,43,39,0,0,1,2,1,0,39,18,0,17,0,0,0,0,1,0
2026-07-13,consumer,5,5,0,0,0,0,0,0,5,4,0,4,0,0,0,0,0,0
2026-07-13,death,1,1,0,0,0,0,0,0,1,1,0,1,0,0,0,0,0,0
2026-07-13,education,17,16,0,1,0,0,0,0,17,11,0,10,0,1,0,0,0,0
2026-07-13,employment,64,62,1,0,0,0,1,0,63,34,0,32,1,0,0,0,1,0
2026-07-13,environment,5,5,0,0,0,0,0,0,5,4,0,4,0,0,0,0,0,0
2026-07-13,government-in-ireland,3,3,0,0,0,0,0,0,3,2,0,2,0,0,0,0,0,0
2026-07-13,health,30,30,0,0,0,0,0,0,30,20,0,20,0,0,0,0,0,0
2026-07-13,housing,49,47,0,1,1,0,0,0,48,28,0,27,0,1,0,0,0,0
2026-07-13,justice,12,11,0,0,0,1,0,0,11,8,0,7,0,0,0,1,0,0
2026-07-13,money-and-tax,17,16,0,0,1,0,0,0,16,7,0,7,0,0,0,0,0,0
2026-07-13,moving-country,47,44,1,1,0,0,1,0,46,20,0,19,0,0,0,0,1,0
2026-07-13,returning-to-ireland,17,15,0,1,0,0,1,0,16,5,0,4,0,0,0,0,1,0
2026-07-13,social-welfare,285,263,1,9,1,4,5,2,275,123,0,113,0,7,0,2,1,0
2026-07-13,travel-and-recreation,23,20,0,1,0,1,1,0,21,14,0,12,0,1,0,0,1,0
2026-07-13,unknown,27,0,10,5,9,2,1,0,15,22,0,0,8,5,6,2,1,0
2026-07-14,about,4,2,0,0,0,2,0,0,2,1,1,0,0,0,0,1,0,0
2026-07-14,birth-family-relationships,25,23,0,2,0,0,0,0,25,12,0,11,0,1,0,0,0,0
2026-07-14,consumer,16,15,1,0,0,0,0,0,16,12,0,12,0,0,0,0,0,0
2026-07-14,death,12,6,0,4,0,0,2,0,10,4,0,3,0,1,0,0,0,0
2026-07-14,education,30,30,0,0,0,0,0,0,30,15,0,15,0,0,0,0,0,0
2026-07-14,employment,64,61,1,1,0,0,1,0,63,32,0,31,0,0,0,0,1,0
2026-07-14,environment,3,3,0,0,0,0,0,0,3,2,0,2,0,0,0,0,0,0
2026-07-14,government-in-ireland,4,3,0,0,0,1,0,0,3,3,0,2,0,0,0,1,0,0
2026-07-14,health,16,15,0,1,0,0,0,0,16,11,0,10,0,1,0,0,0,0
2026-07-14,housing,72,65,1,5,0,0,1,0,71,32,0,29,0,2,0,0,1,0
2026-07-14,justice,15,11,0,3,1,0,0,0,14,7,0,6,0,1,0,0,0,0
2026-07-14,money-and-tax,21,19,1,0,1,0,0,0,20,10,0,9,1,0,0,0,0,0
2026-07-14,moving-country,30,30,0,0,0,0,0,0,30,16,1,16,0,0,0,0,0,0
2026-07-14,returning-to-ireland,36,35,0,0,1,0,0,0,35,19,0,19,0,0,0,0,0,0
2026-07-14,social-welfare,237,221,3,4,3,3,2,1,229,115,0,110,2,2,0,1,0,0
2026-07-14,travel-and-recreation,57,52,0,4,0,1,0,0,56,27,0,23,0,3,0,1,0,0
2026-07-14,unknown,27,0,11,5,4,5,2,0,16,21,0,0,7,5,3,4,2,0
2026-07-15,about,21,13,1,0,0,6,0,1,15,2,0,2,0,0,0,0,0,0
2026-07-15,birth-family-relationships,11,11,0,0,0,0,0,0,11,7,0,7,0,0,0,0,0,0
2026-07-15,consumer,12,9,0,1,0,1,1,0,10,6,0,5,0,0,0,0,1,0
2026-07-15,death,13,12,0,0,0,1,0,0,12,9,0,8,0,0,0,1,0,0
2026-07-15,education,15,15,0,0,0,0,0,0,15,8,0,8,0,0,0,0,0,0
2026-07-15,employment,102,95,0,5,0,2,0,0,100,37,0,33,0,3,0,1,0,0
2026-07-15,environment,10,8,0,0,1,1,0,0,8,4,0,3,0,0,0,1,0,0
2026-07-15,government-in-ireland,3,3,0,0,0,0,0,0,3,3,0,3,0,0,0,0,0,0
2026-07-15,health,26,25,0,0,1,0,0,0,25,11,0,11,0,0,0,0,0,0
2026-07-15,housing,60,52,3,4,0,0,1,0,59,27,0,23,0,3,0,0,1,0
2026-07-15,justice,11,11,0,0,0,0,0,0,11,4,0,4,0,0,0,0,0,0
2026-07-15,money-and-tax,41,36,1,1,0,0,3,0,38,13,0,9,0,1,0,0,3,0
2026-07-15,moving-country,42,36,3,3,0,0,0,0,42,21,1,20,0,1,0,0,0,0
2026-07-15,returning-to-ireland,25,21,0,2,0,1,1,0,23,7,0,5,0,0,0,1,1,0
2026-07-15,social-welfare,225,213,1,1,0,0,10,0,215,106,1,97,0,1,0,0,8,0
2026-07-15,travel-and-recreation,32,30,0,2,0,0,0,0,32,18,0,16,0,2,0,0,0,0
2026-07-15,unknown,32,0,13,8,5,4,2,0,21,26,0,0,11,7,3,3,2,0
2026-07-16,about,5,4,0,1,0,0,0,0,5,4,0,4,0,0,0,0,0,0
2026-07-16,birth-family-relationships,29,24,0,3,0,2,0,0,27,11,0,9,0,2,0,0,0,0
2026-07-16,consumer,18,15,0,0,0,2,1,0,15,11,0,9,0,0,0,1,1,0
2026-07-16,death,8,7,0,1,0,0,0,0,8,4,0,3,0,1,0,0,0,0
2026-07-16,education,23,21,1,0,0,0,1,0,22,9,0,7,1,0,0,0,1,0
2026-07-16,employment,69,63,0,5,0,0,1,0,68,35,0,32,0,2,0,0,1,0
2026-07-16,environment,2,2,0,0,0,0,0,0,2,2,0,2,0,0,0,0,0,0
2026-07-16,government-in-ireland,4,4,0,0,0,0,0,0,4,2,0,2,0,0,0,0,0,0
2026-07-16,health,36,35,1,0,0,0,0,0,36,17,0,17,0,0,0,0,0,0
2026-07-16,housing,62,55,2,3,1,0,1,0,60,32,0,29,0,2,0,0,1,0
2026-07-16,justice,10,8,0,2,0,0,0,0,10,7,0,6,0,1,0,0,0,0
2026-07-16,money-and-tax,26,25,0,1,0,0,0,0,26,13,0,13,0,0,0,0,0,0
2026-07-16,moving-country,26,25,0,0,0,1,0,0,25,13,0,12,0,0,0,1,0,0
2026-07-16,returning-to-ireland,27,23,2,2,0,0,0,0,27,16,0,14,0,2,0,0,0,0
2026-07-16,social-welfare,204,193,1,6,1,1,2,0,200,95,1,90,1,3,0,0,1,0
2026-07-16,travel-and-recreation,33,32,0,1,0,0,0,0,33,20,0,20,0,0,0,0,0,0
2026-07-16,unknown,30,0,12,11,4,1,2,0,23,28,0,0,11,10,4,1,2,0
2026-07-17,about,6,5,0,0,0,0,1,0,5,1,0,1,0,0,0,0,0,0
2026-07-17,birth-family-relationships,21,21,0,0,0,0,0,0,21,16,0,16,0,0,0,0,0,0
2026-07-17,consumer,18,15,0,1,0,0,2,0,16,11,0,9,0,1,0,0,1,0
2026-07-17,death,7,6,1,0,0,0,0,0,7,5,0,4,1,0,0,0,0,0
2026-07-17,education,13,13,0,0,0,0,0,0,13,11,0,11,0,0,0,0,0,0
2026-07-17,employment,55,53,0,1,0,1,0,0,54,29,0,28,0,1,0,0,0,0
2026-07-17,environment,7,7,0,0,0,0,0,0,7,3,0,3,0,0,0,0,0,0
2026-07-17,government-in-ireland,9,9,0,0,0,0,0,0,9,3,0,3,0,0,0,0,0,0
2026-07-17,health,22,22,0,0,0,0,0,0,22,13,0,13,0,0,0,0,0,0
2026-07-17,housing,52,51,0,1,0,0,0,0,52,32,0,31,0,1,0,0,0,0
2026-07-17,justice,11,8,1,1,0,1,0,0,10,3,0,2,1,0,0,0,0,0
2026-07-17,money-and-tax,21,20,1,0,0,0,0,0,21,11,0,10,1,0,0,0,0,0
2026-07-17,moving-country,37,34,2,1,0,0,0,0,37,15,0,13,1,1,0,0,0,0
2026-07-17,returning-to-ireland,20,17,2,1,0,0,0,0,20,8,0,8,0,0,0,0,0,0
2026-07-17,social-welfare,202,190,3,3,1,4,1,0,196,84,0,83,0,1,0,0,0,0
2026-07-17,travel-and-recreation,33,30,0,1,0,0,2,0,31,20,0,19,0,1,0,0,0,0
2026-07-17,unknown,23,0,8,5,6,1,2,1,14,18,0,0,7,4,3,1,2,1
2026-07-18,about,4,3,0,1,0,0,0,0,4,2,0,1,0,1,0,0,0,0
2026-07-18,birth-family-relationships,20,19,0,1,0,0,0,0,20,10,0,10,0,0,0,0,0,0
2026-07-18,consumer,10,9,0,1,0,0,0,0,10,5,0,4,0,1,0,0,0,0
2026-07-18,death,1,1,0,0,0,0,0,0,1,1,0,1,0,0,0,0,0,0
2026-07-18,education,5,5,0,0,0,0,0,0,5,1,0,1,0,0,0,0,0,0
2026-07-18,employment,32,29,0,2,0,0,0,1,32,13,0,12,0,1,0,0,0,0
2026-07-18,environment,6,6,0,0,0,0,0,0,6,5,0,5,0,0,0,0,0,0
2026-07-18,government-in-ireland,2,2,0,0,0,0,0,0,2,0,0,0,0,0,0,0,0,0
2026-07-18,health,24,23,0,1,0,0,0,0,24,12,0,11,0,1,0,0,0,0
2026-07-18,housing,42,38,1,3,0,0,0,0,42,12,0,10,0,2,0,0,0,0
2026-07-18,justice,5,5,0,0,0,0,0,0,5,3,0,3,0,0,0,0,0,0
2026-07-18,money-and-tax,31,30,0,0,0,1,0,0,30,9,0,9,0,0,0,0,0,0
2026-07-18,moving-country,38,36,0,1,1,0,0,0,37,15,0,14,0,1,0,0,0,0
2026-07-18,returning-to-ireland,9,7,0,1,1,0,0,0,8,5,0,4,0,1,0,0,0,0
2026-07-18,social-welfare,161,153,0,7,1,0,0,0,160,52,0,48,0,4,0,0,0,0
2026-07-18,travel-and-recreation,21,20,0,1,0,0,0,0,21,10,0,9,0,1,0,0,0,0
2026-07-18,unknown,10,0,6,2,1,1,0,0,8,9,0,0,6,2,0,1,0,0
2026-07-19,birth-family-relationships,15,12,0,3,0,0,0,0,15,7,0,7,0,0,0,0,0,0
2026-07-19,consumer,4,4,0,0,0,0,0,0,4,2,0,2,0,0,0,0,0,0
2026-07-19,death,5,5,0,0,0,0,0,0,5,4,0,4,0,0,0,0,0,0
2026-07-19,education,4,4,0,0,0,0,0,0,4,2,0,2,0,0,0,0,0,0
2026-07-19,employment,12,11,0,1,0,0,0,0,12,9,0,8,0,1,0,0,0,0
2026-07-19,environment,2,2,0,0,0,0,0,0,2,1,0,1,0,0,0,0,0,0
2026-07-19,government-in-ireland,3,3,0,0,0,0,0,0,3,2,0,2,0,0,0,0,0,0
2026-07-19,health,12,12,0,0,0,0,0,0,12,5,0,5,0,0,0,0,0,0
2026-07-19,housing,42,39,1,1,0,1,0,0,41,14,0,13,0,1,0,0,0,0
2026-07-19,justice,6,5,0,1,0,0,0,0,6,3,0,2,0,1,0,0,0,0
2026-07-19,money-and-tax,23,22,0,1,0,0,0,0,23,4,0,3,0,1,0,0,0,0
2026-07-19,moving-country,16,13,0,2,0,1,0,0,15,5,0,4,0,1,0,0,0,0
2026-07-19,returning-to-ireland,9,9,0,0,0,0,0,0,9,7,0,7,0,0,0,0,0,0
2026-07-19,social-welfare,91,83,3,5,0,0,0,0,91,40,0,37,0,3,0,0,0,0
2026-07-19,travel-and-recreation,33,33,0,0,0,0,0,0,33,18,0,18,0,0,0,0,0,0
2026-07-19,unknown,13,0,2,3,3,5,0,0,5,10,0,0,2,3,1,4,0,0
2026-07-20,about,5,3,1,0,0,0,1,0,4,3,1,2,0,0,0,0,1,0
2026-07-20,birth-family-relationships,22,22,0,0,0,0,0,0,22,14,0,14,0,0,0,0,0,0
2026-07-20,consumer,19,18,0,1,0,0,0,0,19,9,0,8,0,1,0,0,0,0
2026-07-20,death,9,9,0,0,0,0,0,0,9,6,0,6,0,0,0,0,0,0
2026-07-20,education,18,16,1,1,0,0,0,0,18,9,0,9,0,0,0,0,0,0
2026-07-20,employment,68,65,0,1,1,1,0,0,66,32,0,31,0,0,0,1,0,0
2026-07-20,environment,7,6,0,0,0,0,1,0,6,3,0,3,0,0,0,0,0,0
2026-07-20,government-in-ireland,8,8,0,0,0,0,0,0,8,6,0,6,0,0,0,0,0,0
2026-07-20,health,31,31,0,0,0,0,0,0,31,22,0,22,0,0,0,0,0,0
2026-07-20,housing,58,55,0,2,1,0,0,0,57,25,0,23,0,2,0,0,0,0
2026-07-20,justice,12,10,0,1,1,0,0,0,11,4,0,3,0,1,0,0,0,0
2026-07-20,money-and-tax,16,16,0,0,0,0,0,0,16,9,0,9,0,0,0,0,0,0
2026-07-20,moving-country,60,57,1,0,1,0,0,1,59,22,0,21,1,0,0,0,0,0
2026-07-20,returning-to-ireland,40,36,2,2,0,0,0,0,40,19,0,18,0,1,0,0,0,0
2026-07-20,social-welfare,228,215,3,7,2,0,1,0,225,100,0,95,1,4,0,0,0,0
2026-07-20,travel-and-recreation,47,43,2,1,0,0,1,0,46,25,0,23,1,0,0,0,1,0
2026-07-20,unknown,35,0,16,6,8,1,4,0,22,27,0,0,13,6,3,1,4,0
2026-07-21,about,4,4,0,0,0,0,0,0,4,2,0,2,0,0,0,0,0,0
2026-07-21,birth-family-relationships,27,27,0,0,0,0,0,0,27,21,0,21,0,0,0,0,0,0
2026-07-21,consumer,15,15,0,0,0,0,0,0,15,9,0,9,0,0,0,0,0,0
2026-07-21,death,15,15,0,0,0,0,0,0,15,5,0,5,0,0,0,0,0,0
2026-07-21,education,15,15,0,0,0,0,0,0,15,10,0,10,0,0,0,0,0,0
2026-07-21,employment,57,54,0,2,0,1,0,0,56,31,0,29,0,1,0,1,0,0
2026-07-21,environment,4,4,0,0,0,0,0,0,4,3,0,3,0,0,0,0,0,0
2026-07-21,government-in-ireland,6,6,0,0,0,0,0,0,6,4,0,4,0,0,0,0,0,0
2026-07-21,health,33,31,1,1,0,0,0,0,33,16,0,15,0,1,0,0,0,0
2026-07-21,housing,92,87,0,3,1,0,1,0,90,44,0,41,0,3,0,0,0,0
2026-07-21,justice,10,10,0,0,0,0,0,0,10,8,0,8,0,0,0,0,0,0
2026-07-21,money-and-tax,31,28,0,2,0,0,1,0,30,17,0,15,0,2,0,0,0,0
2026-07-21,moving-country,55,48,1,3,0,1,2,0,52,23,0,22,0,1,0,0,0,0
2026-07-21,returning-to-ireland,18,17,0,0,0,1,0,0,17,9,0,8,0,0,0,1,0,0
2026-07-21,social-welfare,259,236,4,10,3,0,5,1,251,115,0,105,0,6,0,0,4,0
2026-07-21,travel-and-recreation,59,55,0,2,0,0,2,0,57,31,0,28,0,2,0,0,1,0
2026-07-21,unknown,37,0,13,10,5,5,3,1,24,29,0,0,13,9,3,1,2,1
2026-07-22,about,6,6,0,0,0,0,0,0,6,4,0,4,0,0,0,0,0,0
2026-07-22,birth-family-relationships,23,23,0,0,0,0,0,0,23,11,0,11,0,0,0,0,0,0
2026-07-22,consumer,19,13,1,1,0,1,3,0,15,10,0,8,0,1,0,0,1,0
2026-07-22,death,27,20,0,4,1,1,0,1,25,8,0,8,0,0,0,0,0,0
2026-07-22,education,17,16,0,0,0,0,0,1,17,9,0,8,0,0,0,0,0,1
2026-07-22,employment,73,70,0,3,0,0,0,0,73,37,0,35,0,2,0,0,0,0
2026-07-22,environment,7,7,0,0,0,0,0,0,7,3,0,3,0,0,0,0,0,0
2026-07-22,government-in-ireland,6,6,0,0,0,0,0,0,6,2,0,2,0,0,0,0,0,0
2026-07-22,health,22,22,0,0,0,0,0,0,22,14,0,14,0,0,0,0,0,0
2026-07-22,housing,95,89,1,3,1,0,1,0,93,47,0,45,0,1,0,0,1,0
2026-07-22,justice,15,14,1,0,0,0,0,0,15,4,0,4,0,0,0,0,0,0
2026-07-22,money-and-tax,26,24,0,2,0,0,0,0,26,12,0,11,0,1,0,0,0,0
2026-07-22,moving-country,41,38,1,0,1,1,0,0,39,20,0,19,0,0,0,1,0,0
2026-07-22,returning-to-ireland,27,27,0,0,0,0,0,0,27,13,0,13,0,0,0,0,0,0
2026-07-22,social-welfare,264,241,6,10,1,2,4,0,257,119,0,105,2,9,0,0,3,0
2026-07-22,travel-and-recreation,74,70,0,2,0,0,2,0,72,29,0,26,0,2,0,0,1,0
2026-07-22,unknown,24,0,7,7,5,4,0,1,15,22,0,0,7,7,3,4,0,1
2026-07-23,about,3,3,0,0,0,0,0,0,3,1,0,1,0,0,0,0,0,0
2026-07-23,birth-family-relationships,20,19,1,0,0,0,0,0,20,13,0,13,0,0,0,0,0,0
2026-07-23,consumer,11,10,1,0,0,0,0,0,11,8,0,8,0,0,0,0,0,0
2026-07-23,death,13,12,1,0,0,0,0,0,13,3,0,3,0,0,0,0,0,0
2026-07-23,education,15,15,0,0,0,0,0,0,15,8,0,8,0,0,0,0,0,0
2026-07-23,employment,89,87,0,2,0,0,0,0,89,41,0,40,0,1,0,0,0,0
2026-07-23,environment,12,11,0,1,0,0,0,0,12,10,0,9,0,1,0,0,0,0
2026-07-23,government-in-ireland,2,2,0,0,0,0,0,0,2,2,0,2,0,0,0,0,0,0
2026-07-23,health,33,33,0,0,0,0,0,0,33,17,0,17,0,0,0,0,0,0
2026-07-23,housing,60,54,1,4,1,0,0,0,59,32,0,27,1,4,0,0,0,0
2026-07-23,justice,4,3,1,0,0,0,0,0,4,3,0,2,1,0,0,0,0,0
2026-07-23,money-and-tax,28,25,1,2,0,0,0,0,28,12,0,9,1,2,0,0,0,0
2026-07-23,moving-country,50,47,0,3,0,0,0,0,50,20,0,19,0,1,0,0,0,0
2026-07-23,returning-to-ireland,26,24,0,1,1,0,0,0,25,18,0,17,0,1,0,0,0,0
2026-07-23,social-welfare,260,245,0,7,2,1,5,0,252,122,0,114,0,4,0,1,3,0
2026-07-23,travel-and-recreation,34,31,1,2,0,0,0,0,34,21,0,19,0,2,0,0,0,0
2026-07-23,unknown,35,0,13,8,8,2,3,1,22,29,0,0,13,7,4,2,2,1
2026-07-24,about,8,7,0,1,0,0,0,0,8,4,0,3,0,1,0,0,0,0
2026-07-24,birth-family-relationships,18,17,0,0,0,1,0,0,17,11,0,11,0,0,0,0,0,0
2026-07-24,consumer,14,14,0,0,0,0,0,0,14,5,0,5,0,0,0,0,0,0
2026-07-24,death,7,7,0,0,0,0,0,0,7,5,0,5,0,0,0,0,0,0
2026-07-24,education,13,11,0,0,1,1,0,0,11,5,0,4,0,0,0,1,0,0
2026-07-24,employment,45,41,1,1,2,0,0,0,43,26,0,25,1,0,0,0,0,0
2026-07-24,environment,10,8,0,2,0,0,0,0,10,7,0,6,0,1,0,0,0,0
2026-07-24,government-in-ireland,10,9,0,1,0,0,0,0,10,4,0,3,0,1,0,0,0,0
2026-07-24,health,34,30,0,3,0,0,1,0,33,19,0,18,0,1,0,0,0,0
2026-07-24,housing,70,65,0,4,1,0,0,0,69,29,0,27,0,2,0,0,0,0
2026-07-24,justice,13,13,0,0,0,0,0,0,13,5,0,5,0,0,0,0,0,0
2026-07-24,money-and-tax,21,20,0,1,0,0,0,0,21,9,0,9,0,0,0,0,0,0
2026-07-24,moving-country,26,26,0,0,0,0,0,0,26,17,0,17,0,0,0,0,0,0
2026-07-24,returning-to-ireland,21,21,0,0,0,0,0,0,21,11,0,11,0,0,0,0,0,0
2026-07-24,social-welfare,220,209,5,5,1,0,0,0,219,103,0,100,1,2,0,0,0,0
2026-07-24,travel-and-recreation,59,56,1,2,0,0,0,0,59,29,0,27,1,1,0,0,0,0
2026-07-24,unknown,21,0,7,6,3,3,1,1,14,18,0,0,6,6,1,3,1,1
2026-07-25,about,6,6,0,0,0,0,0,0,6,1,0,1,0,0,0,0,0,0
2026-07-25,birth-family-relationships,8,8,0,0,0,0,0,0,8,6,0,6,0,0,0,0,0,0
2026-07-25,consumer,7,7,0,0,0,0,0,0,7,4,0,4,0,0,0,0,0,0
2026-07-25,death,3,3,0,0,0,0,0,0,3,1,0,1,0,0,0,0,0,0
2026-07-25,education,16,14,0,2,0,0,0,0,16,7,0,6,0,1,0,0,0,0
2026-07-25,employment,17,16,0,1,0,0,0,0,17,8,0,7,0,1,0,0,0,0
2026-07-25,environment,4,4,0,0,0,0,0,0,4,4,0,4,0,0,0,0,0,0
2026-07-25,government-in-ireland,3,3,0,0,0,0,0,0,3,3,0,3,0,0,0,0,0,0
2026-07-25,health,4,3,0,1,0,0,0,0,4,3,0,2,0,1,0,0,0,0
2026-07-25,housing,43,39,1,2,0,1,0,0,42,20,0,20,0,0,0,0,0,0
2026-07-25,justice,8,6,1,0,1,0,0,0,7,4,0,4,0,0,0,0,0,0
2026-07-25,money-and-tax,8,7,0,1,0,0,0,0,8,4,0,4,0,0,0,0,0,0
2026-07-25,moving-country,31,30,0,0,1,0,0,0,30,16,0,16,0,0,0,0,0,0
2026-07-25,returning-to-ireland,22,22,0,0,0,0,0,0,22,6,0,6,0,0,0,0,0,0
2026-07-25,social-welfare,88,81,1,5,1,0,0,0,87,35,0,32,0,3,0,0,0,0
2026-07-25,travel-and-recreation,35,31,1,1,0,1,1,0,33,14,0,12,0,1,0,0,1,0
2026-07-25,unknown,9,0,7,0,1,0,1,0,7,9,0,0,7,0,1,0,1,0
2026-07-26,about,1,1,0,0,0,0,0,0,1,1,0,1,0,0,0,0,0,0
2026-07-26,birth-family-relationships,26,23,2,0,0,0,1,0,25,14,0,13,0,0,0,0,1,0
2026-07-26,consumer,6,6,0,0,0,0,0,0,6,2,0,2,0,0,0,0,0,0
2026-07-26,death,5,4,0,1,0,0,0,0,5,3,0,2,0,1,0,0,0,0
2026-07-26,education,8,6,0,0,0,0,2,0,6,3,0,2,0,0,0,0,1,0
2026-07-26,employment,18,17,0,1,0,0,0,0,18,10,0,10,0,0,0,0,0,0
2026-07-26,environment,5,5,0,0,0,0,0,0,5,1,0,1,0,0,0,0,0,0
2026-07-26,government-in-ireland,3,3,0,0,0,0,0,0,3,2,0,2,0,0,0,0,0,0
2026-07-26,health,24,23,0,1,0,0,0,0,24,8,0,7,0,1,0,0,0,0
2026-07-26,housing,26,23,0,2,0,0,1,0,25,10,0,7,0,2,0,0,1,0
2026-07-26,justice,4,4,0,0,0,0,0,0,4,2,0,2,0,0,0,0,0,0
2026-07-26,money-and-tax,14,12,0,0,0,2,0,0,12,6,0,6,0,0,0,0,0,0
2026-07-26,moving-country,36,34,0,0,0,1,1,0,34,14,0,12,0,0,0,1,1,0
2026-07-26,returning-to-ireland,13,12,0,1,0,0,0,0,13,6,0,5,0,1,0,0,0,0
2026-07-26,social-welfare,124,116,2,4,0,0,2,0,122,42,0,40,2,0,0,0,0,0
2026-07-26,travel-and-recreation,32,29,2,1,0,0,0,0,32,17,0,16,0,1,0,0,0,0
2026-07-26,unknown,18,0,11,5,1,1,0,0,16,15,0,0,8,5,1,1,0,0
2026-07-27,about,11,10,0,0,0,1,0,0,10,6,0,5,0,0,0,1,0,0
2026-07-27,birth-family-relationships,25,20,0,4,0,0,1,0,24,13,0,9,0,3,0,0,1,0
2026-07-27,consumer,22,21,0,1,0,0,0,0,22,12,1,11,0,1,0,0,0,0
2026-07-27,death,13,13,0,0,0,0,0,0,13,8,0,8,0,0,0,0,0,0
2026-07-27,education,22,18,1,3,0,0,0,0,22,9,0,7,0,2,0,0,0,0
2026-07-27,employment,76,73,1,1,1,0,0,0,75,28,0,27,0,1,0,0,0,0
2026-07-27,environment,7,7,0,0,0,0,0,0,7,5,0,5,0,0,0,0,0,0
2026-07-27,government-in-ireland,3,3,0,0,0,0,0,0,3,1,0,1,0,0,0,0,0,0
2026-07-27,health,31,31,0,0,0,0,0,0,31,19,0,19,0,0,0,0,0,0
2026-07-27,housing,53,51,0,1,0,0,1,0,52,37,0,35,0,1,0,0,1,0
2026-07-27,justice,12,12,0,0,0,0,0,0,12,4,0,4,0,0,0,0,0,0
2026-07-27,money-and-tax,39,36,1,0,0,2,0,0,37,17,0,15,1,0,0,1,0,0
2026-07-27,moving-country,42,33,1,5,1,0,2,0,39,21,0,16,0,3,0,0,2,0
2026-07-27,returning-to-ireland,30,29,0,1,0,0,0,0,30,14,0,13,0,1,0,0,0,0
2026-07-27,social-welfare,243,219,6,12,1,0,5,0,237,109,0,100,1,6,0,0,2,0
2026-07-27,travel-and-recreation,44,41,0,2,1,0,0,0,43,23,0,21,0,2,0,0,0,0
2026-07-27,unknown,37,0,18,9,7,0,2,1,28,32,0,0,15,9,5,0,2,1
2026-07-28,about,3,3,0,0,0,0,0,0,3,1,0,1,0,0,0,0,0,0
2026-07-28,birth-family-relationships,40,35,3,0,0,0,2,0,38,22,0,20,1,0,0,0,1,0
2026-07-28,consumer,18,17,0,1,0,0,0,0,18,13,0,12,0,1,0,0,0,0
2026-07-28,death,17,17,0,0,0,0,0,0,17,10,0,10,0,0,0,0,0,0
2026-07-28,education,16,16,0,0,0,0,0,0,16,9,0,9,0,0,0,0,0,0
2026-07-28,employment,108,99,1,8,0,0,0,0,108,49,0,47,0,2,0,0,0,0
2026-07-28,environment,11,11,0,0,0,0,0,0,11,6,0,6,0,0,0,0,0,0
2026-07-28,government-in-ireland,5,5,0,0,0,0,0,0,5,3,0,3,0,0,0,0,0,0
2026-07-28,health,50,48,0,1,0,1,0,0,49,25,0,24,0,1,0,0,0,0
2026-07-28,housing,89,84,1,3,0,1,0,0,88,40,0,38,0,2,0,0,0,0
2026-07-28,justice,40,37,0,2,0,0,0,1,40,13,0,12,0,1,0,0,0,0
2026-07-28,money-and-tax,36,30,1,5,0,0,0,0,36,16,0,14,0,2,0,0,0,0
2026-07-28,moving-country,46,41,1,1,2,0,0,1,44,23,0,22,1,0,0,0,0,0
2026-07-28,returning-to-ireland,21,21,0,0,0,0,0,0,21,7,0,7,0,0,0,0,0,0
2026-07-28,social-welfare,227,213,2,3,1,2,6,0,218,123,1,116,0,3,0,1,3,0
2026-07-28,travel-and-recreation,48,46,1,1,0,0,0,0,48,27,0,27,0,0,0,0,0,0
2026-07-28,unknown,19,0,9,6,2,1,1,0,15,18,0,0,9,6,1,1,1,0
2026-07-29,about,4,4,0,0,0,0,0,0,4,3,0,3,0,0,0,0,0,0
2026-07-29,birth-family-relationships,28,27,0,1,0,0,0,0,28,18,0,17,0,1,0,0,0,0
2026-07-29,consumer,8,8,0,0,0,0,0,0,8,5,0,5,0,0,0,0,0,0
2026-07-29,death,16,14,0,1,1,0,0,0,15,10,0,9,0,1,0,0,0,0
2026-07-29,education,23,19,0,3,1,0,0,0,22,13,0,11,0,2,0,0,0,0
2026-07-29,employment,31,31,0,0,0,0,0,0,31,20,0,20,0,0,0,0,0,0
2026-07-29,environment,15,15,0,0,0,0,0,0,15,8,0,8,0,0,0,0,0,0
2026-07-29,government-in-ireland,9,9,0,0,0,0,0,0,9,6,0,6,0,0,0,0,0,0
2026-07-29,health,28,26,2,0,0,0,0,0,28,15,0,15,0,0,0,0,0,0
2026-07-29,housing,79,75,2,2,0,0,0,0,79,29,0,29,0,0,0,0,0,0
2026-07-29,justice,10,7,1,1,1,0,0,0,9,6,0,5,0,1,0,0,0,0
2026-07-29,money-and-tax,33,30,1,0,2,0,0,0,31,15,0,15,0,0,0,0,0,0
2026-07-29,moving-country,31,28,0,1,0,0,2,0,29,16,0,15,0,0,0,0,1,0
2026-07-29,returning-to-ireland,31,31,0,0,0,0,0,0,31,23,0,23,0,0,0,0,0,0
2026-07-29,social-welfare,233,220,2,8,0,0,3,0,230,109,0,100,0,7,0,0,2,0
2026-07-29,travel-and-recreation,58,56,0,0,0,0,2,0,56,35,0,33,0,0,0,0,2,0
2026-07-29,unknown,30,0,12,7,5,6,0,0,19,21,0,0,12,5,3,1,0,0
2026-07-30,about,10,8,1,0,0,1,0,0,9,4,1,3,0,0,0,1,0,0
2026-07-30,birth-family-relationships,27,27,0,0,0,0,0,0,27,15,0,15,0,0,0,0,0,0
2026-07-30,consumer,9,8,0,0,0,0,1,0,8,5,0,4,0,0,0,0,1,0
2026-07-30,death,13,10,2,1,0,0,0,0,13,5,0,3,1,1,0,0,0,0
2026-07-30,education,10,10,0,0,0,0,0,0,10,6,0,6,0,0,0,0,0,0
2026-07-30,employment,55,50,3,2,0,0,0,0,55,25,0,23,1,1,0,0,0,0
2026-07-30,environment,1,1,0,0,0,0,0,0,1,0,0,0,0,0,0,0,0,0
2026-07-30,government-in-ireland,15,11,1,3,0,0,0,0,15,3,0,3,0,0,0,0,0,0
2026-07-30,health,35,34,1,0,0,0,0,0,35,16,1,15,1,0,0,0,0,0
2026-07-30,housing,61,56,2,3,0,0,0,0,61,29,0,27,1,1,0,0,0,0
2026-07-30,justice,17,15,1,1,0,0,0,0,17,7,0,6,0,1,0,0,0,0
2026-07-30,money-and-tax,32,31,0,1,0,0,0,0,32,13,0,12,0,1,0,0,0,0
2026-07-30,moving-country,40,33,2,4,0,0,1,0,39,18,0,14,1,2,0,0,1,0
2026-07-30,returning-to-ireland,23,21,0,0,0,0,2,0,21,12,0,11,0,0,0,0,1,0
2026-07-30,social-welfare,206,190,6,6,0,0,4,0,202,104,0,93,3,5,0,0,3,0
2026-07-30,travel-and-recreation,32,32,0,0,0,0,0,0,32,21,0,21,0,0,0,0,0,0
2026-07-30,unknown,27,0,13,5,4,3,2,0,18,22,0,0,13,3,2,3,1,0
2026-07-31,about,10,6,1,0,0,1,2,0,7,4,0,1,1,0,0,0,2,0
2026-07-31,birth-family-relationships,25,23,0,2,0,0,0,0,25,11,0,10,0,1,0,0,0,0
2026-07-31,consumer,13,10,0,1,0,1,1,0,11,4,0,4,0,0,0,0,0,0
2026-07-31,death,7,7,0,0,0,0,0,0,7,6,0,6,0,0,0,0,0,0
2026-07-31,education,9,9,0,0,0,0,0,0,9,3,0,3,0,0,0,0,0,0
2026-07-31,employment,53,50,0,2,1,0,0,0,52,18,0,16,0,2,0,0,0,0
2026-07-31,environment,3,3,0,0,0,0,0,0,3,1,0,1,0,0,0,0,0,0
2026-07-31,government-in-ireland,2,2,0,0,0,0,0,0,2,2,0,2,0,0,0,0,0,0
2026-07-31,health,22,17,0,1,0,1,3,0,18,9,0,9,0,0,0,0,0,0
2026-07-31,housing,39,38,0,1,0,0,0,0,39,22,0,21,0,1,0,0,0,0
2026-07-31,justice,5,5,0,0,0,0,0,0,5,2,0,2,0,0,0,0,0,0
2026-07-31,money-and-tax,44,29,3,7,0,1,4,0,39,10,0,9,0,1,0,0,0,0
2026-07-31,moving-country,39,36,1,2,0,0,0,0,39,17,0,14,1,2,0,0,0,0
2026-07-31,returning-to-ireland,44,37,2,4,0,0,1,0,43,19,0,17,0,1,0,0,1,0
2026-07-31,social-welfare,183,178,3,1,1,0,0,0,182,87,0,85,1,1,0,0,0,0
2026-07-31,travel-and-recreation,32,32,0,0,0,0,0,0,32,21,0,21,0,0,0,0,0,0
2026-07-31,unknown,17,0,9,6,1,1,0,0,15,12,0,0,8,3,1,0,0,0
2026-08-01,about,8,3,1,1,0,0,3,0,5,3,0,0,1,0,0,0,2,0
2026-08-01,birth-family-relationships,10,8,0,1,0,0,1,0,9,5,0,5,0,0,0,0,0,0
2026-08-01,consumer,3,3,0,0,0,0,0,0,3,1,0,1,0,0,0,0,0,0
2026-08-01,death,9,9,0,0,0,0,0,0,9,6,0,6,0,0,0,0,0,0
2026-08-01,education,4,4,0,0,0,0,0,0,4,1,0,1,0,0,0,0,0,0
2026-08-01,employment,38,38,0,0,0,0,0,0,38,6,0,6,0,0,0,0,0,0
2026-08-01,environment,9,9,0,0,0,0,0,0,9,6,0,6,0,0,0,0,0,0
2026-08-01,government-in-ireland,7,6,0,1,0,0,0,0,7,3,0,2,0,1,0,0,0,0
2026-08-01,health,8,8,0,0,0,0,0,0,8,4,0,4,0,0,0,0,0,0
2026-08-01,housing,36,35,0,0,0,0,1,0,35,15,0,14,0,0,0,0,1,0
2026-08-01,justice,3,3,0,0,0,0,0,0,3,1,0,1,0,0,0,0,0,0
2026-08-01,money-and-tax,12,11,0,1,0,0,0,0,12,1,0,1,0,0,0,0,0,0
2026-08-01,moving-country,41,35,0,4,0,2,0,0,39,17,0,14,0,3,0,0,0,0
2026-08-01,returning-to-ireland,25,25,0,0,0,0,0,0,25,11,0,11,0,0,0,0,0,0
2026-08-01,social-welfare,92,87,3,1,0,0,1,0,91,40,0,37,2,0,0,0,1,0
2026-08-01,travel-and-recreation,35,28,0,5,0,1,1,0,33,14,0,12,0,2,0,0,0,0
2026-08-01,unknown,26,0,7,12,3,1,3,0,19,18,0,0,6,8,1,1,2,0
2026-08-02,about,1,1,0,0,0,0,0,0,1,1,0,1,0,0,0,0,0,0
2026-08-02,birth-family-relationships,13,11,1,0,0,1,0,0,12,6,0,5,0,0,0,1,0,0
2026-08-02,consumer,3,2,0,1,0,0,0,0,3,2,0,1,0,1,0,0,0,0
2026-08-02,death,4,4,0,0,0,0,0,0,4,3,0,3,0,0,0,0,0,0
2026-08-02,education,11,10,0,1,0,0,0,0,11,6,0,5,0,1,0,0,0,0
2026-08-02,employment,16,16,0,0,0,0,0,0,16,12,0,12,0,0,0,0,0,0
2026-08-02,government-in-ireland,2,2,0,0,0,0,0,0,2,2,0,2,0,0,0,0,0,0
2026-08-02,health,11,9,0,2,0,0,0,0,11,5,0,3,0,2,0,0,0,0
2026-08-02,housing,31,31,0,0,0,0,0,0,31,13,0,13,0,0,0,0,0,0
2026-08-02,justice,2,2,0,0,0,0,0,0,2,1,0,1,0,0,0,0,0,0
2026-08-02,money-and-tax,8,8,0,0,0,0,0,0,8,1,0,1,0,0,0,0,0,0
2026-08-02,moving-country,28,26,2,0,0,0,0,0,28,17,0,16,1,0,0,0,0,0
2026-08-02,my-situation,1,1,0,0,0,0,0,0,1,0,0,0,0,0,0,0,0,0
2026-08-02,returning-to-ireland,11,11,0,0,0,0,0,0,11,6,0,6,0,0,0,0,0,0
2026-08-02,social-welfare,97,86,0,8,1,2,0,0,94,40,1,34,0,5,0,1,0,0
2026-08-02,travel-and-recreation,19,14,0,2,1,1,1,0,16,8,0,5,0,1,0,1,1,0
2026-08-02,unknown,19,0,6,3,3,4,3,0,9,18,0,0,6,3,3,3,3,0
2026-08-03,about,2,2,0,0,0,0,0,0,2,1,0,1,0,0,0,0,0,0
2026-08-03,birth-family-relationships,25,19,2,2,0,0,2,0,23,13,0,9,2,1,0,0,1,0
2026-08-03,consumer,5,5,0,0,0,0,0,0,5,1,0,1,0,0,0,0,0,0
2026-08-03,death,8,7,0,0,1,0,0,0,7,2,0,2,0,0,0,0,0,0
2026-08-03,education,19,18,0,1,0,0,0,0,19,11,0,10,0,1,0,0,0,0
2026-08-03,employment,16,16,0,0,0,0,0,0,16,7,0,7,0,0,0,0,0,0
2026-08-03,environment,3,3,0,0,0,0,0,0,3,2,0,2,0,0,0,0,0,0
2026-08-03,government-in-ireland,5,5,0,0,0,0,0,0,5,4,1,4,0,0,0,0,0,0
2026-08-03,health,8,7,0,1,0,0,0,0,8,4,0,3,0,1,0,0,0,0
2026-08-03,housing,38,38,0,0,0,0,0,0,38,22,0,22,0,0,0,0,0,0
2026-08-03,justice,3,3,0,0,0,0,0,0,3,3,0,3,0,0,0,0,0,0
2026-08-03,money-and-tax,13,13,0,0,0,0,0,0,13,6,0,6,0,0,0,0,0,0
2026-08-03,moving-country,42,40,0,2,0,0,0,0,42,23,0,21,0,2,0,0,0,0
2026-08-03,returning-to-ireland,32,29,1,1,0,0,1,0,31,14,0,12,0,1,0,0,1,0
2026-08-03,social-welfare,152,147,1,3,0,0,1,0,151,66,0,64,0,2,0,0,0,0
2026-08-03,travel-and-recreation,45,41,1,1,1,1,0,0,43,24,0,23,0,1,0,0,0,0
2026-08-03,unknown,24,0,7,7,4,6,0,0,14,12,0,0,7,4,0,1,0,0
2026-08-04,about,4,4,0,0,0,0,0,0,4,3,0,3,0,0,0,0,0,0
2026-08-04,birth-family-relationships,12,12,0,0,0,0,0,0,12,6,0,6,0,0,0,0,0,0
2026-08-04,consumer,34,30,0,3,0,1,0,0,33,17,0,13,0,3,0,1,0,0
2026-08-04,death,2,2,0,0,0,0,0,0,2,2,0,2,0,0,0,0,0,0
2026-08-04,education,29,25,1,3,0,0,0,0,29,16,0,14,0,2,0,0,0,0
2026-08-04,employment,75,72,1,2,0,0,0,0,75,24,1,23,0,1,0,0,0,0
2026-08-04,environment,4,4,0,0,0,0,0,0,4,2,0,2,0,0,0,0,0,0
2026-08-04,government-in-ireland,10,9,0,0,0,1,0,0,9,7,0,7,0,0,0,0,0,0
2026-08-04,health,21,21,0,0,0,0,0,0,21,13,0,13,0,0,0,0,0,0
2026-08-04,housing,84,73,1,7,1,1,1,0,81,31,0,26,0,4,0,1,0,0
2026-08-04,justice,19,18,0,0,0,0,1,0,18,10,0,9,0,0,0,0,1,0
2026-08-04,money-and-tax,32,28,0,3,0,0,1,0,31,14,0,12,0,1,0,0,1,0
2026-08-04,moving-country,75,68,3,1,1,0,1,1,73,35,0,34,0,0,0,0,1,0
2026-08-04,returning-to-ireland,37,34,0,2,0,1,0,0,36,18,0,16,0,1,0,1,0,0
2026-08-04,social-welfare,253,234,2,12,1,3,0,1,249,129,2,119,2,8,0,0,0,0
2026-08-04,travel-and-recreation,41,38,0,1,0,0,2,0,39,21,0,18,0,1,0,0,2,0
2026-08-04,unknown,26,0,10,6,5,3,2,0,16,23,0,0,10,6,3,2,2,0
2026-08-05,about,6,6,0,0,0,0,0,0,6,5,0,5,0,0,0,0,0,0
2026-08-05,birth-family-relationships,21,20,0,1,0,0,0,0,21,14,0,13,0,1,0,0,0,0
2026-08-05,consumer,23,20,0,2,0,0,1,0,22,13,0,11,0,1,0,0,1,0
2026-08-05,death,8,8,0,0,0,0,0,0,8,4,0,4,0,0,0,0,0,0
2026-08-05,education,37,35,1,1,0,0,0,0,37,9,0,9,0,0,0,0,0,0
2026-08-05,employment,67,60,1,2,2,0,2,0,63,28,0,24,0,2,0,0,2,0
2026-08-05,environment,13,10,0,1,0,0,2,0,11,6,0,4,0,0,0,0,2,0
2026-08-05,government-in-ireland,8,8,0,0,0,0,0,0,8,4,0,4,0,0,0,0,0,0
2026-08-05,health,32,30,0,2,0,0,0,0,32,15,0,13,0,2,0,0,0,0
2026-08-05,housing,70,64,2,3,0,0,1,0,69,33,0,30,0,2,0,0,1,0
2026-08-05,justice,13,11,0,1,1,0,0,0,12,3,0,3,0,0,0,0,0,0
2026-08-05,money-and-tax,22,19,0,2,0,0,1,0,21,13,0,12,0,1,0,0,0,0
2026-08-05,moving-country,40,37,1,1,1,0,0,0,39,24,0,23,0,1,0,0,0,0
2026-08-05,returning-to-ireland,35,34,0,0,0,1,0,0,34,15,0,14,0,0,0,1,0,0
2026-08-05,social-welfare,274,259,4,6,1,0,4,0,269,129,0,123,1,5,0,0,0,0
2026-08-05,travel-and-recreation,41,40,0,0,0,0,1,0,40,20,0,19,0,0,0,0,1,0
2026-08-05,unknown,31,0,15,7,5,2,1,1,23,27,0,0,15,6,2,2,1,1
2026-08-06,about,3,3,0,0,0,0,0,0,3,2,0,2,0,0,0,0,0,0
2026-08-06,birth-family-relationships,17,15,0,2,0,0,0,0,17,9,0,7,0,2,0,0,0,0
2026-08-06,consumer,29,27,0,1,0,1,0,0,28,14,0,12,0,1,0,1,0,0
2026-08-06,death,10,8,0,1,1,0,0,0,9,6,0,5,0,1,0,0,0,0
2026-08-06,education,36,33,0,3,0,0,0,0,36,14,0,11,0,3,0,0,0,0
2026-08-06,employment,52,50,2,0,0,0,0,0,52,32,0,31,1,0,0,0,0,0
2026-08-06,environment,13,9,1,2,0,1,0,0,12,5,0,3,0,2,0,0,0,0
2026-08-06,government-in-ireland,14,9,0,1,0,4,0,0,10,7,0,5,0,1,0,1,0,0
2026-08-06,health,24,22,0,1,1,0,0,0,23,15,0,15,0,0,0,0,0,0
2026-08-06,housing,68,54,3,6,0,1,4,0,63,26,1,23,0,2,0,0,1,0
2026-08-06,justice,9,9,0,0,0,0,0,0,9,7,0,7,0,0,0,0,0,0
2026-08-06,money-and-tax,32,29,1,2,0,0,0,0,32,12,0,12,0,0,0,0,0,0
2026-08-06,moving-country,87,78,0,5,0,2,2,0,83,40,0,33,0,4,0,1,2,0
2026-08-06,returning-to-ireland,24,23,1,0,0,0,0,0,24,15,0,15,0,0,0,0,0,0
2026-08-06,social-welfare,197,185,6,6,0,0,0,0,197,93,0,85,3,5,0,0,0,0
2026-08-06,travel-and-recreation,33,31,0,1,0,0,1,0,32,19,1,18,0,1,0,0,0,0
2026-08-06,unknown,25,0,10,5,6,4,0,0,15,25,0,0,10,5,6,4,0,0
2026-08-07,about,6,6,0,0,0,0,0,0,6,2,0,2,0,0,0,0,0,0
2026-08-07,birth-family-relationships,29,27,0,0,0,0,2,0,27,18,0,17,0,0,0,0,1,0
2026-08-07,consumer,25,25,0,0,0,0,0,0,25,11,0,11,0,0,0,0,0,0
2026-08-07,death,6,6,0,0,0,0,0,0,6,3,0,3,0,0,0,0,0,0
2026-08-07,education,28,20,2,2,0,2,2,0,24,13,0,9,0,1,0,2,1,0
2026-08-07,employment,50,48,0,1,0,0,1,0,49,25,0,24,0,0,0,0,1,0
2026-08-07,environment,9,8,0,0,0,0,1,0,8,2,0,2,0,0,0,0,0,0
2026-08-07,government-in-ireland,11,10,1,0,0,0,0,0,11,5,0,4,1,0,0,0,0,0
2026-08-07,health,31,28,1,2,0,0,0,0,31,15,0,13,1,1,0,0,0,0
2026-08-07,housing,66,59,1,2,1,2,1,0,62,26,0,23,0,1,0,1,1,0
2026-08-07,justice,7,7,0,0,0,0,0,0,7,4,0,4,0,0,0,0,0,0
2026-08-07,money-and-tax,19,18,0,1,0,0,0,0,19,8,0,7,0,1,0,0,0,0
2026-08-07,moving-country,54,46,0,7,1,0,0,0,53,29,0,24,0,5,0,0,0,0
2026-08-07,returning-to-ireland,24,23,0,0,0,0,1,0,23,15,0,14,0,0,0,0,1,0
2026-08-07,social-welfare,203,187,2,3,1,4,6,0,192,103,0,98,0,1,0,0,4,0
2026-08-07,travel-and-recreation,32,32,0,0,0,0,0,0,32,16,0,16,0,0,0,0,0,0
2026-08-07,unknown,19,0,9,5,3,1,0,1,15,17,0,0,9,5,1,1,0,1
2026-08-08,about,3,3,0,0,0,0,0,0,3,1,0,1,0,0,0,0,0,0
2026-08-08,birth-family-relationships,26,25,0,1,0,0,0,0,26,17,0,16,0,1,0,0,0,0
2026-08-08,consumer,7,5,1,1,0,0,0,0,7,4,0,3,0,1,0,0,0,0
2026-08-08,death,7,5,0,0,0,0,1,1,6,4,0,3,0,0,0,0,1,0
2026-08-08,education,9,8,1,0,0,0,0,0,9,6,0,6,0,0,0,0,0,0
2026-08-08,employment,39,34,1,4,0,0,0,0,39,11,0,11,0,0,0,0,0,0
2026-08-08,environment,2,2,0,0,0,0,0,0,2,1,0,1,0,0,0,0,0,0
2026-08-08,government-in-ireland,7,7,0,0,0,0,0,0,7,3,0,3,0,0,0,0,0,0
2026-08-08,health,23,23,0,0,0,0,0,0,23,13,0,13,0,0,0,0,0,0
2026-08-08,housing,37,35,0,1,1,0,0,0,36,15,0,14,0,1,0,0,0,0
2026-08-08,justice,2,2,0,0,0,0,0,0,2,2,0,2,0,0,0,0,0,0
2026-08-08,money-and-tax,15,12,0,3,0,0,0,0,15,4,0,3,0,1,0,0,0,0
2026-08-08,moving-country,36,32,0,1,0,2,1,0,33,14,0,12,0,1,0,0,1,0
2026-08-08,returning-to-ireland,20,19,1,0,0,0,0,0,20,10,0,9,1,0,0,0,0,0
2026-08-08,social-welfare,101,94,3,2,0,1,1,0,99,39,0,36,1,1,0,0,1,0
2026-08-08,travel-and-recreation,26,22,1,2,0,0,1,0,25,14,0,12,0,2,0,0,0,0
2026-08-08,unknown,24,0,5,8,4,4,3,0,13,20,0,0,5,6,3,3,3,0
2026-08-09,about,1,1,0,0,0,0,0,0,1,1,0,1,0,0,0,0,0,0
2026-08-09,birth-family-relationships,7,7,0,0,0,0,0,0,7,6,0,6,0,0,0,0,0,0
2026-08-09,consumer,3,3,0,0,0,0,0,0,3,3,0,3,0,0,0,0,0,0
2026-08-09,death,5,3,0,2,0,0,0,0,5,3,0,2,0,1,0,0,0,0
2026-08-09,education,14,12,0,1,0,1,0,0,13,8,0,6,0,1,0,1,0,0
2026-08-09,employment,29,28,0,1,0,0,0,0,29,9,0,9,0,0,0,0,0,0
2026-08-09,environment,1,1,0,0,0,0,0,0,1,1,0,1,0,0,0,0,0,0
2026-08-09,government-in-ireland,11,9,0,0,0,2,0,0,9,3,0,3,0,0,0,0,0,0
2026-08-09,health,4,4,0,0,0,0,0,0,4,3,0,3,0,0,0,0,0,0
2026-08-09,housing,23,23,0,0,0,0,0,0,23,12,0,12,0,0,0,0,0,0
2026-08-09,justice,5,5,0,0,0,0,0,0,5,4,0,4,0,0,0,0,0,0
2026-08-09,money-and-tax,10,10,0,0,0,0,0,0,10,5,0,5,0,0,0,0,0,0
2026-08-09,moving-country,37,33,0,1,0,1,2,0,34,16,0,12,0,1,0,1,2,0
2026-08-09,returning-to-ireland,14,12,0,1,0,1,0,0,13,9,0,7,0,1,0,1,0,0
2026-08-09,social-welfare,95,92,1,1,1,0,0,0,94,43,1,42,0,1,0,0,0,0
2026-08-09,travel-and-recreation,30,28,0,2,0,0,0,0,30,13,0,11,0,2,0,0,0,0
2026-08-09,unknown,34,0,7,16,1,8,2,0,23,24,0,0,6,9,0,7,2,0
2026-08-10,about,4,3,0,0,0,0,1,0,3,2,0,1,0,0,0,0,1,0
2026-08-10,birth-family-relationships,31,28,0,2,0,0,1,0,30,19,0,17,0,1,0,0,1,0
2026-08-10,consumer,11,9,0,1,0,0,1,0,10,6,0,5,0,0,0,0,1,0
2026-08-10,death,23,22,0,1,0,0,0,0,23,10,0,9,0,1,0,0,0,0
2026-08-10,education,29,27,1,1,0,0,0,0,29,13,0,12,0,1,0,0,0,0
2026-08-10,employment,82,80,0,0,1,0,1,0,80,41,1,41,0,0,0,0,0,0
2026-08-10,environment,7,7,0,0,0,0,0,0,7,4,0,4,0,0,0,0,0,0
2026-08-10,government-in-ireland,16,16,0,0,0,0,0,0,16,8,0,8,0,0,0,0,0,0
2026-08-10,health,31,30,0,1,0,0,0,0,31,21,0,20,0,1,0,0,0,0
2026-08-10,housing,102,92,2,5,1,0,2,0,99,45,0,38,0,5,0,0,2,0
2026-08-10,justice,12,12,0,0,0,0,0,0,12,4,0,4,0,0,0,0,0,0
2026-08-10,money-and-tax,36,32,1,3,0,0,0,0,36,10,0,8,0,2,0,0,0,0
2026-08-10,moving-country,43,37,1,4,0,0,1,0,42,26,0,21,0,4,0,0,1,0
2026-08-10,returning-to-ireland,43,40,0,2,0,1,0,0,42,20,0,18,0,1,0,1,0,0
2026-08-10,social-welfare,279,263,2,9,1,0,4,0,274,125,1,116,2,6,0,0,1,0
2026-08-10,travel-and-recreation,65,62,1,2,0,0,0,0,65,33,1,31,0,2,0,0,0,0
2026-08-10,unknown,25,0,11,5,6,2,1,0,16,19,0,0,10,4,3,2,0,0
2026-08-11,about,6,4,0,0,0,0,2,0,4,4,0,2,0,0,0,0,2,0
2026-08-11,birth-family-relationships,63,59,1,1,0,0,2,0,61,26,0,23,1,1,0,0,1,0
2026-08-11,consumer,20,18,1,1,0,0,0,0,20,10,0,9,0,1,0,0,0,0
2026-08-11,death,14,14,0,0,0,0,0,0,14,8,0,8,0,0,0,0,0,0
2026-08-11,education,18,18,0,0,0,0,0,0,18,12,0,12,0,0,0,0,0,0
2026-08-11,employment,64,63,0,0,1,0,0,0,63,28,0,28,0,0,0,0,0,0
2026-08-11,environment,4,4,0,0,0,0,0,0,4,4,0,4,0,0,0,0,0,0
2026-08-11,government-in-ireland,15,10,1,3,0,0,0,1,15,7,0,3,0,3,0,0,0,1
2026-08-11,health,28,25,0,3,0,0,0,0,28,15,0,13,0,2,0,0,0,0
2026-08-11,housing,81,75,1,0,1,1,3,0,76,33,0,33,0,0,0,0,0,0
2026-08-11,justice,17,15,0,1,0,1,0,0,16,9,0,8,0,0,0,1,0,0
2026-08-11,money-and-tax,28,26,0,2,0,0,0,0,28,11,0,10,0,1,0,0,0,0
2026-08-11,moving-country,40,33,2,1,0,3,0,1,37,22,0,18,1,1,0,1,0,1
2026-08-11,returning-to-ireland,30,27,0,3,0,0,0,0,30,16,0,13,0,3,0,0,0,0
2026-08-11,social-welfare,229,218,4,6,1,0,0,0,228,133,0,127,2,4,0,0,0,0
2026-08-11,travel-and-recreation,52,50,0,2,0,0,0,0,52,30,0,28,0,2,0,0,0,0
2026-08-11,unknown,32,0,11,10,6,4,1,0,21,29,0,0,10,9,5,4,1,0
2026-08-12,about,6,5,0,0,0,0,1,0,5,4,0,3,0,0,0,0,1,0
2026-08-12,birth-family-relationships,26,24,0,2,0,0,0,0,26,15,0,14,0,1,0,0,0,0
2026-08-12,consumer,15,13,0,0,0,0,2,0,13,11,0,10,0,0,0,0,1,0
2026-08-12,death,11,11,0,0,0,0,0,0,11,8,0,8,0,0,0,0,0,0
2026-08-12,education,18,18,0,0,0,0,0,0,18,8,0,8,0,0,0,0,0,0
2026-08-12,employment,77,73,1,2,1,0,0,0,76,31,0,29,0,2,0,0,0,0
2026-08-12,environment,7,6,0,1,0,0,0,0,7,4,0,3,0,1,0,0,0,0
2026-08-12,government-in-ireland,12,11,1,0,0,0,0,0,12,8,0,8,0,0,0,0,0,0
2026-08-12,health,32,32,0,0,0,0,0,0,32,11,0,11,0,0,0,0,0,0
2026-08-12,housing,60,54,0,3,1,1,1,0,57,30,0,26,0,2,0,1,1,0
2026-08-12,justice,11,10,0,1,0,0,0,0,11,4,0,3,0,1,0,0,0,0
2026-08-12,money-and-tax,24,23,0,0,0,0,1,0,23,10,0,10,0,0,0,0,0,0
2026-08-12,moving-country,53,45,3,3,2,0,0,0,51,26,0,25,0,1,0,0,0,0
2026-08-12,returning-to-ireland,20,20,0,0,0,0,0,0,20,9,0,9,0,0,0,0,0,0
2026-08-12,social-welfare,233,217,5,5,2,1,2,1,228,102,0,97,2,1,0,0,2,0
2026-08-12,travel-and-recreation,44,35,2,4,1,1,0,1,42,20,0,17,0,1,0,1,0,1
2026-08-12,unknown,22,0,15,5,1,0,1,0,20,19,0,0,14,4,0,0,1,0
2026-08-13,about,10,8,0,0,0,0,2,0,8,5,0,3,0,0,0,0,2,0
2026-08-13,birth-family-relationships,36,33,0,1,0,2,0,0,34,21,0,19,0,1,0,1,0,0
2026-08-13,consumer,11,9,0,2,0,0,0,0,11,6,0,5,0,1,0,0,0,0
2026-08-13,death,11,11,0,0,0,0,0,0,11,6,0,6,0,0,0,0,0,0
2026-08-13,education,28,27,0,1,0,0,0,0,28,15,0,14,0,1,0,0,0,0
2026-08-13,employment,51,51,0,0,0,0,0,0,51,32,0,32,0,0,0,0,0,0
2026-08-13,environment,9,8,0,1,0,0,0,0,9,6,0,5,0,1,0,0,0,0
2026-08-13,government-in-ireland,6,6,0,0,0,0,0,0,6,5,0,5,0,0,0,0,0,0
2026-08-13,health,20,17,0,3,0,0,0,0,20,9,0,6,0,3,0,0,0,0
2026-08-13,housing,60,58,0,1,1,0,0,0,59,30,0,30,0,0,0,0,0,0
2026-08-13,justice,10,10,0,0,0,0,0,0,10,5,0,5,0,0,0,0,0,0
2026-08-13,money-and-tax,15,15,0,0,0,0,0,0,15,9,0,9,0,0,0,0,0,0
2026-08-13,moving-country,60,54,1,2,0,0,3,0,57,23,0,20,0,0,0,0,3,0
2026-08-13,my-situation,1,1,0,0,0,0,0,0,1,0,0,0,0,0,0,0,0,0
2026-08-13,returning-to-ireland,34,29,1,1,0,2,1,0,31,17,0,15,0,0,0,1,1,0
2026-08-13,social-welfare,205,191,6,5,3,0,0,0,202,107,0,97,6,4,0,0,0,0
2026-08-13,travel-and-recreation,59,55,1,3,0,0,0,0,59,35,0,31,1,3,0,0,0,0
2026-08-13,unknown,35,0,12,10,3,4,6,0,22,30,0,0,10,8,3,4,5,0
2026-08-14,about,5,5,0,0,0,0,0,0,5,3,0,3,0,0,0,0,0,0
2026-08-14,birth-family-relationships,34,29,0,2,3,0,0,0,31,14,0,12,0,2,0,0,0,0
2026-08-14,consumer,10,10,0,0,0,0,0,0,10,10,0,10,0,0,0,0,0,0
2026-08-14,death,9,9,0,0,0,0,0,0,9,5,0,5,0,0,0,0,0,0
2026-08-14,education,28,25,0,2,0,0,1,0,27,12,0,11,0,1,0,0,0,0
2026-08-14,employment,76,71,0,4,0,1,0,0,75,34,0,31,0,3,0,0,0,0
2026-08-14,environment,5,4,0,0,0,1,0,0,4,3,0,2,0,0,0,1,0,0
2026-08-14,government-in-ireland,10,10,0,0,0,0,0,0,10,5,0,5,0,0,0,0,0,0
2026-08-14,health,18,18,0,0,0,0,0,0,18,13,0,13,0,0,0,0,0,0
2026-08-14,housing,74,68,0,5,0,0,1,0,73,26,0,23,0,2,0,0,1,0
2026-08-14,justice,25,22,0,2,0,1,0,0,24,11,1,9,0,1,0,1,0,0
2026-08-14,money-and-tax,25,24,0,1,0,0,0,0,25,12,0,11,0,1,0,0,0,0
2026-08-14,moving-country,39,36,1,1,0,0,0,1,39,13,0,13,0,0,0,0,0,0
2026-08-14,returning-to-ireland,21,20,1,0,0,0,0,0,21,16,0,16,0,0,0,0,0,0
2026-08-14,social-welfare,167,156,1,8,0,0,2,0,165,73,0,68,0,4,0,0,1,0
2026-08-14,travel-and-recreation,41,40,0,1,0,0,0,0,41,18,0,17,0,1,0,0,0,0
2026-08-14,unknown,33,0,14,10,4,5,0,0,24,29,0,0,13,9,3,4,0,0
2026-08-15,about,2,2,0,0,0,0,0,0,2,1,0,1,0,0,0,0,0,0
2026-08-15,birth-family-relationships,19,15,0,1,0,1,2,0,16,8,0,7,0,0,0,0,1,0
2026-08-15,consumer,3,3,0,0,0,0,0,0,3,3,0,3,0,0,0,0,0,0
2026-08-15,death,14,14,0,0,0,0,0,0,14,7,0,7,0,0,0,0,0,0
2026-08-15,education,12,12,0,0,0,0,0,0,12,3,0,3,0,0,0,0,0,0
2026-08-15,employment,44,42,2,0,0,0,0,0,44,9,0,8,1,0,0,0,0,0
2026-08-15,environment,1,1,0,0,0,0,0,0,1,1,0,1,0,0,0,0,0,0
2026-08-15,government-in-ireland,2,2,0,0,0,0,0,0,2,2,0,2,0,0,0,0,0,0
2026-08-15,health,10,9,0,1,0,0,0,0,10,7,0,7,0,0,0,0,0,0
2026-08-15,housing,32,30,1,0,1,0,0,0,31,13,0,13,0,0,0,0,0,0
2026-08-15,justice,5,5,0,0,0,0,0,0,5,3,0,3,0,0,0,0,0,0
2026-08-15,money-and-tax,11,10,1,0,0,0,0,0,11,3,0,3,0,0,0,0,0,0
2026-08-15,moving-country,21,19,0,1,0,0,1,0,20,11,0,10,0,0,0,0,1,0
2026-08-15,returning-to-ireland,8,8,0,0,0,0,0,0,8,2,0,2,0,0,0,0,0,0
2026-08-15,social-welfare,95,92,0,2,0,0,1,0,94,35,0,33,0,1,0,0,1,0
2026-08-15,travel-and-recreation,21,21,0,0,0,0,0,0,21,13,0,13,0,0,0,0,0,0
2026-08-15,unknown,20,0,10,6,3,1,0,0,16,16,0,0,9,4,2,1,0,0
2026-08-16,about,4,2,0,2,0,0,0,0,4,2,0,1,0,1,0,0,0,0
2026-08-16,birth-family-relationships,21,19,1,1,0,0,0,0,21,10,0,9,0,1,0,0,0,0
2026-08-16,consumer,1,1,0,0,0,0,0,0,1,1,0,1,0,0,0,0,0,0
2026-08-16,education,11,8,1,0,2,0,0,0,9,3,0,3,0,0,0,0,0,0
2026-08-16,employment,37,35,0,2,0,0,0,0,37,16,0,15,0,1,0,0,0,0
2026-08-16,environment,6,6,0,0,0,0,0,0,6,3,0,3,0,0,0,0,0,0
2026-08-16,government-in-ireland,6,6,0,0,0,0,0,0,6,4,0,4,0,0,0,0,0,0
2026-08-16,health,13,12,0,0,0,1,0,0,12,9,0,8,0,0,0,1,0,0
2026-08-16,housing,52,46,1,5,0,0,0,0,52,19,0,16,0,3,0,0,0,0
2026-08-16,justice,12,12,0,0,0,0,0,0,12,3,0,3,0,0,0,0,0,0
2026-08-16,money-and-tax,9,8,0,1,0,0,0,0,9,5,0,4,0,1,0,0,0,0
2026-08-16,moving-country,22,21,0,0,0,0,1,0,21,11,0,11,0,0,0,0,0,0
2026-08-16,returning-to-ireland,10,10,0,0,0,0,0,0,10,2,0,2,0,0,0,0,0,0
2026-08-16,social-welfare,111,102,1,5,1,1,1,0,108,51,0,45,1,3,0,1,1,0
2026-08-16,travel-and-recreation,26,25,0,0,1,0,0,0,25,11,0,11,0,0,0,0,0,0
2026-08-16,unknown,17,0,7,4,4,2,0,0,11,13,0,0,5,4,2,2,0,0
2026-08-17,about,13,8,2,0,0,1,1,1,11,7,0,5,1,0,0,0,0,1
2026-08-17,birth-family-relationships,50,48,0,2,0,0,0,0,50,31,0,30,0,1,0,0,0,0
2026-08-17,consumer,14,10,0,3,0,0,1,0,13,7,0,5,0,2,0,0,0,0
2026-08-17,death,8,8,0,0,0,0,0,0,8,2,0,2,0,0,0,0,0,0
2026-08-17,education,43,42,0,0,1,0,0,0,42,23,0,23,0,0,0,0,0,0
2026-08-17,employment,53,50,0,3,0,0,0,0,53,27,0,25,0,2,0,0,0,0
2026-08-17,environment,5,5,0,0,0,0,0,0,5,3,0,3,0,0,0,0,0,0
2026-08-17,government-in-ireland,5,5,0,0,0,0,0,0,5,3,0,3,0,0,0,0,0,0
2026-08-17,health,44,38,1,3,0,0,2,0,42,25,0,21,0,2,0,0,2,0
2026-08-17,housing,74,68,1,4,1,0,0,0,73,35,0,32,1,2,0,0,0,0
2026-08-17,justice,6,6,0,0,0,0,0,0,6,5,0,5,0,0,0,0,0,0
2026-08-17,money-and-tax,37,36,1,0,0,0,0,0,37,20,0,19,1,0,0,0,0,0
2026-08-17,moving-country,49,45,1,1,0,1,1,0,47,25,1,23,0,1,0,0,1,0
2026-08-17,returning-to-ireland,25,23,0,1,1,0,0,0,24,12,0,11,0,1,0,0,0,0
2026-08-17,social-welfare,233,216,2,9,1,1,4,0,227,100,1,93,2,4,0,0,1,0
2026-08-17,travel-and-recreation,52,51,0,1,0,0,0,0,52,27,0,26,0,1,0,0,0,0
2026-08-17,unknown,37,0,16,10,6,2,1,2,28,32,0,0,14,9,5,1,1,2
2026-08-18,about,13,9,1,1,0,0,2,0,11,7,0,4,1,1,0,0,1,0
2026-08-18,birth-family-relationships,42,37,0,1,2,1,1,0,38,25,0,24,0,1,0,0,0,0
2026-08-18,consumer,13,13,0,0,0,0,0,0,13,10,0,10,0,0,0,0,0,0
2026-08-18,death,12,11,0,0,1,0,0,0,11,8,0,8,0,0,0,0,0,0
2026-08-18,education,29,28,0,1,0,0,0,0,29,17,0,17,0,0,0,0,0,0
2026-08-18,employment,56,56,0,0,0,0,0,0,56,32,0,32,0,0,0,0,0,0
2026-08-18,environment,13,12,0,0,1,0,0,0,12,5,0,5,0,0,0,0,0,0
2026-08-18,government-in-ireland,8,6,0,0,0,2,0,0,6,4,0,3,0,0,0,1,0,0
2026-08-18,health,34,33,0,0,0,0,1,0,33,19,0,19,0,0,0,0,0,0
2026-08-18,housing,84,77,2,4,0,0,1,0,83,44,0,40,0,3,0,0,1,0
2026-08-18,justice,8,7,0,0,0,0,1,0,7,5,0,4,0,0,0,0,1,0
2026-08-18,money-and-tax,34,33,0,0,0,0,1,0,33,14,0,13,0,0,0,0,1,0
2026-08-18,moving-country,48,42,1,5,0,0,0,0,48,24,0,22,0,2,0,0,0,0
2026-08-18,returning-to-ireland,26,24,1,0,0,1,0,0,25,10,0,10,0,0,0,0,0,0
2026-08-18,social-welfare,250,239,2,7,2,0,0,0,248,137,0,132,1,4,0,0,0,0
2026-08-18,travel-and-recreation,66,60,1,4,0,1,0,0,65,35,1,31,1,3,0,0,0,0
2026-08-18,unknown,28,0,14,8,3,1,2,0,22,23,0,0,12,7,2,1,1,0
2026-08-19,about,4,4,0,0,0,0,0,0,4,3,0,3,0,0,0,0,0,0
2026-08-19,birth-family-relationships,39,35,1,1,0,0,2,0,37,21,0,18,1,1,0,0,1,0
2026-08-19,consumer,30,26,2,1,0,0,1,0,29,16,0,14,1,1,0,0,0,0
2026-08-19,death,16,13,0,1,0,0,2,0,14,8,0,6,0,1,0,0,1,0
2026-08-19,education,41,40,0,1,0,0,0,0,41,17,0,17,0,0,0,0,0,0
2026-08-19,employment,61,52,1,4,1,1,2,0,57,34,0,29,1,1,0,1,2,0
2026-08-19,environment,6,5,1,0,0,0,0,0,6,5,0,4,1,0,0,0,0,0
2026-08-19,government-in-ireland,7,7,0,0,0,0,0,0,7,3,0,3,0,0,0,0,0,0
2026-08-19,health,34,34,0,0,0,0,0,0,34,15,0,15,0,0,0,0,0,0
2026-08-19,housing,84,75,0,7,1,0,1,0,82,34,0,32,0,2,0,0,0,0
2026-08-19,justice,3,3,0,0,0,0,0,0,3,2,0,2,0,0,0,0,0,0
2026-08-19,money-and-tax,29,26,1,2,0,0,0,0,29,12,0,10,0,2,0,0,0,0
2026-08-19,moving-country,35,34,0,1,0,0,0,0,35,19,0,18,0,1,0,0,0,0
2026-08-19,returning-to-ireland,41,37,1,2,0,0,1,0,40,21,0,20,0,0,0,0,1,0
2026-08-19,social-welfare,225,215,1,6,2,1,0,0,222,124,0,119,1,4,0,0,0,0
2026-08-19,travel-and-recreation,50,44,2,1,0,1,2,0,47,22,0,19,0,1,0,1,1,0
2026-08-19,unknown,24,0,16,2,3,2,1,0,18,21,0,0,15,2,1,2,1,0
2026-08-20,about,3,3,0,0,0,0,0,0,3,2,0,2,0,0,0,0,0,0
2026-08-20,birth-family-relationships,27,25,0,2,0,0,0,0,27,16,0,15,0,1,0,0,0,0
2026-08-20,consumer,15,13,0,2,0,0,0,0,15,7,0,6,0,1,0,0,0,0
2026-08-20,death,9,8,1,0,0,0,0,0,9,4,0,4,0,0,0,0,0,0
2026-08-20,education,33,28,1,2,2,0,0,0,31,15,0,14,0,1,0,0,0,0
2026-08-20,employment,72,58,1,5,1,5,2,0,64,27,0,23,0,1,0,2,1,0
2026-08-20,environment,1,1,0,0,0,0,0,0,1,1,0,1,0,0,0,0,0,0
2026-08-20,government-in-ireland,4,4,0,0,0,0,0,0,4,2,0,2,0,0,0,0,0,0
2026-08-20,health,31,29,0,0,1,1,0,0,29,18,0,17,0,0,0,1,0,0
2026-08-20,housing,63,60,1,1,0,0,1,0,62,31,1,29,0,1,0,0,1,0
2026-08-20,justice,20,13,1,4,0,1,1,0,18,4,2,3,1,0,0,0,0,0
2026-08-20,money-and-tax,36,34,0,1,0,0,1,0,35,13,0,12,0,1,0,0,0,0
2026-08-20,moving-country,51,43,3,1,0,0,3,1,48,17,0,14,1,1,0,0,1,0
2026-08-20,my-situation,1,1,0,0,0,0,0,0,1,1,0,1,0,0,0,0,0,0
2026-08-20,returning-to-ireland,31,29,0,1,0,1,0,0,30,13,0,12,0,1,0,0,0,0
2026-08-20,social-welfare,213,205,1,3,0,2,2,0,209,104,0,100,1,3,0,0,0,0
2026-08-20,travel-and-recreation,42,39,0,0,1,0,2,0,39,19,0,17,0,0,0,0,2,0
2026-08-20,unknown,41,0,18,13,2,6,2,0,31,25,0,0,11,8,2,3,1,0
2026-08-21,about,3,3,0,0,0,0,0,0,3,3,0,3,0,0,0,0,0,0
2026-08-21,birth-family-relationships,40,28,1,9,2,0,0,0,38,14,0,12,0,2,0,0,0,0
2026-08-21,consumer,10,9,0,1,0,0,0,0,10,5,0,5,0,0,0,0,0,0
2026-08-21,death,3,3,0,0,0,0,0,0,3,1,0,1,0,0,0,0,0,0
2026-08-21,education,33,31,0,1,0,0,1,0,32,19,0,17,0,1,0,0,1,0
2026-08-21,employment,40,33,2,2,1,0,2,0,37,23,0,18,2,2,0,0,1,0
2026-08-21,environment,6,4,0,2,0,0,0,0,6,4,0,3,0,1,0,0,0,0
2026-08-21,government-in-ireland,8,8,0,0,0,0,0,0,8,3,0,3,0,0,0,0,0,0
2026-08-21,health,23,22,0,1,0,0,0,0,23,14,0,13,0,1,0,0,0,0
2026-08-21,housing,53,48,0,3,0,1,1,0,51,22,0,19,0,3,0,0,0,0
2026-08-21,justice,15,11,0,1,1,1,1,0,12,6,0,4,0,1,0,0,1,0
2026-08-21,money-and-tax,30,29,0,1,0,0,0,0,30,13,0,13,0,0,0,0,0,0
2026-08-21,moving-country,36,32,1,1,0,0,2,0,34,19,0,17,0,1,0,0,1,0
2026-08-21,returning-to-ireland,20,19,0,0,0,0,1,0,19,7,0,6,0,0,0,0,1,0
2026-08-21,social-welfare,163,155,2,4,0,0,2,0,161,84,1,80,1,1,0,0,2,0
2026-08-21,travel-and-recreation,22,19,1,2,0,0,0,0,22,14,0,13,0,1,0,0,0,0
2026-08-21,unknown,35,0,13,10,4,4,4,0,23,29,0,0,11,9,2,4,3,0
2026-08-22,about,4,2,0,2,0,0,0,0,4,2,0,1,0,1,0,0,0,0
2026-08-22,birth-family-relationships,12,12,0,0,0,0,0,0,12,4,0,4,0,0,0,0,0,0
2026-08-22,consumer,9,8,0,1,0,0,0,0,9,6,0,5,0,1,0,0,0,0
2026-08-22,death,3,3,0,0,0,0,0,0,3,3,0,3,0,0,0,0,0,0
2026-08-22,education,25,21,1,1,2,0,0,0,23,9,0,8,0,1,0,0,0,0
2026-08-22,employment,15,15,0,0,0,0,0,0,15,10,0,10,0,0,0,0,0,0
2026-08-22,environment,1,1,0,0,0,0,0,0,1,1,0,1,0,0,0,0,0,0
2026-08-22,government-in-ireland,3,3,0,0,0,0,0,0,3,1,0,1,0,0,0,0,0,0
2026-08-22,health,10,10,0,0,0,0,0,0,10,4,0,4,0,0,0,0,0,0
2026-08-22,housing,29,29,0,0,0,0,0,0,29,15,0,15,0,0,0,0,0,0
2026-08-22,justice,8,7,1,0,0,0,0,0,8,4,0,4,0,0,0,0,0,0
2026-08-22,money-and-tax,17,15,1,1,0,0,0,0,17,8,0,7,0,1,0,0,0,0
2026-08-22,moving-country,21,18,1,1,0,0,1,0,20,9,0,8,0,1,0,0,0,0
2026-08-22,returning-to-ireland,13,12,0,1,0,0,0,0,13,10,0,9,0,1,0,0,0,0
2026-08-22,social-welfare,76,74,0,2,0,0,0,0,76,35,0,34,0,1,0,0,0,0
2026-08-22,travel-and-recreation,18,15,0,2,0,0,1,0,17,9,0,6,0,2,0,0,1,0
2026-08-22,unknown,18,0,10,3,2,3,0,0,13,18,0,0,10,3,2,3,0,0
2026-08-23,about,3,2,0,0,0,1,0,0,2,2,0,2,0,0,0,0,0,0
2026-08-23,birth-family-relationships,13,13,0,0,0,0,0,0,13,7,0,7,0,0,0,0,0,0
2026-08-23,consumer,8,7,0,1,0,0,0,0,8,4,0,4,0,0,0,0,0,0
2026-08-23,death,4,4,0,0,0,0,0,0,4,3,0,3,0,0,0,0,0,0
2026-08-23,education,18,15,0,3,0,0,0,0,18,11,0,9,0,2,0,0,0,0
2026-08-23,employment,20,19,1,0,0,0,0,0,20,13,0,13,0,0,0,0,0,0
2026-08-23,environment,5,5,0,0,0,0,0,0,5,1,0,1,0,0,0,0,0,0
2026-08-23,government-in-ireland,13,8,2,1,0,2,0,0,11,5,0,4,0,1,0,0,0,0
2026-08-23,health,11,11,0,0,0,0,0,0,11,7,0,7,0,0,0,0,0,0
2026-08-23,housing,51,45,0,2,0,3,1,0,47,21,1,19,0,2,0,0,0,0
2026-08-23,justice,6,4,0,1,1,0,0,0,5,1,0,1,0,0,0,0,0,0
2026-08-23,money-and-tax,21,18,0,0,1,0,2,0,18,7,0,6,0,0,0,0,1,0
2026-08-23,moving-country,31,28,0,1,1,0,1,0,29,15,0,13,0,1,0,0,1,0
2026-08-23,returning-to-ireland,19,18,0,1,0,0,0,0,19,10,0,10,0,0,0,0,0,0
2026-08-23,social-welfare,111,109,0,2,0,0,0,0,111,50,0,49,0,1,0,0,0,0
2026-08-23,travel-and-recreation,21,18,0,3,0,0,0,0,21,9,0,6,0,3,0,0,0,0
2026-08-23,unknown,9,0,2,5,0,1,1,0,7,9,0,0,2,5,0,1,1,0
2026-08-24,about,2,2,0,0,0,0,0,0,2,2,0,2,0,0,0,0,0,0
2026-08-24,birth-family-relationships,37,36,0,0,0,0,1,0,36,21,0,20,0,0,0,0,1,0
2026-08-24,consumer,14,14,0,0,0,0,0,0,14,6,0,6,0,0,0,0,0,0
2026-08-24,death,5,5,0,0,0,0,0,0,5,1,0,1,0,0,0,0,0,0
2026-08-24,education,46,43,0,1,0,0,2,0,44,28,0,26,0,1,0,0,1,0
2026-08-24,employment,107,102,1,4,0,0,0,0,107,32,1,31,0,1,0,0,0,0
2026-08-24,environment,12,12,0,0,0,0,0,0,12,8,0,8,0,0,0,0,0,0
2026-08-24,government-in-ireland,12,12,0,0,0,0,0,0,12,6,0,6,0,0,0,0,0,0
2026-08-24,health,41,37,2,2,0,0,0,0,41,25,0,24,0,1,0,0,0,0
2026-08-24,housing,88,86,0,2,0,0,0,0,88,49,0,48,0,1,0,0,0,0
2026-08-24,justice,10,10,0,0,0,0,0,0,10,5,0,5,0,0,0,0,0,0
2026-08-24,money-and-tax,40,39,0,1,0,0,0,0,40,19,0,19,0,0,0,0,0,0
2026-08-24,moving-country,36,35,0,1,0,0,0,0,36,20,0,19,0,1,0,0,0,0
2026-08-24,returning-to-ireland,41,37,3,0,0,0,0,1,41,22,0,21,0,0,0,0,0,1
2026-08-24,social-welfare,194,187,2,4,0,1,0,0,193,96,0,92,0,3,0,1,0,0
2026-08-24,travel-and-recreation,35,32,0,2,1,0,0,0,34,20,0,19,0,1,0,0,0,0
2026-08-24,unknown,22,0,8,9,0,5,0,0,17,22,0,0,8,9,0,5,0,0
2026-08-25,about,8,8,0,0,0,0,0,0,8,3,0,3,0,0,0,0,0,0
2026-08-25,birth-family-relationships,30,29,1,0,0,0,0,0,30,16,0,16,0,0,0,0,0,0
2026-08-25,consumer,9,9,0,0,0,0,0,0,9,5,0,5,0,0,0,0,0,0
2026-08-25,death,6,6,0,0,0,0,0,0,6,4,0,4,0,0,0,0,0,0
2026-08-25,education,48,41,2,4,0,0,1,0,47,21,0,18,0,2,0,0,1,0
2026-08-25,employment,69,66,0,2,0,1,0,0,68,33,0,30,0,2,0,1,0,0
2026-08-25,environment,9,7,1,1,0,0,0,0,9,2,0,2,0,0,0,0,0,0
2026-08-25,government-in-ireland,5,5,0,0,0,0,0,0,5,5,0,5,0,0,0,0,0,0
2026-08-25,health,27,27,0,0,0,0,0,0,27,20,0,20,0,0,0,0,0,0
2026-08-25,housing,80,72,3,2,3,0,0,0,77,42,0,40,0,2,0,0,0,0
2026-08-25,justice,19,17,1,0,1,0,0,0,18,9,0,9,0,0,0,0,0,0
2026-08-25,money-and-tax,25,24,0,1,0,0,0,0,25,11,0,11,0,0,0,0,0,0
2026-08-25,moving-country,35,33,0,0,0,0,2,0,33,20,0,18,0,0,0,0,2,0
2026-08-25,returning-to-ireland,24,21,0,0,1,0,2,0,21,16,0,14,0,0,0,0,2,0
2026-08-25,social-welfare,252,231,1,14,2,0,4,0,246,118,1,108,0,8,0,0,2,0
2026-08-25,travel-and-recreation,47,47,0,0,0,0,0,0,47,29,0,29,0,0,0,0,0,0
2026-08-25,unknown,40,0,22,9,5,3,1,0,31,31,0,0,18,6,3,3,1,0
2026-08-26,about,4,4,0,0,0,0,0,0,4,1,0,1,0,0,0,0,0,0
2026-08-26,birth-family-relationships,32,30,0,2,0,0,0,0,32,11,0,9,0,2,0,0,0,0
2026-08-26,consumer,16,14,0,1,1,0,0,0,15,9,0,8,0,1,0,0,0,0
2026-08-26,death,14,13,1,0,0,0,0,0,14,7,0,7,0,0,0,0,0,0
2026-08-26,education,47,45,0,1,0,0,1,0,46,22,0,20,0,1,0,0,1,0
2026-08-26,employment,70,66,0,3,0,0,1,0,69,39,1,36,0,2,0,0,1,0
2026-08-26,environment,4,4,0,0,0,0,0,0,4,3,0,3,0,0,0,0,0,0
2026-08-26,government-in-ireland,8,7,0,1,0,0,0,0,8,3,0,2,0,1,0,0,0,0
2026-08-26,health,49,49,0,0,0,0,0,0,49,13,0,13,0,0,0,0,0,0
2026-08-26,housing,86,77,0,7,1,0,1,0,84,40,0,35,0,5,0,0,0,0
2026-08-26,justice,3,3,0,0,0,0,0,0,3,2,0,2,0,0,0,0,0,0
2026-08-26,money-and-tax,36,35,0,1,0,0,0,0,36,19,1,18,0,1,0,0,0,0
2026-08-26,moving-country,35,33,0,1,0,0,0,1,35,16,0,15,0,1,0,0,0,0
2026-08-26,my-situation,1,1,0,0,0,0,0,0,1,1,0,1,0,0,0,0,0,0
2026-08-26,returning-to-ireland,39,37,1,0,0,1,0,0,38,21,0,21,0,0,0,0,0,0
2026-08-26,social-welfare,288,270,1,11,3,1,2,0,282,119,1,114,0,4,0,0,1,0
2026-08-26,travel-and-recreation,45,40,0,4,0,0,1,0,44,26,0,21,0,4,0,0,1,0
2026-08-26,unknown,29,0,12,10,3,1,3,0,22,27,0,0,12,9,2,1,3,0
2026-08-27,about,12,6,2,1,0,1,2,0,9,3,0,2,1,0,0,0,0,0
2026-08-27,birth-family-relationships,44,41,1,2,0,0,0,0,44,20,0,19,0,1,0,0,0,0
2026-08-27,consumer,16,13,0,2,0,1,0,0,15,9,0,7,0,2,0,0,0,0
2026-08-27,death,10,9,0,1,0,0,0,0,10,5,0,4,0,1,0,0,0,0
2026-08-27,education,38,32,0,4,1,0,1,0,36,19,0,14,0,4,0,0,1,0
2026-08-27,employment,92,81,2,3,1,3,2,0,86,48,0,41,1,3,0,1,2,0
2026-08-27,environment,1,1,0,0,0,0,0,0,1,1,0,1,0,0,0,0,0,0
2026-08-27,government-in-ireland,9,8,0,0,0,1,0,0,8,4,0,3,0,0,0,1,0,0
2026-08-27,health,32,30,1,0,1,0,0,0,31,17,0,16,1,0,0,0,0,0
2026-08-27,housing,87,85,1,1,0,0,0,0,87,38,1,37,0,1,0,0,0,0
2026-08-27,justice,5,5,0,0,0,0,0,0,5,5,0,5,0,0,0,0,0,0
2026-08-27,money-and-tax,33,32,0,1,0,0,0,0,33,14,1,13,0,1,0,0,0,0
2026-08-27,moving-country,46,43,0,1,1,0,0,1,45,21,0,20,0,1,0,0,0,0
2026-08-27,my-situation,1,1,0,0,0,0,0,0,1,1,0,1,0,0,0,0,0,0
2026-08-27,returning-to-ireland,47,45,0,2,0,0,0,0,47,25,0,25,0,0,0,0,0,0
2026-08-27,social-welfare,238,230,2,6,0,0,0,0,238,114,0,107,1,6,0,0,0,0
2026-08-27,travel-and-recreation,47,46,0,1,0,0,0,0,47,21,0,21,0,0,0,0,0,0
2026-08-27,unknown,36,0,12,8,9,7,0,0,20,21,0,0,9,5,6,1,0,0
2026-08-28,about,2,2,0,0,0,0,0,0,2,2,0,2,0,0,0,0,0,0
2026-08-28,birth-family-relationships,30,26,0,2,0,2,0,0,28,12,0,10,0,1,0,1,0,0
2026-08-28,consumer,22,22,0,0,0,0,0,0,22,11,1,11,0,0,0,0,0,0
2026-08-28,death,18,17,0,0,1,0,0,0,17,7,0,7,0,0,0,0,0,0
2026-08-28,education,30,28,0,1,0,0,1,0,29,11,0,9,0,1,0,0,1,0
2026-08-28,employment,45,41,0,4,0,0,0,0,45,30,0,28,0,2,0,0,0,0
2026-08-28,government-in-ireland,7,6,0,0,0,1,0,0,6,4,0,3,0,0,0,1,0,0
2026-08-28,health,20,20,0,0,0,0,0,0,20,13,0,13,0,0,0,0,0,0
2026-08-28,housing,51,44,2,3,2,0,0,0,49,21,0,18,0,3,0,0,0,0
2026-08-28,justice,13,13,0,0,0,0,0,0,13,7,0,7,0,0,0,0,0,0
2026-08-28,money-and-tax,25,23,0,1,1,0,0,0,24,11,0,10,0,1,0,0,0,0
2026-08-28,moving-country,22,20,1,0,0,0,1,0,21,7,0,7,0,0,0,0,0,0
2026-08-28,returning-to-ireland,21,21,0,0,0,0,0,0,21,12,1,12,0,0,0,0,0,0
2026-08-28,social-welfare,175,166,4,2,1,0,2,0,172,95,0,90,2,2,0,0,1,0
2026-08-28,travel-and-recreation,47,43,1,1,1,1,0,0,45,21,0,20,0,1,0,0,0,0
2026-08-28,unknown,29,0,8,8,6,3,4,0,16,25,0,0,8,8,4,1,4,0
2026-08-29,birth-family-relationships,13,12,0,1,0,0,0,0,13,9,0,8,0,1,0,0,0,0
2026-08-29,consumer,5,5,0,0,0,0,0,0,5,2,0,2,0,0,0,0,0,0
2026-08-29,death,1,1,0,0,0,0,0,0,1,1,0,1,0,0,0,0,0,0
2026-08-29,education,29,26,0,2,0,0,1,0,28,14,0,11,0,2,0,0,1,0
2026-08-29,employment,32,30,0,2,0,0,0,0,32,11,0,11,0,0,0,0,0,0
2026-08-29,environment,4,4,0,0,0,0,0,0,4,2,0,2,0,0,0,0,0,0
2026-08-29,government-in-ireland,5,4,0,1,0,0,0,0,5,1,0,1,0,0,0,0,0,0
2026-08-29,health,22,20,0,2,0,0,0,0,22,13,0,11,0,2,0,0,0,0
2026-08-29,housing,28,27,0,1,0,0,0,0,28,14,0,13,0,1,0,0,0,0
2026-08-29,justice,5,5,0,0,0,0,0,0,5,1,0,1,0,0,0,0,0,0
2026-08-29,money-and-tax,20,19,0,0,1,0,0,0,19,6,0,6,0,0,0,0,0,0
2026-08-29,moving-country,53,44,1,4,2,0,2,0,49,19,0,17,0,0,0,0,2,0
2026-08-29,returning-to-ireland,16,15,0,1,0,0,0,0,16,9,0,9,0,0,0,0,0,0
2026-08-29,social-welfare,124,111,2,7,2,0,2,0,120,57,0,52,0,4,0,0,1,0
2026-08-29,travel-and-recreation,35,33,0,1,0,1,0,0,34,17,0,16,0,1,0,0,0,0
2026-08-29,unknown,22,0,9,8,3,0,2,0,17,15,0,0,6,6,2,0,1,0
2026-08-30,about,2,2,0,0,0,0,0,0,2,2,0,2,0,0,0,0,0,0
2026-08-30,birth-family-relationships,27,25,2,0,0,0,0,0,27,10,0,9,1,0,0,0,0,0
2026-08-30,consumer,2,2,0,0,0,0,0,0,2,1,0,1,0,0,0,0,0,0
2026-08-30,death,8,8,0,0,0,0,0,0,8,4,0,4,0,0,0,0,0,0
2026-08-30,education,7,7,0,0,0,0,0,0,7,6,0,6,0,0,0,0,0,0
2026-08-30,employment,27,26,0,1,0,0,0,0,27,11,0,10,0,1,0,0,0,0
2026-08-30,government-in-ireland,7,6,0,1,0,0,0,0,7,6,0,5,0,1,0,0,0,0
2026-08-30,health,28,26,1,1,0,0,0,0,28,14,0,13,0,1,0,0,0,0
2026-08-30,housing,49,46,0,1,0,1,1,0,47,24,0,21,0,1,0,1,1,0
2026-08-30,money-and-tax,37,34,1,1,0,0,1,0,36,13,0,12,0,0,0,0,1,0
2026-08-30,moving-country,41,38,1,1,0,1,0,0,40,15,0,14,0,1,0,0,0,0
2026-08-30,returning-to-ireland,13,12,0,0,0,0,1,0,12,7,0,6,0,0,0,0,1,0
2026-08-30,social-welfare,131,123,2,5,0,0,1,0,130,59,1,55,0,4,0,0,0,0
2026-08-30,travel-and-recreation,49,41,0,4,2,0,2,0,45,17,0,14,0,2,0,0,1,0
2026-08-30,unknown,21,0,3,8,3,5,1,1,12,15,0,0,3,6,1,3,1,1
2026-08-31,about,6,3,0,0,0,0,3,0,3,2,0,1,0,0,0,0,1,0
2026-08-31,birth-family-relationships,27,26,0,1,0,0,0,0,27,15,0,14,0,1,0,0,0,0
2026-08-31,consumer,15,15,0,0,0,0,0,0,15,11,0,11,0,0,0,0,0,0
2026-08-31,death,9,9,0,0,0,0,0,0,9,6,0,6,0,0,0,0,0,0
2026-08-31,education,60,58,1,0,0,0,1,0,59,27,0,26,0,0,0,0,1,0
2026-08-31,employment,47,46,1,0,0,0,0,0,47,28,0,28,0,0,0,0,0,0
2026-08-31,environment,3,3,0,0,0,0,0,0,3,2,0,2,0,0,0,0,0,0
2026-08-31,government-in-ireland,11,11,0,0,0,0,0,0,11,9,0,9,0,0,0,0,0,0
2026-08-31,health,48,46,0,1,0,1,0,0,47,25,0,25,0,0,0,0,0,0
2026-08-31,housing,63,59,0,1,0,0,3,0,60,25,0,23,0,0,0,0,2,0
2026-08-31,justice,9,8,0,0,0,0,1,0,8,6,0,5,0,0,0,0,1,0
2026-08-31,money-and-tax,29,29,0,0,0,0,0,0,29,15,0,15,0,0,0,0,0,0
2026-08-31,moving-country,36,33,2,0,1,0,0,0,35,15,0,15,0,0,0,0,0,0
2026-08-31,returning-to-ireland,35,32,0,2,0,0,1,0,34,18,0,16,0,1,0,0,1,0
2026-08-31,social-welfare,266,253,0,4,5,2,2,0,257,125,2,121,0,3,0,1,0,0
2026-08-31,travel-and-recreation,54,52,1,1,0,0,0,0,54,29,0,27,1,1,0,0,0,0
2026-08-31,unknown,31,0,14,9,1,6,1,0,23,28,0,0,14,8,0,5,1,0
2026-09-01,about,11,9,0,0,0,1,1,0,9,4,0,3,0,0,0,0,1,0
2026-09-01,birth-family-relationships,28,27,0,1,0,0,0,0,28,13,0,13,0,0,0,0,0,0
2026-09-01,consumer,18,16,1,1,0,0,0,0,18,11,0,11,0,0,0,0,0,0
2026-09-01,death,6,6,0,0,0,0,0,0,6,4,0,4,0,0,0,0,0,0
2026-09-01,education,52,41,2,6,1,0,1,1,50,29,0,25,1,2,0,0,1,0
2026-09-01,employment,60,56,1,1,2,0,0,0,58,27,0,26,0,1,0,0,0,0
2026-09-01,environment,4,4,0,0,0,0,0,0,4,2,0,2,0,0,0,0,0,0
2026-09-01,government-in-ireland,2,2,0,0,0,0,0,0,2,1,0,1,0,0,0,0,0,0
2026-09-01,health,31,29,1,1,0,0,0,0,31,17,0,16,0,1,0,0,0,0
2026-09-01,housing,92,83,3,4,0,0,2,0,90,41,0,35,2,3,0,0,1,0
2026-09-01,justice,8,6,0,0,0,0,2,0,6,3,0,2,0,0,0,0,1,0
2026-09-01,money-and-tax,24,22,0,2,0,0,0,0,24,10,0,9,0,1,0,0,0,0
2026-09-01,moving-country,60,54,0,4,1,0,1,0,58,25,0,24,0,0,0,0,1,0
2026-09-01,returning-to-ireland,23,22,1,0,0,0,0,0,23,14,0,14,0,0,0,0,0,0
2026-09-01,social-welfare,263,247,4,10,1,1,0,0,261,134,0,128,1,4,0,1,0,0
2026-09-01,travel-and-recreation,55,53,1,1,0,0,0,0,55,27,1,25,1,1,0,0,0,0
2026-09-01,unknown,24,0,14,3,4,3,0,0,17,21,0,0,13,3,3,2,0,0
2026-09-02,about,8,7,0,1,0,0,0,0,8,4,0,3,0,1,0,0,0,0
2026-09-02,birth-family-relationships,32,30,1,1,0,0,0,0,32,23,0,23,0,0,0,0,0,0
2026-09-02,consumer,28,26,0,2,0,0,0,0,28,14,0,12,0,2,0,0,0,0
2026-09-02,death,6,6,0,0,0,0,0,0,6,4,0,4,0,0,0,0,0,0
2026-09-02,education,50,45,0,2,1,0,2,0,47,22,0,18,0,2,0,0,2,0
2026-09-02,employment,67,63,0,3,0,1,0,0,66,36,0,33,0,2,0,1,0,0
2026-09-02,environment,3,3,0,0,0,0,0,0,3,3,0,3,0,0,0,0,0,0
2026-09-02,government-in-ireland,15,13,0,2,0,0,0,0,15,6,0,4,0,2,0,0,0,0
2026-09-02,health,20,19,1,0,0,0,0,0,20,8,0,8,0,0,0,0,0,0
2026-09-02,housing,113,102,1,8,0,1,1,0,111,49,0,44,0,4,0,0,1,0
2026-09-02,justice,7,6,0,0,1,0,0,0,6,4,0,4,0,0,0,0,0,0
2026-09-02,money-and-tax,31,31,0,0,0,0,0,0,31,15,0,15,0,0,0,0,0,0
2026-09-02,moving-country,62,52,0,6,1,2,1,0,58,22,2,17,0,3,0,2,0,0
2026-09-02,returning-to-ireland,38,34,2,2,0,0,0,0,38,17,0,15,1,1,0,0,0,0
2026-09-02,social-welfare,241,228,1,8,2,0,2,0,237,133,0,127,0,6,0,0,0,0
2026-09-02,travel-and-recreation,44,43,1,0,0,0,0,0,44,24,0,24,0,0,0,0,0,0
2026-09-02,unknown,42,0,18,12,10,2,0,0,30,35,0,0,16,10,7,2,0,0
2026-09-03,about,8,7,0,0,0,0,1,0,7,4,0,3,0,0,0,0,1,0
2026-09-03,birth-family-relationships,32,30,0,1,0,1,0,0,31,21,2,20,0,0,0,1,0,0
2026-09-03,consumer,24,22,0,1,0,0,1,0,23,14,0,12,0,1,0,0,1,0
2026-09-03,death,22,22,0,0,0,0,0,0,22,8,0,8,0,0,0,0,0,0
2026-09-03,education,23,20,0,1,1,1,0,0,21,13,0,12,0,1,0,0,0,0
2026-09-03,employment,58,56,0,0,2,0,0,0,56,27,0,27,0,0,0,0,0,0
2026-09-03,environment,8,8,0,0,0,0,0,0,8,5,0,5,0,0,0,0,0,0
2026-09-03,government-in-ireland,8,8,0,0,0,0,0,0,8,5,0,5,0,0,0,0,0,0
2026-09-03,health,18,18,0,0,0,0,0,0,18,8,0,8,0,0,0,0,0,0
2026-09-03,housing,82,78,1,3,0,0,0,0,82,38,0,37,0,1,0,0,0,0
2026-09-03,justice,7,7,0,0,0,0,0,0,7,4,0,4,0,0,0,0,0,0
2026-09-03,money-and-tax,34,34,0,0,0,0,0,0,34,12,0,12,0,0,0,0,0,0
2026-09-03,moving-country,40,38,1,0,1,0,0,0,39,25,0,24,1,0,0,0,0,0
2026-09-03,returning-to-ireland,32,31,0,0,0,1,0,0,31,12,0,12,0,0,0,0,0,0
2026-09-03,social-welfare,259,239,7,8,2,0,3,0,254,129,0,121,2,4,0,0,2,0
2026-09-03,travel-and-recreation,40,38,0,1,0,0,1,0,39,23,0,22,0,1,0,0,0,0
2026-09-03,unknown,26,0,13,7,4,2,0,0,20,26,0,0,13,7,4,2,0,0
2026-09-04,about,2,2,0,0,0,0,0,0,2,1,0,1,0,0,0,0,0,0
2026-09-04,birth-family-relationships,27,27,0,0,0,0,0,0,27,14,0,14,0,0,0,0,0,0
2026-09-04,consumer,16,15,0,1,0,0,0,0,16,8,0,7,0,1,0,0,0,0
2026-09-04,death,5,4,0,0,1,0,0,0,4,4,0,4,0,0,0,0,0,0
2026-09-04,education,32,29,0,3,0,0,0,0,32,18,0,16,0,2,0,0,0,0
2026-09-04,employment,60,54,0,3,2,0,1,0,57,29,0,27,0,1,0,0,1,0
2026-09-04,environment,6,5,0,1,0,0,0,0,6,1,0,0,0,1,0,0,0,0
2026-09-04,government-in-ireland,9,6,0,3,0,0,0,0,9,4,0,4,0,0,0,0,0,0
2026-09-04,health,20,17,0,3,0,0,0,0,20,13,1,11,0,2,0,0,0,0
2026-09-04,housing,70,65,2,3,0,0,0,0,70,28,0,26,0,2,0,0,0,0
2026-09-04,justice,8,8,0,0,0,0,0,0,8,4,0,4,0,0,0,0,0,0
2026-09-04,money-and-tax,22,18,1,3,0,0,0,0,22,13,0,12,0,1,0,0,0,0
2026-09-04,moving-country,33,26,1,2,0,1,3,0,29,18,0,14,0,0,0,1,3,0
2026-09-04,returning-to-ireland,29,28,0,1,0,0,0,0,29,13,0,12,0,1,0,0,0,0
2026-09-04,social-welfare,291,279,5,3,1,2,1,0,287,120,3,119,1,0,0,0,0,0
2026-09-04,travel-and-recreation,28,25,0,1,1,0,1,0,26,14,0,13,0,1,0,0,0,0
2026-09-04,unknown,36,0,15,12,4,3,2,0,27,26,0,0,12,9,0,3,2,0
2026-09-05,about,2,2,0,0,0,0,0,0,2,1,0,1,0,0,0,0,0,0
2026-09-05,birth-family-relationships,9,9,0,0,0,0,0,0,9,5,0,5,0,0,0,0,0,0
2026-09-05,consumer,9,9,0,0,0,0,0,0,9,5,0,5,0,0,0,0,0,0
2026-09-05,death,1,1,0,0,0,0,0,0,1,1,0,1,0,0,0,0,0,0
2026-09-05,education,11,10,0,1,0,0,0,0,11,6,0,5,0,1,0,0,0,0
2026-09-05,employment,48,46,1,0,0,0,1,0,47,11,0,10,1,0,0,0,0,0
2026-09-05,environment,3,2,0,1,0,0,0,0,3,1,0,0,0,1,0,0,0,0
2026-09-05,government-in-ireland,9,8,0,1,0,0,0,0,9,3,0,3,0,0,0,0,0,0
2026-09-05,health,16,14,0,1,1,0,0,0,15,8,0,7,0,1,0,0,0,0
2026-09-05,housing,44,35,2,3,0,3,1,0,40,13,1,11,0,2,0,0,0,0
2026-09-05,justice,10,10,0,0,0,0,0,0,10,5,0,5,0,0,0,0,0,0
2026-09-05,money-and-tax,10,9,0,1,0,0,0,0,10,2,0,1,0,1,0,0,0,0
2026-09-05,moving-country,25,24,0,1,0,0,0,0,25,17,0,16,0,1,0,0,0,0
2026-09-05,returning-to-ireland,10,10,0,0,0,0,0,0,10,5,0,5,0,0,0,0,0,0
2026-09-05,social-welfare,88,85,0,2,0,0,1,0,87,43,0,41,0,1,0,0,1,0
2026-09-05,travel-and-recreation,19,18,1,0,0,0,0,0,19,13,0,12,1,0,0,0,0,0
2026-09-05,unknown,13,0,4,4,4,1,0,0,8,12,0,0,4,4,3,1,0,0
2026-09-06,about,2,2,0,0,0,0,0,0,2,1,0,1,0,0,0,0,0,0
2026-09-06,birth-family-relationships,14,14,0,0,0,0,0,0,14,9,0,9,0,0,0,0,0,0
2026-09-06,consumer,5,5,0,0,0,0,0,0,5,3,0,3,0,0,0,0,0,0
2026-09-06,death,7,7,0,0,0,0,0,0,7,3,0,3,0,0,0,0,0,0
2026-09-06,education,12,12,0,0,0,0,0,0,12,4,0,4,0,0,0,0,0,0
2026-09-06,employment,26,23,0,2,0,0,1,0,25,11,0,10,0,1,0,0,0,0
2026-09-06,government-in-ireland,2,2,0,0,0,0,0,0,2,1,0,1,0,0,0,0,0,0
2026-09-06,health,24,21,0,2,0,0,1,0,23,13,0,12,0,0,0,0,1,0
2026-09-06,housing,31,29,0,1,1,0,0,0,30,13,1,13,0,0,0,0,0,0
2026-09-06,justice,7,5,0,1,0,0,1,0,6,4,0,2,0,1,0,0,1,0
2026-09-06,money-and-tax,17,17,0,0,0,0,0,0,17,6,0,6,0,0,0,0,0,0
2026-09-06,moving-country,29,25,1,3,0,0,0,0,29,14,0,12,0,2,0,0,0,0
2026-09-06,returning-to-ireland,12,12,0,0,0,0,0,0,12,8,0,8,0,0,0,0,0,0
2026-09-06,social-welfare,140,131,2,7,0,0,0,0,140,58,0,54,0,4,0,0,0,0
2026-09-06,travel-and-recreation,22,21,1,0,0,0,0,0,22,12,1,12,0,0,0,0,0,0
2026-09-06,unknown,18,0,3,5,3,5,2,0,8,16,0,0,3,4,3,5,1,0
2026-09-07,about,5,4,0,1,0,0,0,0,5,2,0,1,0,1,0,0,0,0
2026-09-07,birth-family-relationships,44,42,0,2,0,0,0,0,44,23,0,22,0,1,0,0,0,0
2026-09-07,consumer,17,16,0,1,0,0,0,0,17,6,0,5,0,1,0,0,0,0
2026-09-07,death,9,7,0,0,0,1,1,0,7,5,0,4,0,0,0,1,0,0
2026-09-07,education,40,38,0,2,0,0,0,0,40,18,0,16,0,2,0,0,0,0
2026-09-07,employment,74,65,2,5,1,1,0,0,72,41,0,37,0,3,0,1,0,0
2026-09-07,environment,4,4,0,0,0,0,0,0,4,2,0,2,0,0,0,0,0,0
2026-09-07,government-in-ireland,12,10,2,0,0,0,0,0,12,7,0,7,0,0,0,0,0,0
2026-09-07,health,31,29,0,0,0,2,0,0,29,16,0,16,0,0,0,0,0,0
2026-09-07,housing,80,76,2,2,0,0,0,0,80,46,0,42,2,2,0,0,0,0
2026-09-07,justice,10,9,0,1,0,0,0,0,10,6,0,5,0,1,0,0,0,0
2026-09-07,money-and-tax,36,35,0,0,1,0,0,0,35,18,0,18,0,0,0,0,0,0
2026-09-07,moving-country,73,67,0,3,0,1,2,0,70,34,0,33,0,0,0,0,1,0
2026-09-07,returning-to-ireland,33,32,0,0,1,0,0,0,32,23,0,23,0,0,0,0,0,0
2026-09-07,social-welfare,302,290,3,6,2,0,1,0,299,150,1,144,1,5,0,0,0,0
2026-09-07,travel-and-recreation,49,47,0,1,0,0,1,0,48,31,0,29,0,1,0,0,1,0
2026-09-07,unknown,23,0,4,8,5,4,1,1,13,21,0,0,4,8,3,4,1,1
2026-09-08,about,9,9,0,0,0,0,0,0,9,4,0,4,0,0,0,0,0,0
2026-09-08,birth-family-relationships,44,40,0,3,0,0,1,0,43,21,0,18,0,3,0,0,0,0
2026-09-08,consumer,15,13,0,2,0,0,0,0,15,5,0,4,0,1,0,0,0,0
2026-09-08,death,10,10,0,0,0,0,0,0,10,7,0,7,0,0,0,0,0,0
2026-09-08,education,24,23,0,1,0,0,0,0,24,15,0,14,0,1,0,0,0,0
2026-09-08,employment,57,53,1,3,0,0,0,0,57,30,1,28,0,2,0,0,0,0
2026-09-08,environment,7,6,0,0,0,0,1,0,6,4,0,3,0,0,0,0,1,0
2026-09-08,government-in-ireland,9,9,0,0,0,0,0,0,9,7,0,7,0,0,0,0,0,0
2026-09-08,health,27,26,0,0,1,0,0,0,26,12,0,12,0,0,0,0,0,0
2026-09-08,housing,81,79,0,1,1,0,0,0,80,36,0,35,0,1,0,0,0,0
2026-09-08,justice,19,18,0,1,0,0,0,0,19,7,0,7,0,0,0,0,0,0
2026-09-08,money-and-tax,39,36,1,1,0,0,1,0,38,20,2,19,0,1,0,0,0,0
2026-09-08,moving-country,74,69,1,3,0,1,0,0,73,42,0,37,1,3,0,1,0,0
2026-09-08,my-situation,1,1,0,0,0,0,0,0,1,0,0,0,0,0,0,0,0,0
2026-09-08,returning-to-ireland,38,36,0,1,1,0,0,0,37,20,0,19,0,1,0,0,0,0
2026-09-08,social-welfare,360,342,0,16,2,0,0,0,358,172,1,161,0,11,0,0,0,0
2026-09-08,travel-and-recreation,65,62,0,3,0,0,0,0,65,35,0,32,0,3,0,0,0,0
2026-09-08,unknown,26,0,10,5,7,2,2,0,15,24,0,0,10,5,5,2,2,0
2026-09-09,about,8,8,0,0,0,0,0,0,8,3,0,3,0,0,0,0,0,0
2026-09-09,birth-family-relationships,48,42,2,2,1,0,1,0,46,16,0,14,0,1,0,0,1,0
2026-09-09,consumer,23,22,0,1,0,0,0,0,23,10,0,10,0,0,0,0,0,0
2026-09-09,death,10,9,1,0,0,0,0,0,10,5,0,5,0,0,0,0,0,0
2026-09-09,education,28,26,0,1,0,1,0,0,27,15,0,13,0,1,0,1,0,0
2026-09-09,employment,66,61,0,2,1,0,2,0,63,33,0,31,0,1,0,0,1,0
2026-09-09,environment,5,5,0,0,0,0,0,0,5,4,0,4,0,0,0,0,0,0
2026-09-09,government-in-ireland,8,8,0,0,0,0,0,0,8,4,0,4,0,0,0,0,0,0
2026-09-09,health,28,26,0,2,0,0,0,0,28,15,0,13,0,2,0,0,0,0
2026-09-09,housing,50,50,0,0,0,0,0,0,50,19,0,19,0,0,0,0,0,0
2026-09-09,justice,24,19,0,3,1,1,0,0,22,8,0,8,0,0,0,0,0,0
2026-09-09,money-and-tax,20,19,0,1,0,0,0,0,20,11,0,10,0,1,0,0,0,0
2026-09-09,moving-country,74,67,0,3,0,0,3,1,71,30,0,27,0,1,0,0,2,0
2026-09-09,returning-to-ireland,23,23,0,0,0,0,0,0,23,12,0,12,0,0,0,0,0,0
2026-09-09,social-welfare,370,341,6,17,0,2,4,0,364,160,1,142,1,12,0,2,3,0
2026-09-09,travel-and-recreation,44,40,2,2,0,0,0,0,44,24,1,22,0,2,0,0,0,0
2026-09-09,unknown,34,0,11,10,5,8,0,0,21,28,0,0,11,9,4,4,0,0
2026-09-10,about,13,11,0,0,1,0,1,0,11,5,0,4,0,0,0,0,1,0
2026-09-10,birth-family-relationships,32,28,0,1,0,0,2,1,30,16,0,14,0,0,0,0,1,1
2026-09-10,consumer,26,20,0,3,0,0,3,0,23,12,0,10,0,1,0,0,1,0
2026-09-10,death,5,4,0,0,0,0,1,0,4,3,0,3,0,0,0,0,0,0
2026-09-10,education,29,27,0,2,0,0,0,0,29,14,0,12,0,2,0,0,0,0
2026-09-10,employment,69,67,0,1,0,0,1,0,68,30,0,29,0,0,0,0,1,0
2026-09-10,environment,9,8,1,0,0,0,0,0,9,4,0,3,1,0,0,0,0,0
2026-09-10,government-in-ireland,7,7,0,0,0,0,0,0,7,6,0,6,0,0,0,0,0,0
2026-09-10,health,40,36,0,3,1,0,0,0,39,21,0,20,0,1,0,0,0,0
2026-09-10,housing,77,70,1,4,1,1,0,0,75,39,0,35,0,4,0,0,0,0
2026-09-10,justice,20,19,1,0,0,0,0,0,20,6,0,6,0,0,0,0,0,0
2026-09-10,money-and-tax,56,54,1,1,0,0,0,0,56,27,0,26,0,1,0,0,0,0
2026-09-10,moving-country,73,69,2,0,1,0,1,0,71,35,0,33,1,0,0,0,1,0
2026-09-10,returning-to-ireland,17,17,0,0,0,0,0,0,17,11,0,11,0,0,0,0,0,0
2026-09-10,social-welfare,339,322,5,6,4,1,1,0,333,164,0,156,2,5,0,0,1,0
2026-09-10,travel-and-recreation,48,45,0,1,0,0,2,0,46,20,0,17,0,1,0,0,2,0
2026-09-10,unknown,34,1,13,8,8,3,1,0,22,30,0,1,13,7,5,3,1,0
2026-09-11,about,8,8,0,0,0,0,0,0,8,2,0,2,0,0,0,0,0,0
2026-09-11,birth-family-relationships,16,16,0,0,0,0,0,0,16,9,0,9,0,0,0,0,0,0
2026-09-11,consumer,12,10,0,2,0,0,0,0,12,6,0,5,0,1,0,0,0,0
2026-09-11,education,26,25,0,1,0,0,0,0,26,14,0,13,0,1,0,0,0,0
2026-09-11,employment,68,65,1,1,1,0,0,0,67,33,0,33,0,0,0,0,0,0
2026-09-11,environment,4,4,0,0,0,0,0,0,4,2,0,2,0,0,0,0,0,0
2026-09-11,government-in-ireland,6,6,0,0,0,0,0,0,6,4,0,4,0,0,0,0,0,0
2026-09-11,health,32,31,0,0,1,0,0,0,31,19,0,19,0,0,0,0,0,0
2026-09-11,housing,63,59,2,2,0,0,0,0,63,20,0,16,2,2,0,0,0,0
2026-09-11,justice,17,15,0,0,0,1,1,0,15,8,0,7,0,0,0,0,1,0
2026-09-11,money-and-tax,53,51,0,0,0,0,2,0,51,30,0,30,0,0,0,0,0,0
2026-09-11,moving-country,75,66,0,4,1,2,2,0,70,42,1,35,0,3,0,2,2,0
2026-09-11,returning-to-ireland,6,6,0,0,0,0,0,0,6,1,0,1,0,0,0,0,0,0
2026-09-11,social-welfare,245,233,3,6,2,0,1,0,242,110,0,107,0,2,0,0,1,0
2026-09-11,travel-and-recreation,46,40,0,2,4,0,0,0,42,14,1,13,0,1,0,0,0,0
2026-09-11,unknown,22,0,7,6,5,3,1,0,13,16,0,0,7,5,2,2,0,0
2026-09-12,about,1,1,0,0,0,0,0,0,1,0,0,0,0,0,0,0,0,0
2026-09-12,birth-family-relationships,17,17,0,0,0,0,0,0,17,10,0,10,0,0,0,0,0,0
2026-09-12,consumer,6,6,0,0,0,0,0,0,6,3,0,3,0,0,0,0,0,0
2026-09-12,death,4,4,0,0,0,0,0,0,4,3,0,3,0,0,0,0,0,0
2026-09-12,education,9,9,0,0,0,0,0,0,9,5,0,5,0,0,0,0,0,0
2026-09-12,employment,37,34,0,2,0,0,1,0,36,15,0,13,0,1,0,0,1,0
2026-09-12,environment,13,10,0,2,0,1,0,0,12,3,0,2,0,1,0,0,0,0
2026-09-12,government-in-ireland,6,6,0,0,0,0,0,0,6,4,0,4,0,0,0,0,0,0
2026-09-12,health,15,15,0,0,0,0,0,0,15,12,0,12,0,0,0,0,0,0
2026-09-12,housing,42,40,0,2,0,0,0,0,42,19,0,18,0,1,0,0,0,0
2026-09-12,justice,11,11,0,0,0,0,0,0,11,3,0,3,0,0,0,0,0,0
2026-09-12,money-and-tax,30,27,1,2,0,0,0,0,30,13,0,12,0,1,0,0,0,0
2026-09-12,moving-country,23,23,0,0,0,0,0,0,23,14,0,14,0,0,0,0,0,0
2026-09-12,returning-to-ireland,4,4,0,0,0,0,0,0,4,2,0,2,0,0,0,0,0,0
2026-09-12,social-welfare,137,127,2,6,0,0,2,0,135,55,0,50,0,3,0,0,2,0
2026-09-12,travel-and-recreation,21,20,0,0,1,0,0,0,20,10,0,10,0,0,0,0,0,0
2026-09-12,unknown,22,0,8,6,7,1,0,0,14,19,0,0,8,6,4,1,0,0
2026-09-13,birth-family-relationships,6,6,0,0,0,0,0,0,6,4,0,4,0,0,0,0,0,0
2026-09-13,consumer,5,5,0,0,0,0,0,0,5,4,0,4,0,0,0,0,0,0
2026-09-13,death,3,3,0,0,0,0,0,0,3,2,0,2,0,0,0,0,0,0
2026-09-13,education,11,9,1,1,0,0,0,0,11,5,0,4,0,1,0,0,0,0
2026-09-13,employment,39,36,1,1,0,0,1,0,38,19,0,17,0,1,0,0,1,0
2026-09-13,environment,6,6,0,0,0,0,0,0,6,5,0,5,0,0,0,0,0,0
2026-09-13,government-in-ireland,2,2,0,0,0,0,0,0,2,2,0,2,0,0,0,0,0,0
2026-09-13,health,16,16,0,0,0,0,0,0,16,9,0,9,0,0,0,0,0,0
2026-09-13,housing,44,44,0,0,0,0,0,0,44,15,0,15,0,0,0,0,0,0
2026-09-13,justice,4,4,0,0,0,0,0,0,4,3,0,3,0,0,0,0,0,0
2026-09-13,money-and-tax,22,19,0,2,0,0,1,0,21,14,0,11,0,2,0,0,1,0
2026-09-13,moving-country,36,32,1,0,1,0,2,0,33,14,0,13,0,0,0,0,1,0
2026-09-13,returning-to-ireland,1,1,0,0,0,0,0,0,1,1,0,1,0,0,0,0,0,0
2026-09-13,social-welfare,114,104,4,5,1,0,0,0,113,53,0,49,1,3,0,0,0,0
2026-09-13,travel-and-recreation,23,21,2,0,0,0,0,0,23,14,0,14,0,0,0,0,0,0
2026-09-13,unknown,17,0,7,5,1,3,1,0,12,12,0,0,6,2,0,3,1,0
2026-09-14,about,8,7,0,1,0,0,0,0,8,3,0,2,0,1,0,0,0,0
2026-09-14,birth-family-relationships,26,24,0,2,0,0,0,0,26,13,0,12,0,1,0,0,0,0
2026-09-14,consumer,14,12,1,1,0,0,0,0,14,5,0,4,1,0,0,0,0,0
2026-09-14,death,5,5,0,0,0,0,0,0,5,2,0,2,0,0,0,0,0,0
2026-09-14,education,32,29,0,2,0,0,1,0,31,17,0,15,0,2,0,0,0,0
2026-09-14,employment,94,88,0,5,1,0,0,0,93,42,0,37,0,5,0,0,0,0
2026-09-14,environment,15,15,0,0,0,0,0,0,15,7,1,7,0,0,0,0,0,0
2026-09-14,government-in-ireland,5,5,0,0,0,0,0,0,5,4,0,4,0,0,0,0,0,0
2026-09-14,health,36,33,2,1,0,0,0,0,36,20,0,19,0,1,0,0,0,0
2026-09-14,housing,100,92,1,4,1,0,2,0,97,48,1,46,0,2,0,0,0,0
2026-09-14,justice,15,15,0,0,0,0,0,0,15,9,0,9,0,0,0,0,0,0
2026-09-14,money-and-tax,36,32,0,2,0,0,2,0,34,18,0,15,0,1,0,0,2,0
2026-09-14,moving-country,84,79,0,3,0,2,0,0,82,44,1,42,0,2,0,0,0,0
2026-09-14,returning-to-ireland,6,5,1,0,0,0,0,0,6,4,0,3,1,0,0,0,0,0
2026-09-14,social-welfare,252,236,0,11,1,1,3,0,247,132,0,121,0,9,0,0,2,0
2026-09-14,travel-and-recreation,52,46,0,5,0,1,0,0,51,23,0,20,0,3,0,0,0,0
2026-09-14,unknown,29,0,12,7,4,3,1,2,21,26,0,0,12,7,2,2,1,2
2026-09-15,about,11,10,0,1,0,0,0,0,11,6,0,6,0,0,0,0,0,0
2026-09-15,birth-family-relationships,25,15,3,6,0,0,1,0,24,9,0,6,1,2,0,0,0,0
2026-09-15,consumer,8,6,1,1,0,0,0,0,8,6,0,5,0,1,0,0,0,0
2026-09-15,death,8,8,0,0,0,0,0,0,8,5,0,5,0,0,0,0,0,0
2026-09-15,education,29,23,1,4,1,0,0,0,28,15,0,12,0,3,0,0,0,0
2026-09-15,employment,61,59,1,1,0,0,0,0,61,38,0,37,0,1,0,0,0,0
2026-09-15,environment,8,7,0,1,0,0,0,0,8,5,0,4,0,1,0,0,0,0
2026-09-15,government-in-ireland,5,4,0,0,0,0,1,0,4,3,0,2,0,0,0,0,1,0
2026-09-15,health,38,36,0,1,0,0,1,0,37,24,0,23,0,0,0,0,1,0
2026-09-15,housing,87,78,5,3,1,0,0,0,86,43,0,41,0,2,0,0,0,0
2026-09-15,justice,15,13,0,2,0,0,0,0,15,7,0,6,0,1,0,0,0,0
2026-09-15,money-and-tax,35,32,1,2,0,0,0,0,35,19,0,18,0,1,0,0,0,0
2026-09-15,moving-country,84,64,5,8,0,1,5,1,78,32,0,26,0,2,0,0,4,0
2026-09-15,returning-to-ireland,7,6,0,0,0,0,1,0,6,2,0,1,0,0,0,0,1,0
2026-09-15,social-welfare,367,323,17,18,4,4,1,0,358,181,0,170,2,9,0,0,0,0
2026-09-15,travel-and-recreation,90,77,4,7,0,1,1,0,88,37,1,33,2,2,0,0,0,0
2026-09-15,unknown,110,0,48,27,8,15,11,1,76,74,0,0,39,13,5,10,6,1
2026-09-16,about,2,2,0,0,0,0,0,0,2,0,0,0,0,0,0,0,0,0
2026-09-16,birth-family-relationships,16,14,1,0,0,1,0,0,15,8,0,8,0,0,0,0,0,0
2026-09-16,consumer,23,16,0,6,0,1,0,0,22,14,0,11,0,3,0,0,0,0
2026-09-16,death,7,7,0,0,0,0,0,0,7,3,0,3,0,0,0,0,0,0
2026-09-16,education,35,24,1,9,0,0,1,0,34,15,0,10,0,5,0,0,0,0
2026-09-16,employment,73,56,1,11,1,0,4,0,68,30,0,27,0,3,0,0,0,0
2026-09-16,environment,8,5,0,3,0,0,0,0,8,4,0,3,0,1,0,0,0,0
2026-09-16,government-in-ireland,3,3,0,0,0,0,0,0,3,2,0,2,0,0,0,0,0,0
2026-09-16,health,43,38,2,2,0,0,1,0,42,22,0,22,0,0,0,0,0,0
2026-09-16,housing,81,70,3,4,1,0,3,0,77,32,0,27,2,2,0,0,1,0
2026-09-16,justice,22,18,1,2,0,1,0,0,21,9,0,6,0,2,0,1,0,0
2026-09-16,money-and-tax,32,28,1,3,0,0,0,0,32,15,0,13,0,2,0,0,0,0
2026-09-16,moving-country,98,74,4,10,0,2,8,0,88,28,0,20,1,5,0,0,2,0
2026-09-16,returning-to-ireland,9,7,0,0,0,0,2,0,7,3,0,2,0,0,0,0,1,0
2026-09-16,social-welfare,356,325,7,17,1,0,5,1,350,161,0,147,1,10,0,0,2,1
2026-09-16,travel-and-recreation,62,51,2,3,0,3,3,0,56,19,0,16,0,1,0,1,1,0
2026-09-16,unknown,112,0,47,37,5,14,8,1,85,78,0,0,42,18,3,10,4,1
2026-09-17,about,2,2,0,0,0,0,0,0,2,1,0,1,0,0,0,0,0,0
2026-09-17,birth-family-relationships,8,7,0,0,0,1,0,0,7,4,0,4,0,0,0,0,0,0
2026-09-17,consumer,20,16,1,2,0,1,0,0,19,10,0,8,1,1,0,0,0,0
2026-09-17,death,5,4,1,0,0,0,0,0,5,3,0,3,0,0,0,0,0,0
2026-09-17,education,34,27,2,2,0,3,0,0,31,18,0,15,0,1,0,2,0,0
2026-09-17,employment,54,47,1,5,0,0,1,0,53,26,0,22,0,4,0,0,0,0
2026-09-17,environment,12,10,1,1,0,0,0,0,12,5,0,4,0,1,0,0,0,0
2026-09-17,government-in-ireland,19,17,0,0,1,0,1,0,17,11,0,10,0,0,0,0,1,0
2026-09-17,health,61,51,3,3,0,1,3,0,57,27,0,20,1,3,0,1,2,0
2026-09-17,housing,103,91,3,8,0,0,1,0,102,33,0,26,2,4,0,0,1,0
2026-09-17,justice,11,9,0,2,0,0,0,0,11,7,1,6,0,1,0,0,0,0
2026-09-17,money-and-tax,66,57,3,5,0,1,0,0,65,30,0,28,1,1,0,0,0,0
2026-09-17,moving-country,40,35,1,3,0,1,0,0,39,25,0,24,1,0,0,0,0,0
2026-09-17,returning-to-ireland,9,7,0,1,0,1,0,0,8,4,0,2,0,1,0,1,0,0
2026-09-17,social-welfare,300,272,3,20,3,0,2,0,295,154,0,140,1,11,0,0,2,0
2026-09-17,travel-and-recreation,65,61,1,1,0,1,1,0,63,18,0,17,0,1,0,0,0,0
2026-09-17,unknown,95,0,48,26,5,14,2,0,74,75,0,0,42,17,1,14,1,0
2026-09-18,about,10,8,0,1,0,1,0,0,9,4,0,3,0,1,0,0,0,0
2026-09-18,birth-family-relationships,34,28,0,4,0,0,2,0,32,10,0,8,0,2,0,0,0,0
2026-09-18,consumer,19,16,0,3,0,0,0,0,19,7,1,7,0,0,0,0,0,0
2026-09-18,death,9,8,0,0,0,0,1,0,8,5,0,5,0,0,0,0,0,0
2026-09-18,education,30,24,0,4,1,1,0,0,28,17,0,14,0,2,0,1,0,0
2026-09-18,employment,82,70,3,7,0,0,2,0,80,29,0,24,1,3,0,0,1,0
2026-09-18,government-in-ireland,12,8,1,3,0,0,0,0,12,4,0,4,0,0,0,0,0,0
2026-09-18,health,51,44,2,5,0,0,0,0,51,20,0,18,0,2,0,0,0,0
2026-09-18,housing,74,54,2,13,2,2,1,0,69,27,0,22,0,4,0,0,1,0
2026-09-18,justice,11,11,0,0,0,0,0,0,11,6,0,6,0,0,0,0,0,0
2026-09-18,money-and-tax,25,25,0,0,0,0,0,0,25,18,0,18,0,0,0,0,0,0
2026-09-18,moving-country,30,25,1,2,1,0,0,1,29,16,0,15,0,1,0,0,0,0
2026-09-18,returning-to-ireland,6,4,0,2,0,0,0,0,6,3,0,2,0,1,0,0,0,0
2026-09-18,social-welfare,209,184,5,14,0,4,2,0,203,106,0,97,0,7,0,2,0,0
2026-09-18,travel-and-recreation,44,38,0,4,1,1,0,0,42,22,0,19,0,3,0,0,0,0
2026-09-18,unknown,73,0,37,25,4,5,1,1,63,59,0,0,32,21,1,4,0,1
2026-09-19,about,3,3,0,0,0,0,0,0,3,2,0,2,0,0,0,0,0,0
2026-09-19,birth-family-relationships,12,11,0,0,0,0,1,0,11,8,0,7,0,0,0,0,1,0
2026-09-19,consumer,1,1,0,0,0,0,0,0,1,1,0,1,0,0,0,0,0,0
2026-09-19,death,7,7,0,0,0,0,0,0,7,4,0,4,0,0,0,0,0,0
2026-09-19,education,4,4,0,0,0,0,0,0,4,2,0,2,0,0,0,0,0,0
2026-09-19,employment,17,14,1,1,0,1,0,0,16,10,0,10,0,0,0,0,0,0
2026-09-19,environment,2,2,0,0,0,0,0,0,2,1,0,1,0,0,0,0,0,0
2026-09-19,government-in-ireland,1,1,0,0,0,0,0,0,1,1,0,1,0,0,0,0,0,0
2026-09-19,health,16,15,0,0,0,1,0,0,15,8,0,7,0,0,0,1,0,0
2026-09-19,housing,51,38,1,8,0,3,1,0,47,15,0,12,0,1,0,1,1,0
2026-09-19,justice,3,2,0,1,0,0,0,0,3,2,0,1,0,1,0,0,0,0
2026-09-19,money-and-tax,13,11,2,0,0,0,0,0,13,8,0,7,1,0,0,0,0,0
2026-09-19,moving-country,50,42,3,2,0,0,3,0,47,26,0,23,0,1,0,0,2,0
2026-09-19,social-welfare,164,150,3,8,1,2,0,0,161,76,0,69,2,4,0,1,0,0
2026-09-19,travel-and-recreation,22,18,0,3,0,0,1,0,21,9,0,7,0,2,0,0,0,0
2026-09-19,unknown,44,0,17,19,2,4,2,0,36,31,0,0,14,13,1,2,1,0
2026-09-20,about,2,2,0,0,0,0,0,0,2,0,0,0,0,0,0,0,0,0
2026-09-20,birth-family-relationships,14,13,0,1,0,0,0,0,14,7,0,7,0,0,0,0,0,0
2026-09-20,consumer,7,5,0,0,0,2,0,0,5,3,0,2,0,0,0,1,0,0
2026-09-20,death,1,1,0,0,0,0,0,0,1,1,0,1,0,0,0,0,0,0
2026-09-20,education,6,6,0,0,0,0,0,0,6,4,0,4,0,0,0,0,0,0
2026-09-20,employment,20,16,2,1,0,0,1,0,19,12,0,10,0,1,0,0,1,0
2026-09-20,environment,1,1,0,0,0,0,0,0,1,1,0,1,0,0,0,0,0,0
2026-09-20,government-in-ireland,5,4,0,0,1,0,0,0,4,4,0,4,0,0,0,0,0,0
2026-09-20,health,36,35,0,1,0,0,0,0,36,15,0,14,0,1,0,0,0,0
2026-09-20,housing,47,41,0,4,1,1,0,0,45,16,0,13,0,3,0,0,0,0
2026-09-20,justice,2,2,0,0,0,0,0,0,2,2,0,2,0,0,0,0,0,0
2026-09-20,money-and-tax,19,16,1,2,0,0,0,0,19,10,0,9,0,1,0,0,0,0
2026-09-20,moving-country,30,27,1,2,0,0,0,0,30,12,0,10,0,2,0,0,0,0
2026-09-20,returning-to-ireland,11,9,2,0,0,0,0,0,11,6,0,5,1,0,0,0,0,0
2026-09-20,social-welfare,154,135,3,9,1,4,2,0,147,74,2,68,0,4,0,1,1,0
2026-09-20,travel-and-recreation,19,16,2,1,0,0,0,0,19,7,0,6,0,1,0,0,0,0
2026-09-20,unknown,46,0,22,10,1,11,2,0,32,33,0,0,17,8,1,5,2,0
2026-09-21,about,11,10,0,1,0,0,0,0,11,4,0,3,0,1,0,0,0,0
2026-09-21,birth-family-relationships,19,16,0,2,0,0,1,0,18,12,0,10,0,1,0,0,1,0
2026-09-21,consumer,17,13,1,2,0,1,0,0,16,9,0,8,0,1,0,0,0,0
2026-09-21,death,4,4,0,0,0,0,0,0,4,2,0,2,0,0,0,0,0,0
2026-09-21,education,30,26,1,3,0,0,0,0,30,13,0,11,1,1,0,0,0,0
2026-09-21,employment,100,87,5,6,1,0,1,0,98,37,0,35,0,1,0,0,1,0
2026-09-21,environment,2,2,0,0,0,0,0,0,2,0,0,0,0,0,0,0,0,0
2026-09-21,government-in-ireland,8,6,1,1,0,0,0,0,8,4,0,3,0,1,0,0,0,0
2026-09-21,health,38,34,0,4,0,0,0,0,38,17,0,15,0,2,0,0,0,0
2026-09-21,housing,93,76,6,6,0,3,2,0,88,37,1,35,0,2,0,0,0,0
2026-09-21,justice,25,20,1,3,0,1,0,0,24,13,0,9,0,3,0,1,0,0
2026-09-21,money-and-tax,42,36,1,3,1,1,0,0,40,21,0,18,0,2,0,1,0,0
2026-09-21,moving-country,47,38,5,3,0,0,1,0,46,26,0,23,2,0,0,0,1,0
2026-09-21,returning-to-ireland,1,1,0,0,0,0,0,0,1,1,1,1,0,0,0,0,0,0
2026-09-21,social-welfare,412,370,15,21,2,2,2,0,406,200,0,185,3,10,0,1,1,0
2026-09-21,travel-and-recreation,57,50,2,4,1,0,0,0,56,19,0,17,0,2,0,0,0,0
2026-09-21,unknown,99,0,59,21,8,7,4,0,80,81,0,0,53,16,3,6,3,0
2026-09-22,about,2,2,0,0,0,0,0,0,2,0,0,0,0,0,0,0,0,0
2026-09-22,birth-family-relationships,44,40,1,3,0,0,0,0,44,22,0,20,0,2,0,0,0,0
2026-09-22,consumer,14,13,0,1,0,0,0,0,14,9,0,8,0,1,0,0,0,0
2026-09-22,death,14,14,0,0,0,0,0,0,14,6,0,6,0,0,0,0,0,0
2026-09-22,education,14,13,0,0,0,0,1,0,13,7,0,6,0,0,0,0,1,0
2026-09-22,employment,44,42,0,2,0,0,0,0,44,24,0,23,0,1,0,0,0,0
2026-09-22,environment,11,8,0,2,0,0,1,0,10,8,0,6,0,2,0,0,0,0
2026-09-22,government-in-ireland,2,2,0,0,0,0,0,0,2,1,0,1,0,0,0,0,0,0
2026-09-22,health,39,29,4,4,1,1,0,0,37,21,0,16,1,4,0,0,0,0
2026-09-22,housing,72,61,4,6,0,0,1,0,71,34,0,29,0,4,0,0,1,0
2026-09-22,justice,30,28,1,0,0,0,1,0,29,11,0,10,0,0,0,0,1,0
2026-09-22,money-and-tax,50,41,0,8,0,0,1,0,49,20,0,16,0,3,0,0,1,0
2026-09-22,moving-country,50,38,6,5,0,0,1,0,49,20,0,17,1,1,0,0,1,0
2026-09-22,my-situation,3,1,0,2,0,0,0,0,3,1,0,0,0,1,0,0,0,0
2026-09-22,returning-to-ireland,10,5,0,5,0,0,0,0,10,4,0,3,0,1,0,0,0,0
2026-09-22,social-welfare,353,313,10,26,0,3,1,0,349,188,0,165,4,16,0,2,1,0
2026-09-22,travel-and-recreation,49,44,0,3,0,2,0,0,47,15,0,14,0,0,0,1,0,0
2026-09-22,unknown,95,0,38,27,2,19,6,3,68,68,0,0,35,18,0,12,2,1
2026-09-23,about,15,8,0,6,0,1,0,0,14,4,0,1,0,3,0,0,0,0
2026-09-23,birth-family-relationships,27,24,1,2,0,0,0,0,27,6,0,4,0,2,0,0,0,0
2026-09-23,consumer,14,10,0,3,0,1,0,0,13,7,0,5,0,2,0,0,0,0
2026-09-23,death,8,8,0,0,0,0,0,0,8,5,0,5,0,0,0,0,0,0
2026-09-23,education,26,21,2,2,0,0,1,0,25,13,0,11,1,0,0,0,1,0
2026-09-23,employment,68,60,7,1,0,0,0,0,68,32,1,31,1,0,0,0,0,0
2026-09-23,government-in-ireland,7,7,0,0,0,0,0,0,7,4,0,4,0,0,0,0,0,0
2026-09-23,health,41,38,0,3,0,0,0,0,41,26,0,24,0,2,0,0,0,0
2026-09-23,housing,80,69,2,9,0,0,0,0,80,36,0,30,0,6,0,0,0,0
2026-09-23,justice,23,18,4,1,0,0,0,0,23,9,0,7,1,1,0,0,0,0
2026-09-23,money-and-tax,56,41,4,7,0,4,0,0,52,21,0,15,1,4,0,1,0,0
2026-09-23,moving-country,36,30,2,4,0,0,0,0,36,17,0,15,1,1,0,0,0,0
2026-09-23,returning-to-ireland,10,8,1,0,0,0,1,0,9,5,0,4,1,0,0,0,0,0
2026-09-23,social-welfare,293,257,11,20,4,1,0,0,288,143,0,133,0,9,0,1,0,0
2026-09-23,travel-and-recreation,38,36,1,0,0,0,1,0,37,11,0,11,0,0,0,0,0,0
2026-09-23,unknown,81,0,44,21,5,7,4,0,65,65,0,0,38,16,2,7,2,0
2026-09-24,about,17,11,3,2,0,1,0,0,16,5,0,4,0,1,0,0,0,0
2026-09-24,birth-family-relationships,30,23,3,3,1,0,0,0,29,12,0,10,0,2,0,0,0,0
2026-09-24,consumer,14,13,0,1,0,0,0,0,14,7,0,7,0,0,0,0,0,0
2026-09-24,death,4,4,0,0,0,0,0,0,4,3,0,3,0,0,0,0,0,0
2026-09-24,education,25,24,0,1,0,0,0,0,25,18,0,17,0,1,0,0,0,0
2026-09-24,employment,43,36,0,6,0,0,0,1,43,24,0,19,0,5,0,0,0,0
2026-09-24,environment,3,3,0,0,0,0,0,0,3,3,0,3,0,0,0,0,0,0
2026-09-24,government-in-ireland,14,12,1,0,0,0,1,0,13,9,0,9,0,0,0,0,0,0
2026-09-24,health,44,39,2,3,0,0,0,0,44,24,0,21,1,2,0,0,0,0
2026-09-24,housing,59,54,2,2,0,1,0,0,58,27,0,23,1,2,0,1,0,0
2026-09-24,justice,13,11,2,0,0,0,0,0,13,7,0,6,1,0,0,0,0,0
2026-09-24,money-and-tax,39,34,1,4,0,0,0,0,39,16,0,15,0,1,0,0,0,0
2026-09-24,moving-country,33,26,3,4,0,0,0,0,33,13,0,9,1,3,0,0,0,0
2026-09-24,returning-to-ireland,9,6,2,1,0,0,0,0,9,4,0,3,0,1,0,0,0,0
2026-09-24,social-welfare,340,294,8,29,2,4,3,0,331,157,1,140,3,11,0,2,1,0
2026-09-24,travel-and-recreation,59,47,4,5,0,2,1,0,56,17,0,13,2,1,0,0,1,0
2026-09-24,unknown,99,0,46,34,9,8,2,0,80,80,0,0,39,26,7,6,2,0
2026-09-25,about,3,2,1,0,0,0,0,0,3,1,0,0,1,0,0,0,0,0
2026-09-25,birth-family-relationships,18,16,1,1,0,0,0,0,18,5,0,4,0,1,0,0,0,0
2026-09-25,consumer,7,7,0,0,0,0,0,0,7,5,0,5,0,0,0,0,0,0
2026-09-25,death,5,5,0,0,0,0,0,0,5,3,0,3,0,0,0,0,0,0
2026-09-25,education,6,6,0,0,0,0,0,0,6,3,0,3,0,0,0,0,0,0
2026-09-25,employment,61,53,4,2,2,0,0,0,59,35,0,34,1,0,0,0,0,0
2026-09-25,environment,2,2,0,0,0,0,0,0,2,2,0,2,0,0,0,0,0,0
2026-09-25,government-in-ireland,3,3,0,0,0,0,0,0,3,3,0,3,0,0,0,0,0,0
2026-09-25,health,32,28,2,2,0,0,0,0,32,19,0,16,1,2,0,0,0,0
2026-09-25,housing,54,48,0,4,1,0,1,0,52,21,0,18,0,2,0,0,1,0
2026-09-25,justice,20,17,3,0,0,0,0,0,20,11,0,9,2,0,0,0,0,0
2026-09-25,money-and-tax,21,19,1,1,0,0,0,0,21,14,0,12,1,1,0,0,0,0
2026-09-25,moving-country,34,29,3,0,0,1,1,0,32,16,0,13,2,0,0,0,1,0
2026-09-25,returning-to-ireland,7,7,0,0,0,0,0,0,7,3,0,3,0,0,0,0,0,0
2026-09-25,social-welfare,212,187,4,15,4,1,1,0,206,103,0,93,0,9,0,0,1,0
2026-09-25,travel-and-recreation,42,37,1,2,0,2,0,0,40,16,0,15,0,1,0,0,0,0
2026-09-25,unknown,58,0,34,10,5,9,0,0,44,52,0,0,31,10,3,8,0,0
2026-09-26,about,10,4,1,2,0,3,0,0,7,2,0,1,0,1,0,0,0,0
2026-09-26,birth-family-relationships,12,11,1,0,0,0,0,0,12,8,0,8,0,0,0,0,0,0
2026-09-26,consumer,9,8,0,1,0,0,0,0,9,3,0,2,0,1,0,0,0,0
2026-09-26,death,11,11,0,0,0,0,0,0,11,5,0,5,0,0,0,0,0,0
2026-09-26,education,14,12,0,2,0,0,0,0,14,8,0,7,0,1,0,0,0,0
2026-09-26,employment,18,12,4,2,0,0,0,0,18,9,0,5,2,2,0,0,0,0
2026-09-26,environment,2,1,0,1,0,0,0,0,2,1,0,1,0,0,0,0,0,0
2026-09-26,government-in-ireland,7,5,0,2,0,0,0,0,7,2,0,0,0,2,0,0,0,0
2026-09-26,health,18,16,2,0,0,0,0,0,18,7,0,7,0,0,0,0,0,0
2026-09-26,housing,68,51,0,14,1,1,1,0,65,18,0,16,0,1,0,1,0,0
2026-09-26,justice,11,9,1,1,0,0,0,0,11,5,0,5,0,0,0,0,0,0
2026-09-26,money-and-tax,19,17,1,1,0,0,0,0,19,12,0,11,0,1,0,0,0,0
2026-09-26,moving-country,31,24,1,5,0,1,0,0,30,12,0,10,0,2,0,0,0,0
2026-09-26,returning-to-ireland,4,4,0,0,0,0,0,0,4,2,0,2,0,0,0,0,0,0
2026-09-26,social-welfare,130,114,4,9,1,0,2,0,127,54,0,50,0,3,0,0,1,0
2026-09-26,travel-and-recreation,14,13,0,1,0,0,0,0,14,7,0,6,0,1,0,0,0,0
2026-09-26,unknown,43,0,18,14,2,7,2,0,32,32,0,0,13,11,1,5,2,0
2026-09-27,about,2,1,0,1,0,0,0,0,2,1,0,0,0,1,0,0,0,0
2026-09-27,birth-family-relationships,12,10,0,0,0,2,0,0,10,5,0,5,0,0,0,0,0,0
2026-09-27,consumer,2,2,0,0,0,0,0,0,2,2,0,2,0,0,0,0,0,0
2026-09-27,death,7,5,0,1,1,0,0,0,6,3,0,2,0,1,0,0,0,0
2026-09-27,education,9,7,0,0,0,2,0,0,7,3,0,2,0,0,0,1,0,0
2026-09-27,employment,26,23,0,2,1,0,0,0,25,14,0,13,0,1,0,0,0,0
2026-09-27,government-in-ireland,11,8,0,2,0,1,0,0,10,5,0,4,0,1,0,0,0,0
2026-09-27,health,15,12,1,1,0,1,0,0,14,6,0,4,0,1,0,1,0,0
2026-09-27,housing,68,60,4,4,0,0,0,0,68,29,0,27,0,2,0,0,0,0
2026-09-27,justice,13,11,1,0,1,0,0,0,12,4,0,4,0,0,0,0,0,0
2026-09-27,money-and-tax,22,19,0,2,0,0,1,0,21,16,0,14,0,2,0,0,0,0
2026-09-27,moving-country,23,19,1,3,0,0,0,0,23,12,0,8,1,3,0,0,0,0
2026-09-27,returning-to-ireland,2,2,0,0,0,0,0,0,2,1,0,1,0,0,0,0,0,0
2026-09-27,social-welfare,99,94,0,2,2,1,0,0,96,55,0,54,0,1,0,0,0,0
2026-09-27,travel-and-recreation,32,27,0,5,0,0,0,0,32,8,0,5,0,3,0,0,0,0
2026-09-27,unknown,42,0,21,12,1,6,2,0,33,35,0,0,17,11,0,5,2,0
2026-09-28,about,9,5,2,1,0,1,0,0,8,2,0,0,0,1,0,1,0,0
2026-09-28,birth-family-relationships,22,20,1,1,0,0,0,0,22,16,0,14,1,1,0,0,0,0
2026-09-28,consumer,21,21,0,0,0,0,0,0,21,15,0,15,0,0,0,0,0,0
2026-09-28,death,22,20,0,2,0,0,0,0,22,9,0,9,0,0,0,0,0,0
2026-09-28,education,29,27,0,2,0,0,0,0,29,19,0,18,0,1,0,0,0,0
2026-09-28,employment,81,76,2,3,0,0,0,0,81,45,0,43,0,2,0,0,0,0
2026-09-28,environment,5,5,0,0,0,0,0,0,5,4,0,4,0,0,0,0,0,0
2026-09-28,government-in-ireland,11,10,0,0,0,1,0,0,10,8,0,8,0,0,0,0,0,0
2026-09-28,health,67,60,3,3,0,1,0,0,66,34,0,33,0,1,0,0,0,0
2026-09-28,housing,80,72,2,5,0,1,0,0,79,37,0,34,0,2,0,1,0,0
2026-09-28,justice,27,25,1,1,0,0,0,0,27,19,0,17,1,1,0,0,0,0
2026-09-28,money-and-tax,49,46,2,1,0,0,0,0,49,30,0,29,0,1,0,0,0,0
2026-09-28,moving-country,72,64,2,3,1,2,0,0,69,34,0,31,0,2,0,1,0,0
2026-09-28,returning-to-ireland,7,6,1,0,0,0,0,0,7,5,0,5,0,0,0,0,0,0
2026-09-28,social-welfare,460,425,16,14,3,1,1,0,455,205,0,197,1,6,0,1,0,0
2026-09-28,travel-and-recreation,49,45,0,3,0,1,0,0,48,27,0,24,0,2,0,1,0,0
2026-09-28,unknown,98,0,43,25,5,18,6,1,69,79,0,0,37,18,2,17,4,1
2026-09-29,about,7,6,0,1,0,0,0,0,7,3,0,2,0,1,0,0,0,0
2026-09-29,birth-family-relationships,18,12,1,5,0,0,0,0,18,9,0,5,1,3,0,0,0,0
2026-09-29,consumer,14,13,0,1,0,0,0,0,14,10,0,9,0,1,0,0,0,0
2026-09-29,death,11,11,0,0,0,0,0,0,11,8,0,8,0,0,0,0,0,0
2026-09-29,education,14,13,0,0,1,0,0,0,13,11,0,11,0,0,0,0,0,0
2026-09-29,employment,103,83,7,6,5,0,2,0,96,35,0,32,0,2,0,0,1,0
2026-09-29,environment,5,3,0,2,0,0,0,0,5,2,0,1,0,1,0,0,0,0
2026-09-29,government-in-ireland,3,2,0,0,0,0,1,0,2,2,0,1,0,0,0,0,1,0
2026-09-29,health,45,39,3,2,0,1,0,0,44,22,0,21,1,0,0,0,0,0
2026-09-29,housing,94,74,6,7,3,0,4,0,87,37,0,30,1,3,0,0,3,0
2026-09-29,justice,6,6,0,0,0,0,0,0,6,3,0,3,0,0,0,0,0,0
2026-09-29,money-and-tax,52,44,4,3,0,1,0,0,51,26,0,24,0,1,0,1,0,0
2026-09-29,moving-country,50,42,3,5,0,0,0,0,50,30,0,28,0,2,0,0,0,0
2026-09-29,returning-to-ireland,6,6,0,0,0,0,0,0,6,5,0,5,0,0,0,0,0,0
2026-09-29,social-welfare,322,285,12,15,5,3,2,0,312,154,0,143,3,6,0,1,1,0
2026-09-29,travel-and-recreation,33,27,0,5,0,0,1,0,32,15,0,11,0,3,0,0,1,0
2026-09-29,unknown,122,0,55,22,33,8,4,0,77,100,0,0,47,18,25,7,3,0
2026-09-30,about,9,8,0,1,0,0,0,0,9,3,0,2,0,1,0,0,0,0
2026-09-30,birth-family-relationships,29,25,1,3,0,0,0,0,29,16,0,14,0,2,0,0,0,0
2026-09-30,consumer,17,16,0,1,0,0,0,0,17,5,0,4,0,1,0,0,0,0
2026-09-30,death,6,6,0,0,0,0,0,0,6,1,0,1,0,0,0,0,0,0
2026-09-30,education,23,20,1,1,1,0,0,0,22,13,0,11,1,1,0,0,0,0
2026-09-30,employment,77,71,1,4,1,0,0,0,76,38,0,36,0,2,0,0,0,0
2026-09-30,environment,4,3,0,1,0,0,0,0,4,3,0,2,0,1,0,0,0,0
2026-09-30,government-in-ireland,12,10,0,1,0,1,0,0,11,5,0,4,0,0,0,1,0,0
2026-09-30,health,41,40,0,0,1,0,0,0,40,22,0,22,0,0,0,0,0,0
2026-09-30,housing,105,87,8,9,0,1,0,0,104,48,0,42,1,5,0,0,0,0
2026-09-30,justice,36,27,2,5,0,0,2,0,34,15,0,11,1,1,0,0,2,0
2026-09-30,money-and-tax,49,41,2,5,1,0,0,0,48,25,0,21,0,4,0,0,0,0
2026-09-30,moving-country,30,25,2,2,0,0,1,0,29,17,0,14,1,1,0,0,1,0
2026-09-30,returning-to-ireland,10,9,0,1,0,0,0,0,10,6,0,5,0,1,0,0,0,0
2026-09-30,social-welfare,296,262,6,17,8,2,0,1,286,141,0,131,1,9,0,0,0,0
2026-09-30,travel-and-recreation,34,32,0,1,0,1,0,0,33,15,0,14,0,1,0,0,0,0
2026-09-30,unknown,106,0,50,28,13,9,6,0,78,78,0,0,39,21,7,6,5,0
2026-10-01,about,11,8,0,1,0,0,0,2,11,4,0,2,0,1,0,0,0,1
2026-10-01,birth-family-relationships,15,13,0,1,0,1,0,0,14,9,0,9,0,0,0,0,0,0
2026-10-01,consumer,23,18,0,3,1,0,1,0,21,11,0,10,0,1,0,0,0,0
2026-10-01,death,20,18,1,1,0,0,0,0,20,9,0,7,1,1,0,0,0,0
2026-10-01,education,20,19,0,1,0,0,0,0,20,9,0,9,0,0,0,0,0,0
2026-10-01,employment,44,38,3,3,0,0,0,0,44,25,1,21,1,3,0,0,0,0
2026-10-01,environment,8,7,0,1,0,0,0,0,8,3,0,2,0,1,0,0,0,0
2026-10-01,government-in-ireland,10,8,0,1,0,1,0,0,9,7,0,6,0,1,0,0,0,0
2026-10-01,health,29,25,2,2,0,0,0,0,29,12,0,11,0,1,0,0,0,0
2026-10-01,housing,97,85,3,8,0,0,1,0,96,39,0,36,0,2,0,0,1,0
2026-10-01,justice,13,11,0,2,0,0,0,0,13,6,0,5,0,1,0,0,0,0
2026-10-01,money-and-tax,40,34,3,3,0,0,0,0,40,23,0,21,0,2,0,0,0,0
2026-10-01,moving-country,39,34,0,4,0,1,0,0,38,24,0,20,0,3,0,1,0,0
2026-10-01,returning-to-ireland,1,1,0,0,0,0,0,0,1,1,0,1,0,0,0,0,0,0
2026-10-01,social-welfare,275,256,3,12,2,1,1,0,271,156,0,145,2,8,0,1,0,0
2026-10-01,travel-and-recreation,53,44,5,2,1,1,0,0,51,20,0,17,1,2,0,0,0,0
2026-10-01,unknown,82,0,47,24,4,7,0,0,71,69,0,0,44,20,1,4,0,0
2026-10-02,about,4,4,0,0,0,0,0,0,4,1,0,1,0,0,0,0,0,0
2026-10-02,birth-family-relationships,22,13,1,6,0,2,0,0,20,10,0,8,0,2,0,0,0,0
2026-10-02,consumer,31,22,0,8,0,1,0,0,30,12,0,10,0,2,0,0,0,0
2026-10-02,death,11,10,0,1,0,0,0,0,11,8,0,7,0,1,0,0,0,0
2026-10-02,education,28,24,2,2,0,0,0,0,28,14,0,12,0,2,0,0,0,0
2026-10-02,employment,74,69,3,1,0,1,0,0,73,33,0,32,1,0,0,0,0,0
2026-10-02,environment,6,6,0,0,0,0,0,0,6,4,0,4,0,0,0,0,0,0
2026-10-02,government-in-ireland,10,8,1,1,0,0,0,0,10,4,0,3,0,1,0,0,0,0
2026-10-02,health,41,36,1,1,0,1,2,0,38,22,0,19,0,0,0,1,2,0
2026-10-02,housing,87,77,2,7,0,1,0,0,86,30,0,25,0,4,0,1,0,0
2026-10-02,justice,11,11,0,0,0,0,0,0,11,6,0,6,0,0,0,0,0,0
2026-10-02,money-and-tax,41,39,1,0,0,1,0,0,40,30,0,28,1,0,0,1,0,0
2026-10-02,moving-country,54,44,5,4,0,0,0,1,54,21,0,18,1,2,0,0,0,0
2026-10-02,returning-to-ireland,5,4,0,0,0,1,0,0,4,3,0,3,0,0,0,0,0,0
2026-10-02,social-welfare,255,221,6,23,0,2,3,0,250,125,0,113,1,9,0,1,1,0
2026-10-02,travel-and-recreation,35,33,0,1,0,1,0,0,34,15,0,14,0,1,0,0,0,0
2026-10-02,unknown,70,0,30,19,3,12,5,1,50,53,0,0,26,17,2,4,3,1
2026-10-03,about,8,7,0,1,0,0,0,0,8,2,0,1,0,1,0,0,0,0
2026-10-03,birth-family-relationships,14,12,0,2,0,0,0,0,14,6,0,5,0,1,0,0,0,0
2026-10-03,consumer,6,6,0,0,0,0,0,0,6,3,0,3,0,0,0,0,0,0
2026-10-03,death,3,3,0,0,0,0,0,0,3,3,0,3,0,0,0,0,0,0
2026-10-03,education,3,3,0,0,0,0,0,0,3,2,0,2,0,0,0,0,0,0
2026-10-03,employment,6,6,0,0,0,0,0,0,6,4,0,4,0,0,0,0,0,0
2026-10-03,government-in-ireland,4,3,1,0,0,0,0,0,4,1,0,1,0,0,0,0,0,0
2026-10-03,health,9,9,0,0,0,0,0,0,9,7,0,7,0,0,0,0,0,0
2026-10-03,housing,39,31,1,5,0,1,1,0,37,15,0,12,0,3,0,0,0,0
2026-10-03,justice,8,6,1,0,0,1,0,0,7,5,0,3,1,0,0,1,0,0
2026-10-03,money-and-tax,28,26,2,0,0,0,0,0,28,16,0,16,0,0,0,0,0,0
2026-10-03,moving-country,19,17,1,0,0,0,1,0,18,8,0,6,1,0,0,0,1,0
2026-10-03,returning-to-ireland,7,7,0,0,0,0,0,0,7,5,0,5,0,0,0,0,0,0
2026-10-03,social-welfare,180,161,8,9,0,2,0,0,178,80,0,71,2,7,0,0,0,0
2026-10-03,travel-and-recreation,14,12,0,0,0,1,1,0,12,7,0,6,0,0,0,0,1,0
2026-10-03,unknown,35,0,19,10,3,2,1,0,29,29,0,0,17,9,0,2,1,0
2026-10-04,about,1,1,0,0,0,0,0,0,1,1,0,1,0,0,0,0,0,0
2026-10-04,birth-family-relationships,17,11,0,1,0,4,0,1,13,5,0,3,0,1,0,1,0,0
2026-10-04,consumer,10,9,1,0,0,0,0,0,10,5,0,5,0,0,0,0,0,0
2026-10-04,death,4,4,0,0,0,0,0,0,4,3,0,3,0,0,0,0,0,0
2026-10-04,education,8,8,0,0,0,0,0,0,8,5,0,5,0,0,0,0,0,0
2026-10-04,employment,24,21,2,1,0,0,0,0,24,10,0,8,1,1,0,0,0,0
2026-10-04,environment,1,1,0,0,0,0,0,0,1,1,0,1,0,0,0,0,0,0
2026-10-04,government-in-ireland,5,4,0,1,0,0,0,0,5,2,0,1,0,1,0,0,0,0
2026-10-04,health,17,13,0,4,0,0,0,0,17,6,0,5,0,1,0,0,0,0
2026-10-04,housing,56,49,1,5,1,0,0,0,55,25,0,23,0,2,0,0,0,0
2026-10-04,justice,5,5,0,0,0,0,0,0,5,2,0,2,0,0,0,0,0,0
2026-10-04,money-and-tax,21,21,0,0,0,0,0,0,21,14,0,14,0,0,0,0,0,0
2026-10-04,moving-country,37,30,2,4,0,1,0,0,36,13,0,12,0,1,0,0,0,0
2026-10-04,returning-to-ireland,2,2,0,0,0,0,0,0,2,1,0,1,0,0,0,0,0,0
2026-10-04,social-welfare,162,145,3,13,0,1,0,0,161,76,0,71,1,4,0,0,0,0
2026-10-04,travel-and-recreation,31,28,1,2,0,0,0,0,31,11,0,11,0,0,0,0,0,0
2026-10-04,unknown,52,0,16,29,1,4,2,0,45,26,0,0,13,11,0,1,1,0
2026-10-05,about,6,4,1,0,0,0,1,0,5,3,0,2,0,0,0,0,1,0
2026-10-05,birth-family-relationships,35,32,1,2,0,0,0,0,35,16,0,14,1,1,0,0,0,0
2026-10-05,consumer,11,7,0,3,1,0,0,0,10,6,0,5,0,1,0,0,0,0
2026-10-05,death,9,9,0,0,0,0,0,0,9,5,0,5,0,0,0,0,0,0
2026-10-05,education,26,21,1,3,0,1,0,0,25,16,0,12,1,2,0,1,0,0
2026-10-05,employment,60,53,3,4,0,0,0,0,60,29,0,25,1,3,0,0,0,0
2026-10-05,environment,12,8,1,3,0,0,0,0,12,7,0,5,1,1,0,0,0,0
2026-10-05,government-in-ireland,6,3,1,0,0,2,0,0,4,2,0,2,0,0,0,0,0,0
2026-10-05,health,44,36,1,7,0,0,0,0,44,23,0,17,1,5,0,0,0,0
2026-10-05,housing,79,62,4,10,1,0,2,0,76,24,0,19,1,3,0,0,1,0
2026-10-05,justice,16,13,1,2,0,0,0,0,16,8,0,7,0,1,0,0,0,0
2026-10-05,money-and-tax,41,37,1,3,0,0,0,0,41,26,0,24,0,2,0,0,0,0
2026-10-05,moving-country,38,33,1,1,0,2,0,1,36,18,0,18,0,0,0,0,0,0
2026-10-05,returning-to-ireland,13,12,0,0,0,0,1,0,12,8,0,7,0,0,0,0,1,0
2026-10-05,social-welfare,277,239,7,25,2,0,4,0,271,131,1,114,2,11,0,0,4,0
2026-10-05,travel-and-recreation,47,42,0,4,0,1,0,0,46,18,0,16,0,2,0,0,0,0
2026-10-05,unknown,139,0,44,44,4,36,11,0,88,74,0,0,43,14,3,12,2,0
2026-10-06,about,15,7,0,4,0,4,0,0,11,2,0,1,0,0,0,1,0,0
2026-10-06,birth-family-relationships,57,52,2,3,0,0,0,0,57,28,0,25,0,3,0,0,0,0
2026-10-06,consumer,37,32,1,3,0,0,1,0,36,23,0,21,0,1,0,0,1,0
2026-10-06,death,13,10,0,3,0,0,0,0,13,10,0,7,0,3,0,0,0,0
2026-10-06,education,58,50,1,7,0,0,0,0,58,37,0,33,0,4,0,0,0,0
2026-10-06,employment,129,109,1,14,1,2,1,1,125,74,0,65,0,8,0,0,1,0
2026-10-06,environment,9,7,0,2,0,0,0,0,9,6,0,5,0,1,0,0,0,0
2026-10-06,government-in-ireland,11,10,1,0,0,0,0,0,11,9,0,8,1,0,0,0,0,0
2026-10-06,health,69,61,0,6,0,0,2,0,67,42,0,38,0,2,0,0,2,0
2026-10-06,housing,157,130,6,17,1,1,1,1,154,60,0,52,1,7,0,0,0,0
2026-10-06,justice,31,28,1,2,0,0,0,0,31,12,0,12,0,0,0,0,0,0
2026-10-06,money-and-tax,449,382,20,42,2,1,2,0,444,262,1,239,2,21,0,0,0,0
2026-10-06,moving-country,65,56,2,5,0,1,0,1,64,36,0,32,1,2,0,0,0,1
2026-10-06,returning-to-ireland,37,29,1,6,0,0,1,0,36,20,0,16,0,3,0,0,1,0
2026-10-06,social-welfare,761,657,29,69,4,2,0,0,755,384,0,340,7,37,0,0,0,0
2026-10-06,travel-and-recreation,61,58,0,3,0,0,0,0,61,31,0,30,0,1,0,0,0,0
2026-10-06,unknown,254,0,119,77,20,32,4,2,198,213,0,0,111,65,10,22,3,2
2026-10-07,about,13,9,1,3,0,0,0,0,13,4,0,2,0,2,0,0,0,0
2026-10-07,birth-family-relationships,19,15,1,1,1,1,0,0,17,11,0,9,0,1,0,1,0,0
2026-10-07,consumer,9,8,0,1,0,0,0,0,9,6,0,5,0,1,0,0,0,0
2026-10-07,death,13,13,0,0,0,0,0,0,13,6,0,6,0,0,0,0,0,0
2026-10-07,education,81,65,5,10,1,0,0,0,80,37,1,27,1,9,0,0,0,0
2026-10-07,employment,81,70,2,8,1,0,0,0,80,43,0,38,1,4,0,0,0,0
2026-10-07,environment,5,3,0,2,0,0,0,0,5,3,0,2,0,1,0,0,0,0
2026-10-07,government-in-ireland,7,7,0,0,0,0,0,0,7,5,0,5,0,0,0,0,0,0
2026-10-07,health,48,42,2,4,0,0,0,0,48,30,0,28,0,2,0,0,0,0
2026-10-07,housing,151,138,5,6,1,1,0,0,149,49,0,45,1,2,0,1,0,0
2026-10-07,justice,9,7,0,0,1,1,0,0,7,3,0,2,0,0,0,1,0,0
2026-10-07,money-and-tax,428,374,16,28,1,4,5,0,418,248,0,226,3,18,0,0,1,0
2026-10-07,moving-country,47,37,3,5,0,0,2,0,45,20,0,17,0,3,0,0,0,0
2026-10-07,returning-to-ireland,30,24,0,3,1,1,1,0,27,16,0,15,0,1,0,0,0,0
2026-10-07,social-welfare,734,656,20,42,4,7,4,1,719,347,0,314,6,22,0,3,1,1
2026-10-07,travel-and-recreation,56,51,0,5,0,0,0,0,56,16,0,13,0,3,0,0,0,0
2026-10-07,unknown,229,0,128,54,14,29,3,1,183,169,0,0,107,38,2,20,1,1
