Date,Kind,Bucket,Turns,LatencySumMs
2026-01-01,citations,0,2,6396
2026-01-01,citations,1,16,121883
2026-01-01,citations,2,6,47208
2026-01-01,citations,3,5,39390
2026-01-01,citations,4,2,14953
2026-01-01,citations,6+,1,7755
2026-01-01,words,101-150,9,70405
2026-01-01,words,151-200,12,93514
2026-01-01,words,201-300,6,50407
2026-01-01,words,51-100,5,23259
2026-01-02,citations,0,4,13703
2026-01-02,citations,1,65,414547
2026-01-02,citations,2,26,197070
2026-01-02,citations,3,14,117927
2026-01-02,citations,4,4,37834
2026-01-02,citations,5,4,32032
2026-01-02,citations,6+,11,105910
2026-01-02,words,0-50,1,3065
2026-01-02,words,101-150,38,227305
2026-01-02,words,151-200,47,384220
2026-01-02,words,201-300,24,210307
2026-01-02,words,51-100,18,94126
2026-01-03,citations,0,1,9418
2026-01-03,citations,1,7,47186
2026-01-03,citations,2,4,30856
2026-01-03,citations,6+,2,17384
2026-01-03,words,101-150,2,11407
2026-01-03,words,151-200,7,50108
2026-01-03,words,201-300,3,27983
2026-01-03,words,301+,1,10608
2026-01-03,words,51-100,1,4738
2026-01-04,citations,1,12,76786
2026-01-04,citations,2,6,39275
2026-01-04,citations,3,1,4920
2026-01-04,citations,4,1,6558
2026-01-04,citations,5,3,22294
2026-01-04,words,101-150,6,37671
2026-01-04,words,151-200,6,38892
2026-01-04,words,201-300,8,54951
2026-01-04,words,51-100,3,18319
2026-01-05,citations,0,4,11887
2026-01-05,citations,1,105,680606
2026-01-05,citations,2,68,487697
2026-01-05,citations,3,28,237759
2026-01-05,citations,4,17,158950
2026-01-05,citations,5,5,44515
2026-01-05,citations,6+,12,117176
2026-01-05,words,0-50,1,3071
2026-01-05,words,101-150,62,376651
2026-01-05,words,151-200,81,650033
2026-01-05,words,201-300,51,439218
2026-01-05,words,301+,5,55838
2026-01-05,words,51-100,39,213779
2026-01-06,citations,0,8,28325
2026-01-06,citations,1,66,584422
2026-01-06,citations,2,58,531109
2026-01-06,citations,3,26,261773
2026-01-06,citations,4,8,97393
2026-01-06,citations,5,8,78667
2026-01-06,citations,6+,5,47651
2026-01-06,words,0-50,2,7172
2026-01-06,words,101-150,57,494636
2026-01-06,words,151-200,54,517938
2026-01-06,words,201-300,49,513018
2026-01-06,words,301+,1,12507
2026-01-06,words,51-100,16,84069
2026-01-07,citations,0,14,42341
2026-01-07,citations,1,118,921250
2026-01-07,citations,2,73,675117
2026-01-07,citations,3,31,308658
2026-01-07,citations,4,9,87834
2026-01-07,citations,5,6,89360
2026-01-07,citations,6+,14,158888
2026-01-07,words,0-50,6,22166
2026-01-07,words,101-150,70,587060
2026-01-07,words,151-200,87,826773
2026-01-07,words,201-300,65,632437
2026-01-07,words,51-100,37,215012
2026-01-08,citations,0,7,22665
2026-01-08,citations,1,108,855346
2026-01-08,citations,2,59,530297
2026-01-08,citations,3,30,298744
2026-01-08,citations,4,8,90776
2026-01-08,citations,5,5,62719
2026-01-08,citations,6+,8,96508
2026-01-08,words,0-50,2,5446
2026-01-08,words,101-150,49,373937
2026-01-08,words,151-200,90,806443
2026-01-08,words,201-300,58,617984
2026-01-08,words,51-100,26,153245
2026-01-09,citations,0,11,43847
2026-01-09,citations,1,92,606106
2026-01-09,citations,2,54,386189
2026-01-09,citations,3,25,203036
2026-01-09,citations,4,7,58317
2026-01-09,citations,5,4,37381
2026-01-09,citations,6+,8,70722
2026-01-09,words,0-50,5,18767
2026-01-09,words,101-150,54,360540
2026-01-09,words,151-200,77,600435
2026-01-09,words,201-300,37,280958
2026-01-09,words,51-100,28,144898
2026-01-10,citations,0,2,5836
2026-01-10,citations,1,19,108656
2026-01-10,citations,2,7,44049
2026-01-10,citations,3,4,28616
2026-01-10,citations,6+,2,17153
2026-01-10,words,0-50,1,3131
2026-01-10,words,101-150,14,78588
2026-01-10,words,151-200,8,54092
2026-01-10,words,201-300,4,25490
2026-01-10,words,301+,2,22093
2026-01-10,words,51-100,5,20916
2026-01-11,citations,0,2,6198
2026-01-11,citations,1,25,147957
2026-01-11,citations,2,20,138451
2026-01-11,citations,3,9,61694
2026-01-11,citations,5,1,7605
2026-01-11,citations,6+,1,6660
2026-01-11,words,101-150,8,47753
2026-01-11,words,151-200,22,141822
2026-01-11,words,201-300,20,143895
2026-01-11,words,51-100,8,35095
2026-01-12,citations,0,24,100856
2026-01-12,citations,1,117,788695
2026-01-12,citations,2,70,533135
2026-01-12,citations,3,21,156275
2026-01-12,citations,4,13,119631
2026-01-12,citations,5,6,54417
2026-01-12,citations,6+,1,17164
2026-01-12,words,0-50,8,29308
2026-01-12,words,101-150,72,472232
2026-01-12,words,151-200,98,755641
2026-01-12,words,201-300,34,306300
2026-01-12,words,51-100,40,206692
2026-01-13,citations,0,18,74399
2026-01-13,citations,1,132,1004848
2026-01-13,citations,2,82,654000
2026-01-13,citations,3,37,321249
2026-01-13,citations,4,10,107334
2026-01-13,citations,5,7,68120
2026-01-13,citations,6+,6,56878
2026-01-13,words,0-50,6,23733
2026-01-13,words,101-150,94,671324
2026-01-13,words,151-200,126,1089230
2026-01-13,words,201-300,39,354310
2026-01-13,words,301+,1,12124
2026-01-13,words,51-100,26,136107
2026-01-14,citations,0,16,61400
2026-01-14,citations,1,159,1207031
2026-01-14,citations,2,69,596663
2026-01-14,citations,3,34,323358
2026-01-14,citations,4,9,93748
2026-01-14,citations,5,1,9276
2026-01-14,citations,6+,2,22288
2026-01-14,words,0-50,4,14386
2026-01-14,words,101-150,105,761281
2026-01-14,words,151-200,97,830541
2026-01-14,words,201-300,51,522039
2026-01-14,words,301+,1,13636
2026-01-14,words,51-100,32,171881
2026-01-15,citations,0,32,127347
2026-01-15,citations,1,130,1020571
2026-01-15,citations,2,84,733256
2026-01-15,citations,3,34,282731
2026-01-15,citations,4,9,86051
2026-01-15,citations,5,3,28538
2026-01-15,citations,6+,4,38062
2026-01-15,words,0-50,11,43622
2026-01-15,words,101-150,86,648092
2026-01-15,words,151-200,110,945681
2026-01-15,words,201-300,47,459018
2026-01-15,words,301+,1,7331
2026-01-15,words,51-100,41,212812
2026-01-16,citations,0,29,121586
2026-01-16,citations,1,218,1669144
2026-01-16,citations,2,121,1022262
2026-01-16,citations,3,39,313594
2026-01-16,citations,4,13,111087
2026-01-16,citations,5,9,72677
2026-01-16,citations,6+,11,106430
2026-01-16,words,0-50,11,43690
2026-01-16,words,101-150,141,1029702
2026-01-16,words,151-200,166,1383848
2026-01-16,words,201-300,74,678637
2026-01-16,words,51-100,48,280903
2026-01-17,citations,0,5,25304
2026-01-17,citations,1,15,111519
2026-01-17,citations,2,3,26948
2026-01-17,citations,3,4,35306
2026-01-17,words,101-150,11,83881
2026-01-17,words,151-200,5,46359
2026-01-17,words,201-300,2,17327
2026-01-17,words,51-100,9,51510
2026-01-18,citations,0,9,27594
2026-01-18,citations,1,22,129587
2026-01-18,citations,2,13,85642
2026-01-18,citations,3,10,101833
2026-01-18,citations,4,2,12209
2026-01-18,citations,5,3,23993
2026-01-18,words,0-50,6,19954
2026-01-18,words,101-150,17,100219
2026-01-18,words,151-200,17,112890
2026-01-18,words,201-300,11,114530
2026-01-18,words,51-100,8,33265
2026-01-19,citations,0,28,136889
2026-01-19,citations,1,165,1230621
2026-01-19,citations,2,79,639136
2026-01-19,citations,3,41,372552
2026-01-19,citations,4,13,101941
2026-01-19,citations,5,10,105521
2026-01-19,citations,6+,3,38588
2026-01-19,words,0-50,12,50173
2026-01-19,words,101-150,103,735669
2026-01-19,words,151-200,128,1084315
2026-01-19,words,201-300,55,513512
2026-01-19,words,301+,1,12925
2026-01-19,words,51-100,40,228654
2026-01-20,citations,0,16,82287
2026-01-20,citations,1,167,1351247
2026-01-20,citations,2,81,778430
2026-01-20,citations,3,38,331485
2026-01-20,citations,4,20,197467
2026-01-20,citations,5,6,68347
2026-01-20,citations,6+,5,60800
2026-01-20,words,0-50,5,22185
2026-01-20,words,101-150,105,832472
2026-01-20,words,151-200,117,1088455
2026-01-20,words,201-300,67,681802
2026-01-20,words,301+,1,12897
2026-01-20,words,51-100,38,232252
2026-01-21,citations,0,28,123142
2026-01-21,citations,1,161,1193682
2026-01-21,citations,2,85,705098
2026-01-21,citations,3,31,255467
2026-01-21,citations,4,16,156311
2026-01-21,citations,5,7,70871
2026-01-21,citations,6+,8,88859
2026-01-21,words,0-50,9,42480
2026-01-21,words,101-150,89,635531
2026-01-21,words,151-200,125,1058295
2026-01-21,words,201-300,64,587206
2026-01-21,words,301+,2,17080
2026-01-21,words,51-100,47,252838
2026-01-22,citations,0,22,114081
2026-01-22,citations,1,162,1251530
2026-01-22,citations,2,92,784093
2026-01-22,citations,3,45,409991
2026-01-22,citations,4,20,177407
2026-01-22,citations,5,5,48641
2026-01-22,citations,6+,2,29652
2026-01-22,words,0-50,7,32920
2026-01-22,words,101-150,101,776190
2026-01-22,words,151-200,128,1089080
2026-01-22,words,201-300,62,616789
2026-01-22,words,301+,2,19188
2026-01-22,words,51-100,48,281228
2026-01-23,citations,0,13,58069
2026-01-23,citations,1,87,712573
2026-01-23,citations,2,46,379529
2026-01-23,citations,3,24,222664
2026-01-23,citations,4,10,96319
2026-01-23,citations,5,2,17955
2026-01-23,citations,6+,1,11305
2026-01-23,words,0-50,8,39591
2026-01-23,words,101-150,52,409715
2026-01-23,words,151-200,70,627750
2026-01-23,words,201-300,33,308516
2026-01-23,words,51-100,20,112842
2026-01-24,citations,0,4,13122
2026-01-24,citations,1,14,94948
2026-01-24,citations,2,23,167439
2026-01-24,citations,3,8,77416
2026-01-24,citations,4,4,40896
2026-01-24,citations,5,1,12931
2026-01-24,words,0-50,2,5760
2026-01-24,words,101-150,10,69648
2026-01-24,words,151-200,26,186945
2026-01-24,words,201-300,13,129643
2026-01-24,words,51-100,3,14756
2026-01-25,citations,0,4,16576
2026-01-25,citations,1,9,72170
2026-01-25,citations,2,10,78943
2026-01-25,citations,3,2,16108
2026-01-25,citations,4,2,18661
2026-01-25,citations,5,2,18523
2026-01-25,citations,6+,3,27513
2026-01-25,words,0-50,2,5849
2026-01-25,words,101-150,5,42162
2026-01-25,words,151-200,15,122506
2026-01-25,words,201-300,7,61806
2026-01-25,words,51-100,3,16171
2026-01-26,citations,0,16,82535
2026-01-26,citations,1,115,906623
2026-01-26,citations,2,70,651406
2026-01-26,citations,3,31,306100
2026-01-26,citations,4,6,66200
2026-01-26,citations,6+,3,36679
2026-01-26,words,0-50,6,25487
2026-01-26,words,101-150,76,586131
2026-01-26,words,151-200,82,759221
2026-01-26,words,201-300,43,445412
2026-01-26,words,51-100,34,233292
2026-01-27,citations,0,4,405733
2026-01-27,citations,1,22,185607
2026-01-27,citations,2,7,71330
2026-01-27,citations,3,1,9180
2026-01-27,citations,4,3,29250
2026-01-27,citations,6+,1,16616
2026-01-27,words,0-50,1,162045
2026-01-27,words,101-150,17,138076
2026-01-27,words,151-200,10,88322
2026-01-27,words,201-300,5,67868
2026-01-27,words,51-100,5,261405
2026-01-28,citations,0,31,117955
2026-01-28,citations,1,88,724869
2026-01-28,citations,2,66,600735
2026-01-28,citations,3,31,296026
2026-01-28,citations,4,14,150883
2026-01-28,citations,5,5,61253
2026-01-28,citations,6+,7,91285
2026-01-28,words,0-50,11,36910
2026-01-28,words,101-150,69,575407
2026-01-28,words,151-200,68,647766
2026-01-28,words,201-300,55,579017
2026-01-28,words,51-100,39,203906
2026-01-29,citations,0,19,103785
2026-01-29,citations,1,122,1022422
2026-01-29,citations,2,63,594340
2026-01-29,citations,3,35,382738
2026-01-29,citations,4,9,94775
2026-01-29,citations,5,3,39484
2026-01-29,citations,6+,6,71535
2026-01-29,words,0-50,6,27809
2026-01-29,words,101-150,91,750729
2026-01-29,words,151-200,87,831221
2026-01-29,words,201-300,43,518658
2026-01-29,words,51-100,30,180662
2026-01-30,citations,0,1,4414
2026-01-30,citations,1,68,595601
2026-01-30,citations,2,48,447308
2026-01-30,citations,3,19,184993
2026-01-30,citations,4,13,138740
2026-01-30,citations,5,5,50623
2026-01-30,citations,6+,5,47694
2026-01-30,words,0-50,1,5265
2026-01-30,words,101-150,55,479826
2026-01-30,words,151-200,69,642707
2026-01-30,words,201-300,26,289361
2026-01-30,words,51-100,8,52214
2026-01-31,citations,1,27,212972
2026-01-31,citations,2,10,79547
2026-01-31,citations,3,5,49005
2026-01-31,citations,4,2,17779
2026-01-31,words,0-50,1,7224
2026-01-31,words,101-150,13,101277
2026-01-31,words,151-200,21,180492
2026-01-31,words,201-300,7,61129
2026-01-31,words,51-100,2,9181
2026-02-01,citations,0,6,29786
2026-02-01,citations,1,28,199671
2026-02-01,citations,2,19,145567
2026-02-01,citations,3,5,43232
2026-02-01,citations,4,2,15689
2026-02-01,citations,6+,1,10949
2026-02-01,words,0-50,2,8247
2026-02-01,words,101-150,19,119569
2026-02-01,words,151-200,17,140920
2026-02-01,words,201-300,13,117970
2026-02-01,words,51-100,10,58188
2026-02-02,citations,0,3,13051
2026-02-02,citations,1,15,141158
2026-02-02,citations,2,15,164526
2026-02-02,citations,3,10,125639
2026-02-02,citations,4,3,42087
2026-02-02,citations,5,1,16787
2026-02-02,citations,6+,1,12199
2026-02-02,words,0-50,4,17972
2026-02-02,words,101-150,10,86443
2026-02-02,words,151-200,20,240974
2026-02-02,words,201-300,8,108037
2026-02-02,words,301+,2,30193
2026-02-02,words,51-100,4,31828
2026-02-03,citations,0,9,46731
2026-02-03,citations,1,110,1037611
2026-02-03,citations,2,61,644539
2026-02-03,citations,3,24,290859
2026-02-03,citations,4,9,115937
2026-02-03,citations,5,2,24415
2026-02-03,citations,6+,1,11459
2026-02-03,words,0-50,3,13526
2026-02-03,words,101-150,76,695006
2026-02-03,words,151-200,77,837793
2026-02-03,words,201-300,42,495237
2026-02-03,words,51-100,18,129989
2026-02-04,citations,0,9,40892
2026-02-04,citations,1,91,871319
2026-02-04,citations,2,76,783724
2026-02-04,citations,3,22,252701
2026-02-04,citations,4,18,213015
2026-02-04,citations,5,4,53670
2026-02-04,citations,6+,3,36123
2026-02-04,words,0-50,1,3900
2026-02-04,words,101-150,69,660800
2026-02-04,words,151-200,88,951160
2026-02-04,words,201-300,38,471100
2026-02-04,words,51-100,27,164484
2026-02-05,citations,0,15,75642
2026-02-05,citations,1,112,1016869
2026-02-05,citations,2,68,719544
2026-02-05,citations,3,29,306324
2026-02-05,citations,4,10,127774
2026-02-05,citations,5,5,72851
2026-02-05,citations,6+,9,124509
2026-02-05,words,0-50,7,33277
2026-02-05,words,101-150,79,736567
2026-02-05,words,151-200,73,820005
2026-02-05,words,201-300,50,597641
2026-02-05,words,301+,1,7262
2026-02-05,words,51-100,38,248761
2026-02-06,citations,0,15,57786
2026-02-06,citations,1,117,1133503
2026-02-06,citations,2,90,1001499
2026-02-06,citations,3,26,293008
2026-02-06,citations,4,13,166236
2026-02-06,citations,5,8,118183
2026-02-06,citations,6+,3,55311
2026-02-06,words,0-50,5,17062
2026-02-06,words,101-150,77,723602
2026-02-06,words,151-200,100,1139347
2026-02-06,words,201-300,47,606043
2026-02-06,words,301+,2,35663
2026-02-06,words,51-100,41,303809
2026-02-07,citations,0,2,6158
2026-02-07,citations,1,21,148499
2026-02-07,citations,2,12,138534
2026-02-07,citations,3,3,32660
2026-02-07,citations,5,1,10414
2026-02-07,citations,6+,2,25632
2026-02-07,words,101-150,9,59000
2026-02-07,words,151-200,13,118159
2026-02-07,words,201-300,15,167430
2026-02-07,words,51-100,4,17308
2026-02-08,citations,0,2,7381
2026-02-08,citations,1,10,77191
2026-02-08,citations,2,8,78502
2026-02-08,citations,3,2,17734
2026-02-08,citations,5,1,20474
2026-02-08,words,101-150,10,92886
2026-02-08,words,151-200,7,65303
2026-02-08,words,201-300,3,29609
2026-02-08,words,51-100,3,13484
2026-02-09,citations,0,21,112045
2026-02-09,citations,1,93,928784
2026-02-09,citations,2,64,723189
2026-02-09,citations,3,21,229950
2026-02-09,citations,4,7,88937
2026-02-09,citations,5,4,41055
2026-02-09,citations,6+,6,60777
2026-02-09,words,0-50,7,34432
2026-02-09,words,101-150,68,633344
2026-02-09,words,151-200,72,822326
2026-02-09,words,201-300,41,492051
2026-02-09,words,51-100,28,202584
2026-02-10,citations,0,15,89241
2026-02-10,citations,1,101,1032400
2026-02-10,citations,2,74,818483
2026-02-10,citations,3,34,447122
2026-02-10,citations,4,10,137507
2026-02-10,citations,5,4,64574
2026-02-10,citations,6+,4,54843
2026-02-10,words,0-50,6,29837
2026-02-10,words,101-150,77,788580
2026-02-10,words,151-200,92,1112587
2026-02-10,words,201-300,38,500890
2026-02-10,words,51-100,29,212276
2026-02-11,citations,0,10,40554
2026-02-11,citations,1,81,733961
2026-02-11,citations,2,56,549366
2026-02-11,citations,3,26,277441
2026-02-11,citations,4,6,66174
2026-02-11,citations,5,6,56557
2026-02-11,citations,6+,4,44357
2026-02-11,words,0-50,4,12687
2026-02-11,words,101-150,46,407434
2026-02-11,words,151-200,74,726577
2026-02-11,words,201-300,44,487778
2026-02-11,words,51-100,21,133934
2026-02-12,citations,0,19,84281
2026-02-12,citations,1,107,897083
2026-02-12,citations,2,64,623148
2026-02-12,citations,3,36,357515
2026-02-12,citations,4,11,117540
2026-02-12,citations,5,5,54478
2026-02-12,citations,6+,5,54913
2026-02-12,words,0-50,8,26174
2026-02-12,words,101-150,69,593835
2026-02-12,words,151-200,99,899291
2026-02-12,words,201-300,46,515886
2026-02-12,words,301+,1,10174
2026-02-12,words,51-100,24,143598
2026-02-13,citations,0,6,21827
2026-02-13,citations,1,83,707225
2026-02-13,citations,2,46,479355
2026-02-13,citations,3,24,247922
2026-02-13,citations,4,5,41869
2026-02-13,citations,5,5,59474
2026-02-13,citations,6+,3,32315
2026-02-13,words,0-50,3,7918
2026-02-13,words,101-150,43,329538
2026-02-13,words,151-200,69,705754
2026-02-13,words,201-300,33,371709
2026-02-13,words,301+,1,20436
2026-02-13,words,51-100,23,154632
2026-02-14,citations,0,3,8338
2026-02-14,citations,1,4,27847
2026-02-14,citations,2,3,21125
2026-02-14,citations,3,1,12168
2026-02-14,words,101-150,3,19669
2026-02-14,words,151-200,4,34006
2026-02-14,words,201-300,1,7465
2026-02-14,words,51-100,3,8338
2026-02-15,citations,0,3,8065
2026-02-15,citations,1,11,79054
2026-02-15,citations,2,4,28190
2026-02-15,citations,3,3,23520
2026-02-15,citations,4,1,9915
2026-02-15,citations,6+,1,11601
2026-02-15,words,0-50,1,2970
2026-02-15,words,101-150,8,63216
2026-02-15,words,151-200,4,28263
2026-02-15,words,201-300,6,51225
2026-02-15,words,51-100,4,14671
2026-02-16,citations,0,10,40744
2026-02-16,citations,1,107,800363
2026-02-16,citations,2,66,628498
2026-02-16,citations,3,34,347788
2026-02-16,citations,4,7,80736
2026-02-16,citations,5,3,31945
2026-02-16,citations,6+,5,57119
2026-02-16,words,0-50,5,19537
2026-02-16,words,101-150,62,492859
2026-02-16,words,151-200,89,810688
2026-02-16,words,201-300,48,500300
2026-02-16,words,301+,1,13606
2026-02-16,words,51-100,27,150203
2026-02-17,citations,0,9,46635
2026-02-17,citations,1,112,895181
2026-02-17,citations,2,56,475832
2026-02-17,citations,3,32,306735
2026-02-17,citations,4,11,101839
2026-02-17,citations,5,8,93790
2026-02-17,citations,6+,8,78304
2026-02-17,words,0-50,6,22260
2026-02-17,words,101-150,66,501238
2026-02-17,words,151-200,98,872862
2026-02-17,words,201-300,48,480301
2026-02-17,words,51-100,18,121655
2026-02-18,citations,0,16,64237
2026-02-18,citations,1,100,781665
2026-02-18,citations,2,76,644638
2026-02-18,citations,3,24,223135
2026-02-18,citations,4,11,112977
2026-02-18,citations,5,7,71858
2026-02-18,citations,6+,5,63271
2026-02-18,words,0-50,4,15212
2026-02-18,words,101-150,76,587625
2026-02-18,words,151-200,89,785097
2026-02-18,words,201-300,40,412612
2026-02-18,words,301+,1,9260
2026-02-18,words,51-100,29,151975
2026-02-19,citations,0,18,66835
2026-02-19,citations,1,85,687853
2026-02-19,citations,2,59,502340
2026-02-19,citations,3,20,200661
2026-02-19,citations,4,18,170901
2026-02-19,citations,5,1,11899
2026-02-19,citations,6+,5,44747
2026-02-19,words,0-50,8,30840
2026-02-19,words,101-150,66,488799
2026-02-19,words,151-200,71,638599
2026-02-19,words,201-300,36,376415
2026-02-19,words,301+,1,14433
2026-02-19,words,51-100,24,136150
2026-02-20,citations,0,13,69597
2026-02-20,citations,1,95,741702
2026-02-20,citations,2,67,582323
2026-02-20,citations,3,18,179784
2026-02-20,citations,4,4,40291
2026-02-20,citations,5,7,71074
2026-02-20,citations,6+,4,41192
2026-02-20,words,0-50,5,17303
2026-02-20,words,101-150,63,490006
2026-02-20,words,151-200,84,727692
2026-02-20,words,201-300,37,364907
2026-02-20,words,301+,1,18298
2026-02-20,words,51-100,18,107757
2026-02-21,citations,0,3,7533
2026-02-21,citations,1,9,62318
2026-02-21,citations,2,5,39476
2026-02-21,citations,3,3,23027
2026-02-21,citations,4,1,7637
2026-02-21,words,0-50,1,2702
2026-02-21,words,101-150,8,56166
2026-02-21,words,151-200,2,14923
2026-02-21,words,201-300,6,48940
2026-02-21,words,51-100,4,17260
2026-02-22,citations,0,2,7588
2026-02-22,citations,1,14,99903
2026-02-22,citations,2,15,125368
2026-02-22,citations,3,2,14877
2026-02-22,citations,4,2,15982
2026-02-22,citations,6+,1,8104
2026-02-22,words,101-150,9,63201
2026-02-22,words,151-200,17,130998
2026-02-22,words,201-300,6,54194
2026-02-22,words,301+,1,7939
2026-02-22,words,51-100,3,15490
2026-02-23,citations,0,22,101764
2026-02-23,citations,1,98,811922
2026-02-23,citations,2,63,602727
2026-02-23,citations,3,19,185904
2026-02-23,citations,4,12,119880
2026-02-23,citations,5,6,67963
2026-02-23,citations,6+,4,48274
2026-02-23,words,0-50,8,28241
2026-02-23,words,101-150,72,571880
2026-02-23,words,151-200,64,603194
2026-02-23,words,201-300,51,573317
2026-02-23,words,51-100,29,161802
2026-02-24,citations,0,10,41073
2026-02-24,citations,1,134,1334858
2026-02-24,citations,2,64,672085
2026-02-24,citations,3,35,346516
2026-02-24,citations,4,10,142067
2026-02-24,citations,5,2,18240
2026-02-24,citations,6+,7,115294
2026-02-24,words,0-50,3,11578
2026-02-24,words,101-150,80,739365
2026-02-24,words,151-200,96,1035917
2026-02-24,words,201-300,48,665065
2026-02-24,words,51-100,35,218208
2026-02-25,citations,0,15,70901
2026-02-25,citations,1,60,594349
2026-02-25,citations,2,33,355059
2026-02-25,citations,3,24,256848
2026-02-25,citations,4,6,79476
2026-02-25,citations,5,6,74644
2026-02-25,citations,6+,2,19220
2026-02-25,words,0-50,3,11701
2026-02-25,words,101-150,43,405471
2026-02-25,words,151-200,52,558657
2026-02-25,words,201-300,28,365653
2026-02-25,words,301+,1,13058
2026-02-25,words,51-100,19,95957
2026-02-26,citations,0,13,60412
2026-02-26,citations,1,81,806424
2026-02-26,citations,2,70,744862
2026-02-26,citations,3,22,261652
2026-02-26,citations,4,13,166356
2026-02-26,citations,5,9,101704
2026-02-26,citations,6+,3,25636
2026-02-26,words,0-50,3,15113
2026-02-26,words,101-150,59,549473
2026-02-26,words,151-200,74,801440
2026-02-26,words,201-300,38,505275
2026-02-26,words,301+,3,34221
2026-02-26,words,51-100,34,261524
2026-02-27,citations,0,8,37747
2026-02-27,citations,1,81,786706
2026-02-27,citations,2,54,562344
2026-02-27,citations,3,18,178099
2026-02-27,citations,4,6,48530
2026-02-27,citations,5,6,77092
2026-02-27,citations,6+,1,9505
2026-02-27,words,101-150,58,520783
2026-02-27,words,151-200,64,677247
2026-02-27,words,201-300,27,325791
2026-02-27,words,301+,1,29388
2026-02-27,words,51-100,24,146814
2026-02-28,citations,0,1,3671
2026-02-28,citations,1,22,154987
2026-02-28,citations,2,8,52332
2026-02-28,citations,3,4,29550
2026-02-28,citations,5,1,7549
2026-02-28,citations,6+,2,17475
2026-02-28,words,101-150,13,79452
2026-02-28,words,151-200,15,119248
2026-02-28,words,201-300,5,37984
2026-02-28,words,51-100,5,28880
2026-03-01,citations,0,8,27275
2026-03-01,citations,1,26,167083
2026-03-01,citations,2,16,107948
2026-03-01,citations,3,7,45476
2026-03-01,citations,4,1,27889
2026-03-01,citations,5,2,14154
2026-03-01,words,0-50,4,12453
2026-03-01,words,101-150,18,105923
2026-03-01,words,151-200,17,121949
2026-03-01,words,201-300,10,98624
2026-03-01,words,51-100,11,50876
2026-03-02,citations,0,19,89025
2026-03-02,citations,1,103,812632
2026-03-02,citations,2,64,530121
2026-03-02,citations,3,24,243525
2026-03-02,citations,4,10,108648
2026-03-02,citations,5,5,42706
2026-03-02,citations,6+,5,82407
2026-03-02,words,0-50,4,16904
2026-03-02,words,101-150,86,661178
2026-03-02,words,151-200,76,674992
2026-03-02,words,201-300,33,391633
2026-03-02,words,51-100,31,164357
2026-03-03,citations,0,18,91634
2026-03-03,citations,1,86,692635
2026-03-03,citations,2,53,477595
2026-03-03,citations,3,29,282001
2026-03-03,citations,4,4,35198
2026-03-03,citations,6+,5,56253
2026-03-03,words,0-50,6,21003
2026-03-03,words,101-150,67,514278
2026-03-03,words,151-200,76,704914
2026-03-03,words,201-300,25,278424
2026-03-03,words,301+,1,11886
2026-03-03,words,51-100,20,104811
2026-03-04,citations,0,15,83877
2026-03-04,citations,1,90,704731
2026-03-04,citations,2,53,486326
2026-03-04,citations,3,19,190488
2026-03-04,citations,4,10,92330
2026-03-04,citations,5,6,56317
2026-03-04,citations,6+,5,61539
2026-03-04,words,0-50,7,42511
2026-03-04,words,101-150,69,563174
2026-03-04,words,151-200,67,611296
2026-03-04,words,201-300,31,302198
2026-03-04,words,301+,1,15088
2026-03-04,words,51-100,23,141341
2026-03-05,citations,0,14,72010
2026-03-05,citations,1,102,826950
2026-03-05,citations,2,54,648130
2026-03-05,citations,3,22,253100
2026-03-05,citations,4,8,73950
2026-03-05,citations,5,4,41595
2026-03-05,citations,6+,3,29435
2026-03-05,words,0-50,3,14551
2026-03-05,words,101-150,69,585221
2026-03-05,words,151-200,68,709349
2026-03-05,words,201-300,38,418095
2026-03-05,words,51-100,29,217954
2026-03-06,citations,0,10,46362
2026-03-06,citations,1,88,744558
2026-03-06,citations,2,38,368499
2026-03-06,citations,3,16,165368
2026-03-06,citations,4,3,34139
2026-03-06,citations,5,1,10924
2026-03-06,words,0-50,5,25513
2026-03-06,words,101-150,56,495159
2026-03-06,words,151-200,44,406404
2026-03-06,words,201-300,27,258610
2026-03-06,words,301+,1,14724
2026-03-06,words,51-100,23,169440
2026-03-07,citations,0,6,33290
2026-03-07,citations,1,22,149201
2026-03-07,citations,2,13,88676
2026-03-07,citations,3,2,16240
2026-03-07,words,0-50,1,2261
2026-03-07,words,101-150,14,89155
2026-03-07,words,151-200,16,123282
2026-03-07,words,201-300,5,38219
2026-03-07,words,51-100,7,34490
2026-03-08,citations,0,1,2847
2026-03-08,citations,1,14,99266
2026-03-08,citations,2,4,34845
2026-03-08,citations,3,1,7250
2026-03-08,citations,4,1,8034
2026-03-08,citations,5,3,25222
2026-03-08,words,101-150,8,53760
2026-03-08,words,151-200,11,88658
2026-03-08,words,201-300,2,18145
2026-03-08,words,51-100,3,16901
2026-03-09,citations,0,12,78743
2026-03-09,citations,1,98,839116
2026-03-09,citations,2,52,500754
2026-03-09,citations,3,23,236841
2026-03-09,citations,4,11,120436
2026-03-09,citations,5,3,50972
2026-03-09,citations,6+,4,47509
2026-03-09,words,0-50,1,2200
2026-03-09,words,101-150,67,569765
2026-03-09,words,151-200,73,682137
2026-03-09,words,201-300,37,458213
2026-03-09,words,51-100,25,162056
2026-03-10,citations,0,16,191900
2026-03-10,citations,1,110,1816234
2026-03-10,citations,2,60,1011846
2026-03-10,citations,3,13,208906
2026-03-10,citations,4,4,60259
2026-03-10,words,0-50,3,51104
2026-03-10,words,101-150,33,426195
2026-03-10,words,151-200,72,1159214
2026-03-10,words,201-300,76,1397557
2026-03-10,words,301+,4,92838
2026-03-10,words,51-100,15,162237
2026-03-11,citations,0,25,299683
2026-03-11,citations,1,112,1799198
2026-03-11,citations,2,64,1010293
2026-03-11,citations,3,22,322932
2026-03-11,citations,4,2,36627
2026-03-11,words,101-150,33,428518
2026-03-11,words,151-200,84,1271902
2026-03-11,words,201-300,83,1472583
2026-03-11,words,301+,5,94519
2026-03-11,words,51-100,20,201211
2026-03-12,citations,0,28,336496
2026-03-12,citations,1,135,2111608
2026-03-12,citations,2,94,1524104
2026-03-12,citations,3,15,254847
2026-03-12,citations,4,4,76834
2026-03-12,citations,5,1,34095
2026-03-12,words,0-50,4,36711
2026-03-12,words,101-150,43,644330
2026-03-12,words,151-200,99,1458488
2026-03-12,words,201-300,95,1710316
2026-03-12,words,301+,5,112176
2026-03-12,words,51-100,31,375963
2026-03-13,citations,0,20,268588
2026-03-13,citations,1,92,1822621
2026-03-13,citations,2,55,1146850
2026-03-13,citations,3,21,456258
2026-03-13,citations,4,1,17080
2026-03-13,words,0-50,2,31854
2026-03-13,words,101-150,42,734644
2026-03-13,words,151-200,58,1191190
2026-03-13,words,201-300,66,1398916
2026-03-13,words,301+,6,160785
2026-03-13,words,51-100,15,194008
2026-03-14,citations,0,1,11356
2026-03-14,citations,1,16,193939
2026-03-14,citations,2,7,135749
2026-03-14,citations,3,1,10369
2026-03-14,words,101-150,6,65874
2026-03-14,words,151-200,10,140966
2026-03-14,words,201-300,7,122100
2026-03-14,words,51-100,2,22473
2026-03-15,citations,0,2,24537
2026-03-15,citations,1,17,233346
2026-03-15,citations,2,4,68293
2026-03-15,citations,3,2,24171
2026-03-15,words,101-150,3,36499
2026-03-15,words,151-200,8,89141
2026-03-15,words,201-300,13,217645
2026-03-15,words,51-100,1,7062
2026-03-16,citations,0,22,258260
2026-03-16,citations,1,91,1473403
2026-03-16,citations,2,64,1100909
2026-03-16,citations,3,5,107642
2026-03-16,citations,4,2,41133
2026-03-16,citations,5,1,11815
2026-03-16,words,0-50,1,8164
2026-03-16,words,101-150,38,560106
2026-03-16,words,151-200,64,1020213
2026-03-16,words,201-300,63,1173563
2026-03-16,words,301+,3,59617
2026-03-16,words,51-100,16,171499
2026-03-17,citations,0,5,65643
2026-03-17,citations,1,27,448999
2026-03-17,citations,2,11,165425
2026-03-17,citations,3,5,66380
2026-03-17,citations,4,1,39608
2026-03-17,words,101-150,11,152399
2026-03-17,words,151-200,15,229506
2026-03-17,words,201-300,14,240302
2026-03-17,words,301+,3,85511
2026-03-17,words,51-100,6,78337
2026-03-18,citations,0,25,375335
2026-03-18,citations,1,111,2180676
2026-03-18,citations,2,62,1286375
2026-03-18,citations,3,17,392323
2026-03-18,citations,4,3,76110
2026-03-18,citations,5,1,27210
2026-03-18,words,0-50,4,53432
2026-03-18,words,101-150,58,943042
2026-03-18,words,151-200,62,1133884
2026-03-18,words,201-300,68,1649304
2026-03-18,words,301+,9,294488
2026-03-18,words,51-100,18,263879
2026-03-19,citations,0,19,266736
2026-03-19,citations,1,101,1874507
2026-03-19,citations,2,76,1444723
2026-03-19,citations,3,17,355644
2026-03-19,citations,4,4,69040
2026-03-19,citations,5,2,42571
2026-03-19,words,101-150,36,600670
2026-03-19,words,151-200,85,1549518
2026-03-19,words,201-300,77,1594911
2026-03-19,words,301+,3,60610
2026-03-19,words,51-100,18,247512
2026-03-20,citations,0,20,246124
2026-03-20,citations,1,69,1104527
2026-03-20,citations,2,64,1096626
2026-03-20,citations,3,12,221713
2026-03-20,citations,4,6,133982
2026-03-20,words,0-50,2,19753
2026-03-20,words,101-150,23,350322
2026-03-20,words,151-200,50,803090
2026-03-20,words,201-300,73,1281744
2026-03-20,words,301+,6,142943
2026-03-20,words,51-100,17,205120
2026-03-21,citations,0,2,24086
2026-03-21,citations,1,2,30415
2026-03-21,citations,2,3,41953
2026-03-21,citations,3,2,26758
2026-03-21,words,101-150,1,11970
2026-03-21,words,151-200,1,11761
2026-03-21,words,201-300,5,75395
2026-03-21,words,51-100,2,24086
2026-03-22,citations,0,5,52014
2026-03-22,citations,1,36,474996
2026-03-22,citations,2,10,146260
2026-03-22,citations,3,3,39354
2026-03-22,words,0-50,1,9003
2026-03-22,words,101-150,11,152174
2026-03-22,words,151-200,26,318459
2026-03-22,words,201-300,13,201797
2026-03-22,words,51-100,3,31191
2026-03-23,citations,0,31,422313
2026-03-23,citations,1,105,1731937
2026-03-23,citations,2,70,1131791
2026-03-23,citations,3,25,440956
2026-03-23,citations,4,1,21955
2026-03-23,words,0-50,4,61631
2026-03-23,words,101-150,42,571437
2026-03-23,words,151-200,80,1292996
2026-03-23,words,201-300,79,1441997
2026-03-23,words,301+,5,114039
2026-03-23,words,51-100,22,266852
2026-03-24,citations,0,36,498112
2026-03-24,citations,1,163,2830003
2026-03-24,citations,2,79,1385537
2026-03-24,citations,3,31,566540
2026-03-24,citations,4,9,219366
2026-03-24,words,0-50,3,32491
2026-03-24,words,101-150,55,835986
2026-03-24,words,151-200,94,1597208
2026-03-24,words,201-300,129,2512032
2026-03-24,words,301+,3,56400
2026-03-24,words,51-100,34,465441
2026-03-25,citations,0,42,585584
2026-03-25,citations,1,134,2256756
2026-03-25,citations,2,63,1191893
2026-03-25,citations,3,27,569370
2026-03-25,citations,4,4,77228
2026-03-25,words,0-50,6,74019
2026-03-25,words,101-150,55,816032
2026-03-25,words,151-200,88,1580376
2026-03-25,words,201-300,82,1596755
2026-03-25,words,301+,5,148615
2026-03-25,words,51-100,34,465034
2026-03-26,citations,0,33,464211
2026-03-26,citations,1,135,2339938
2026-03-26,citations,2,89,1752002
2026-03-26,citations,3,28,556456
2026-03-26,citations,4,5,96544
2026-03-26,citations,5,2,39967
2026-03-26,words,0-50,6,71230
2026-03-26,words,101-150,47,719852
2026-03-26,words,151-200,100,1774272
2026-03-26,words,201-300,99,2043418
2026-03-26,words,301+,9,210496
2026-03-26,words,51-100,31,429850
2026-03-27,citations,0,35,540440
2026-03-27,citations,1,75,1329761
2026-03-27,citations,2,59,1104769
2026-03-27,citations,3,24,469772
2026-03-27,citations,4,6,140519
2026-03-27,words,0-50,5,69428
2026-03-27,words,101-150,39,656368
2026-03-27,words,151-200,60,1011247
2026-03-27,words,201-300,61,1274210
2026-03-27,words,301+,7,193637
2026-03-27,words,51-100,27,380371
2026-03-28,citations,0,5,66081
2026-03-28,citations,1,20,315634
2026-03-28,citations,2,7,107347
2026-03-28,citations,3,7,115367
2026-03-28,citations,4,2,30616
2026-03-28,words,101-150,4,61457
2026-03-28,words,151-200,12,194916
2026-03-28,words,201-300,15,226444
2026-03-28,words,301+,5,89460
2026-03-28,words,51-100,5,62768
2026-03-29,citations,0,9,104858
2026-03-29,citations,1,29,401065
2026-03-29,citations,2,17,241691
2026-03-29,citations,3,7,89692
2026-03-29,citations,4,7,103331
2026-03-29,words,0-50,2,19989
2026-03-29,words,101-150,15,179384
2026-03-29,words,151-200,16,230082
2026-03-29,words,201-300,26,375116
2026-03-29,words,301+,7,99480
2026-03-29,words,51-100,3,36586
2026-03-30,citations,0,34,509694
2026-03-30,citations,1,124,2285905
2026-03-30,citations,2,84,1649534
2026-03-30,citations,3,37,713451
2026-03-30,citations,4,3,74044
2026-03-30,words,0-50,6,77639
2026-03-30,words,101-150,45,721018
2026-03-30,words,151-200,84,1533031
2026-03-30,words,201-300,107,2242571
2026-03-30,words,301+,7,170197
2026-03-30,words,51-100,33,488172
2026-03-31,citations,0,37,621196
2026-03-31,citations,1,98,1986240
2026-03-31,citations,2,60,1268862
2026-03-31,citations,3,22,481106
2026-03-31,citations,4,3,92698
2026-03-31,citations,6+,1,28217
2026-03-31,words,0-50,5,63817
2026-03-31,words,101-150,41,745210
2026-03-31,words,151-200,64,1252589
2026-03-31,words,201-300,78,1791563
2026-03-31,words,301+,5,143484
2026-03-31,words,51-100,28,481656
2026-04-01,citations,0,24,407781
2026-04-01,citations,1,123,2323951
2026-04-01,citations,2,79,1609518
2026-04-01,citations,3,23,453383
2026-04-01,citations,4,5,98651
2026-04-01,words,0-50,2,27334
2026-04-01,words,101-150,43,726277
2026-04-01,words,151-200,89,1729788
2026-04-01,words,201-300,85,1743230
2026-04-01,words,301+,14,326766
2026-04-01,words,51-100,21,339889
2026-04-02,citations,0,22,390346
2026-04-02,citations,1,102,2003868
2026-04-02,citations,2,61,1273375
2026-04-02,citations,3,16,305650
2026-04-02,citations,4,4,72362
2026-04-02,citations,5,1,21067
2026-04-02,words,101-150,43,724993
2026-04-02,words,151-200,58,1087153
2026-04-02,words,201-300,76,1749911
2026-04-02,words,301+,5,121605
2026-04-02,words,51-100,24,383006
2026-04-03,citations,0,18,290091
2026-04-03,citations,1,44,819934
2026-04-03,citations,2,14,265677
2026-04-03,citations,3,7,122708
2026-04-03,words,0-50,4,51554
2026-04-03,words,101-150,17,254217
2026-04-03,words,151-200,25,447244
2026-04-03,words,201-300,24,500277
2026-04-03,words,301+,2,68885
2026-04-03,words,51-100,11,176233
2026-04-04,citations,0,8,99948
2026-04-04,citations,1,33,645677
2026-04-04,citations,2,14,192519
2026-04-04,citations,3,6,81974
2026-04-04,words,0-50,2,22930
2026-04-04,words,101-150,8,115462
2026-04-04,words,151-200,19,284706
2026-04-04,words,201-300,23,470934
2026-04-04,words,301+,3,56968
2026-04-04,words,51-100,6,69118
2026-04-05,citations,0,12,150540
2026-04-05,citations,1,31,463098
2026-04-05,citations,2,18,269384
2026-04-05,citations,3,9,165249
2026-04-05,words,0-50,2,21394
2026-04-05,words,101-150,15,202814
2026-04-05,words,151-200,20,278533
2026-04-05,words,201-300,24,425527
2026-04-05,words,301+,2,33035
2026-04-05,words,51-100,7,86968
2026-04-06,citations,0,9,130615
2026-04-06,citations,1,36,647807
2026-04-06,citations,2,27,512735
2026-04-06,citations,3,11,179496
2026-04-06,citations,4,2,39725
2026-04-06,words,0-50,2,20999
2026-04-06,words,101-150,7,122268
2026-04-06,words,151-200,28,479505
2026-04-06,words,201-300,36,687564
2026-04-06,words,301+,4,84330
2026-04-06,words,51-100,8,115712
2026-04-07,citations,0,37,642148
2026-04-07,citations,1,196,3690712
2026-04-07,citations,2,100,1994776
2026-04-07,citations,3,43,879027
2026-04-07,citations,4,2,39338
2026-04-07,citations,5,1,27026
2026-04-07,citations,6+,1,26569
2026-04-07,words,0-50,6,72521
2026-04-07,words,101-150,59,984978
2026-04-07,words,151-200,129,2423386
2026-04-07,words,201-300,147,3059118
2026-04-07,words,301+,15,364331
2026-04-07,words,51-100,24,395262
2026-04-08,citations,0,36,562952
2026-04-08,citations,1,145,3003179
2026-04-08,citations,2,101,2265696
2026-04-08,citations,3,17,379822
2026-04-08,citations,4,10,221245
2026-04-08,citations,5,1,40920
2026-04-08,words,0-50,4,58048
2026-04-08,words,101-150,67,1228764
2026-04-08,words,151-200,93,1940859
2026-04-08,words,201-300,110,2628098
2026-04-08,words,301+,5,134678
2026-04-08,words,51-100,31,483367
2026-04-09,citations,0,24,527424
2026-04-09,citations,1,144,3634964
2026-04-09,citations,2,82,2061196
2026-04-09,citations,3,27,701758
2026-04-09,citations,4,4,87486
2026-04-09,words,0-50,5,71661
2026-04-09,words,101-150,41,817073
2026-04-09,words,151-200,103,2509873
2026-04-09,words,201-300,102,2961370
2026-04-09,words,301+,9,282902
2026-04-09,words,51-100,21,369949
2026-04-10,citations,0,22,439697
2026-04-10,citations,1,85,1905190
2026-04-10,citations,2,37,920076
2026-04-10,citations,3,8,191984
2026-04-10,citations,4,5,124509
2026-04-10,words,0-50,3,46279
2026-04-10,words,101-150,34,733459
2026-04-10,words,151-200,49,1105582
2026-04-10,words,201-300,49,1266248
2026-04-10,words,301+,4,106315
2026-04-10,words,51-100,18,323573
2026-04-11,citations,0,6,97555
2026-04-11,citations,1,19,386118
2026-04-11,citations,2,18,438981
2026-04-11,citations,3,1,39367
2026-04-11,words,0-50,1,11302
2026-04-11,words,101-150,7,160429
2026-04-11,words,151-200,10,203151
2026-04-11,words,201-300,19,443014
2026-04-11,words,301+,1,39355
2026-04-11,words,51-100,6,104770
2026-04-12,citations,0,4,66462
2026-04-12,citations,1,34,732001
2026-04-12,citations,2,13,287607
2026-04-12,citations,3,8,163800
2026-04-12,words,101-150,11,195291
2026-04-12,words,151-200,19,397309
2026-04-12,words,201-300,25,594123
2026-04-12,words,51-100,4,63147
2026-04-13,citations,0,26,630998
2026-04-13,citations,1,120,3505682
2026-04-13,citations,2,71,2186326
2026-04-13,citations,3,18,496789
2026-04-13,citations,4,4,102761
2026-04-13,words,0-50,1,17432
2026-04-13,words,101-150,35,825418
2026-04-13,words,151-200,70,1864676
2026-04-13,words,201-300,96,3240093
2026-04-13,words,301+,9,357900
2026-04-13,words,51-100,28,617037
2026-04-14,citations,0,34,788045
2026-04-14,citations,1,119,3634234
2026-04-14,citations,2,75,2440968
2026-04-14,citations,3,16,524593
2026-04-14,citations,4,1,52866
2026-04-14,words,0-50,2,32100
2026-04-14,words,101-150,35,918612
2026-04-14,words,151-200,83,2382746
2026-04-14,words,201-300,91,3307590
2026-04-14,words,301+,4,126672
2026-04-14,words,51-100,30,672986
2026-04-15,citations,0,26,632676
2026-04-15,citations,1,112,3371508
2026-04-15,citations,2,53,1629180
2026-04-15,citations,3,25,745801
2026-04-15,citations,4,1,73189
2026-04-15,citations,5,1,18609
2026-04-15,words,0-50,4,68450
2026-04-15,words,101-150,39,1062913
2026-04-15,words,151-200,77,2081204
2026-04-15,words,201-300,74,2571254
2026-04-15,words,301+,6,206293
2026-04-15,words,51-100,18,480849
2026-04-16,citations,0,17,402456
2026-04-16,citations,1,89,2216736
2026-04-16,citations,2,64,1711725
2026-04-16,citations,3,21,536482
2026-04-16,citations,4,6,160991
2026-04-16,citations,5,1,22450
2026-04-16,words,101-150,37,823898
2026-04-16,words,151-200,64,1721223
2026-04-16,words,201-300,79,2096568
2026-04-16,words,301+,2,59462
2026-04-16,words,51-100,16,349689
2026-04-17,citations,0,10,239823
2026-04-17,citations,1,82,2363362
2026-04-17,citations,2,55,1482699
2026-04-17,citations,3,24,669166
2026-04-17,citations,4,1,34219
2026-04-17,words,0-50,1,31003
2026-04-17,words,101-150,38,964690
2026-04-17,words,151-200,56,1654388
2026-04-17,words,201-300,61,1755090
2026-04-17,words,301+,3,112854
2026-04-17,words,51-100,13,271244
2026-04-18,citations,0,7,142329
2026-04-18,citations,1,25,491825
2026-04-18,citations,2,9,181441
2026-04-18,citations,3,1,25336
2026-04-18,words,101-150,8,140403
2026-04-18,words,151-200,15,300561
2026-04-18,words,201-300,14,295336
2026-04-18,words,51-100,5,104631
2026-04-19,citations,0,10,212231
2026-04-19,citations,1,25,548711
2026-04-19,citations,2,22,474852
2026-04-19,citations,3,4,95344
2026-04-19,words,101-150,12,222774
2026-04-19,words,151-200,24,508369
2026-04-19,words,201-300,10,306545
2026-04-19,words,301+,2,40754
2026-04-19,words,51-100,13,252696
2026-04-20,citations,0,9,179611
2026-04-20,citations,1,96,3217135
2026-04-20,citations,2,47,1644210
2026-04-20,citations,3,15,538758
2026-04-20,citations,4,2,47037
2026-04-20,words,0-50,3,60138
2026-04-20,words,101-150,39,981643
2026-04-20,words,151-200,51,1672786
2026-04-20,words,201-300,63,2565783
2026-04-20,words,301+,4,128387
2026-04-20,words,51-100,9,218014
2026-04-21,citations,0,26,642439
2026-04-21,citations,1,119,3287563
2026-04-21,citations,2,67,2103054
2026-04-21,citations,3,23,797339
2026-04-21,citations,4,5,197650
2026-04-21,words,0-50,2,46698
2026-04-21,words,101-150,35,896123
2026-04-21,words,151-200,73,2003734
2026-04-21,words,201-300,90,2951101
2026-04-21,words,301+,9,443562
2026-04-21,words,51-100,31,686827
2026-04-22,citations,0,23,688778
2026-04-22,citations,1,121,3622817
2026-04-22,citations,2,58,1868234
2026-04-22,citations,3,17,598666
2026-04-22,citations,4,6,240245
2026-04-22,words,0-50,2,40937
2026-04-22,words,101-150,41,1024925
2026-04-22,words,151-200,74,1923085
2026-04-22,words,201-300,73,2602352
2026-04-22,words,301+,5,576768
2026-04-22,words,51-100,30,850673
2026-04-23,citations,0,28,387827
2026-04-23,citations,1,92,2365950
2026-04-23,citations,2,69,2097443
2026-04-23,citations,3,15,392952
2026-04-23,citations,4,2,38008
2026-04-23,words,0-50,3,33318
2026-04-23,words,101-150,37,699031
2026-04-23,words,151-200,61,1526616
2026-04-23,words,201-300,74,2357509
2026-04-23,words,301+,3,218459
2026-04-23,words,51-100,28,447247
2026-04-24,citations,0,20,303363
2026-04-24,citations,1,84,1782842
2026-04-24,citations,2,38,694762
2026-04-24,citations,3,11,236071
2026-04-24,citations,4,3,70089
2026-04-24,citations,5,1,23033
2026-04-24,words,0-50,1,15642
2026-04-24,words,101-150,23,355423
2026-04-24,words,151-200,63,1231618
2026-04-24,words,201-300,46,1101672
2026-04-24,words,301+,9,193828
2026-04-24,words,51-100,15,211977
2026-04-25,citations,0,3,35079
2026-04-25,citations,1,14,208525
2026-04-25,citations,2,8,106783
2026-04-25,citations,3,3,57136
2026-04-25,words,101-150,2,31481
2026-04-25,words,151-200,8,115025
2026-04-25,words,201-300,12,191781
2026-04-25,words,301+,1,14479
2026-04-25,words,51-100,5,54757
2026-04-26,citations,0,9,97324
2026-04-26,citations,1,15,300451
2026-04-26,citations,2,10,198492
2026-04-26,citations,3,6,74145
2026-04-26,citations,4,1,15534
2026-04-26,words,101-150,4,56573
2026-04-26,words,151-200,9,143522
2026-04-26,words,201-300,17,354328
2026-04-26,words,301+,3,53175
2026-04-26,words,51-100,8,78348
2026-04-27,citations,0,31,403898
2026-04-27,citations,1,102,2451938
2026-04-27,citations,2,72,1666106
2026-04-27,citations,3,26,621884
2026-04-27,citations,4,3,114587
2026-04-27,words,0-50,4,41523
2026-04-27,words,101-150,37,701226
2026-04-27,words,151-200,79,1683512
2026-04-27,words,201-300,78,2296432
2026-04-27,words,301+,6,132781
2026-04-27,words,51-100,30,402939
2026-04-28,citations,0,24,480914
2026-04-28,citations,1,90,2487380
2026-04-28,citations,2,53,1600352
2026-04-28,citations,3,17,425851
2026-04-28,citations,4,2,52615
2026-04-28,words,0-50,2,48509
2026-04-28,words,101-150,39,890755
2026-04-28,words,151-200,57,1504170
2026-04-28,words,201-300,68,2178318
2026-04-28,words,301+,2,93225
2026-04-28,words,51-100,18,332135
2026-04-29,citations,0,17,298613
2026-04-29,citations,1,120,2889713
2026-04-29,citations,2,78,1714846
2026-04-29,citations,3,14,305362
2026-04-29,citations,4,4,122418
2026-04-29,words,0-50,1,6235
2026-04-29,words,101-150,43,784681
2026-04-29,words,151-200,100,2085993
2026-04-29,words,201-300,75,2172465
2026-04-29,words,301+,3,74594
2026-04-29,words,51-100,11,206984
2026-04-30,citations,0,19,375251
2026-04-30,citations,1,105,2962122
2026-04-30,citations,2,67,2013217
2026-04-30,citations,3,13,522952
2026-04-30,citations,4,1,19647
2026-04-30,words,0-50,5,83819
2026-04-30,words,101-150,43,1083596
2026-04-30,words,151-200,72,1993435
2026-04-30,words,201-300,68,2285582
2026-04-30,words,301+,4,154690
2026-04-30,words,51-100,13,292067
2026-05-01,citations,0,19,274378
2026-05-01,citations,1,71,1170630
2026-05-01,citations,2,43,950567
2026-05-01,citations,3,13,251015
2026-05-01,citations,5,1,20380
2026-05-01,words,101-150,30,506133
2026-05-01,words,151-200,52,913572
2026-05-01,words,201-300,52,1046116
2026-05-01,words,301+,3,83240
2026-05-01,words,51-100,10,117909
2026-05-02,citations,0,6,81525
2026-05-02,citations,1,32,556030
2026-05-02,citations,2,13,239659
2026-05-02,citations,3,4,75494
2026-05-02,words,0-50,1,9809
2026-05-02,words,101-150,10,151833
2026-05-02,words,151-200,16,282994
2026-05-02,words,201-300,20,414129
2026-05-02,words,51-100,8,93943
2026-05-03,citations,0,4,38198
2026-05-03,citations,1,13,198943
2026-05-03,citations,2,12,181633
2026-05-03,citations,3,2,33834
2026-05-03,citations,4,1,33941
2026-05-03,words,101-150,4,58594
2026-05-03,words,151-200,8,112804
2026-05-03,words,201-300,13,209178
2026-05-03,words,301+,2,57262
2026-05-03,words,51-100,5,48711
2026-05-04,citations,0,7,142996
2026-05-04,citations,1,36,924584
2026-05-04,citations,2,16,507232
2026-05-04,citations,3,1,117960
2026-05-04,citations,4,1,32422
2026-05-04,words,0-50,1,16972
2026-05-04,words,101-150,11,352614
2026-05-04,words,151-200,23,631691
2026-05-04,words,201-300,19,570766
2026-05-04,words,301+,1,18180
2026-05-04,words,51-100,6,134971
2026-05-05,citations,0,28,391472
2026-05-05,citations,1,91,2132462
2026-05-05,citations,2,50,1395435
2026-05-05,citations,3,15,397641
2026-05-05,citations,4,2,103809
2026-05-05,words,0-50,3,30053
2026-05-05,words,101-150,21,425534
2026-05-05,words,151-200,58,1361760
2026-05-05,words,201-300,74,2070186
2026-05-05,words,301+,3,135043
2026-05-05,words,51-100,27,398243
2026-05-06,citations,0,15,297666
2026-05-06,citations,1,99,2108279
2026-05-06,citations,2,53,1242600
2026-05-06,citations,3,21,536394
2026-05-06,citations,4,1,21376
2026-05-06,citations,5,2,67829
2026-05-06,citations,6+,1,32620
2026-05-06,words,0-50,1,12725
2026-05-06,words,101-150,26,471113
2026-05-06,words,151-200,66,1380278
2026-05-06,words,201-300,81,2047262
2026-05-06,words,301+,5,172878
2026-05-06,words,51-100,13,222508
2026-05-07,citations,0,19,307778
2026-05-07,citations,1,99,2015627
2026-05-07,citations,2,55,1129751
2026-05-07,citations,3,16,430217
2026-05-07,citations,4,4,141103
2026-05-07,words,101-150,27,394752
2026-05-07,words,151-200,68,1314427
2026-05-07,words,201-300,71,1749703
2026-05-07,words,301+,9,342888
2026-05-07,words,51-100,18,222706
2026-05-08,citations,0,27,318205
2026-05-08,citations,1,90,1761212
2026-05-08,citations,2,72,1362941
2026-05-08,citations,3,18,368568
2026-05-08,citations,4,2,44598
2026-05-08,citations,5,1,36483
2026-05-08,words,0-50,2,16173
2026-05-08,words,101-150,35,619857
2026-05-08,words,151-200,69,1219220
2026-05-08,words,201-300,74,1536810
2026-05-08,words,301+,10,256681
2026-05-08,words,51-100,20,243266
2026-05-09,citations,0,7,64339
2026-05-09,citations,1,19,249500
2026-05-09,citations,2,18,279049
2026-05-09,citations,3,2,26761
2026-05-09,citations,4,2,33840
2026-05-09,words,0-50,1,9817
2026-05-09,words,101-150,15,183821
2026-05-09,words,151-200,12,132312
2026-05-09,words,201-300,13,227023
2026-05-09,words,301+,2,59633
2026-05-09,words,51-100,5,40883
2026-05-10,citations,0,8,58758
2026-05-10,citations,1,21,215545
2026-05-10,citations,2,7,89539
2026-05-10,citations,3,5,57003
2026-05-10,citations,4,1,12603
2026-05-10,citations,5,1,16002
2026-05-10,words,101-150,12,112799
2026-05-10,words,151-200,12,130663
2026-05-10,words,201-300,9,124877
2026-05-10,words,301+,1,9871
2026-05-10,words,51-100,9,71240
2026-05-11,citations,0,70,988213
2026-05-11,citations,1,273,4456104
2026-05-11,citations,2,153,2618118
2026-05-11,citations,3,53,933549
2026-05-11,citations,4,5,117354
2026-05-11,citations,5,2,60015
2026-05-11,words,0-50,5,54092
2026-05-11,words,101-150,107,1511187
2026-05-11,words,151-200,168,2642128
2026-05-11,words,201-300,190,3630190
2026-05-11,words,301+,20,488815
2026-05-11,words,51-100,66,846941
2026-05-12,citations,0,102,1792197
2026-05-12,citations,1,357,7954003
2026-05-12,citations,2,158,3478825
2026-05-12,citations,3,51,1596767
2026-05-12,citations,4,6,239953
2026-05-12,citations,5,1,59511
2026-05-12,words,0-50,12,139526
2026-05-12,words,101-150,118,2374223
2026-05-12,words,151-200,227,4846259
2026-05-12,words,201-300,226,5988582
2026-05-12,words,301+,18,534638
2026-05-12,words,51-100,74,1238028
2026-05-13,citations,0,76,1791865
2026-05-13,citations,1,201,7174386
2026-05-13,citations,2,115,4381538
2026-05-13,citations,3,44,1292940
2026-05-13,citations,4,5,326123
2026-05-13,citations,5,1,35267
2026-05-13,words,0-50,12,212409
2026-05-13,words,101-150,90,2497951
2026-05-13,words,151-200,133,4422532
2026-05-13,words,201-300,144,5895704
2026-05-13,words,301+,14,828435
2026-05-13,words,51-100,49,1145088
2026-05-14,citations,0,75,1188973
2026-05-14,citations,1,231,4906668
2026-05-14,citations,2,126,2653166
2026-05-14,citations,3,42,983475
2026-05-14,citations,4,6,126028
2026-05-14,words,0-50,17,186613
2026-05-14,words,101-150,100,2109025
2026-05-14,words,151-200,137,2712558
2026-05-14,words,201-300,157,3623844
2026-05-14,words,301+,6,149149
2026-05-14,words,51-100,63,1077121
2026-05-15,citations,0,73,696568
2026-05-15,citations,1,255,3372910
2026-05-15,citations,2,132,1904742
2026-05-15,citations,3,37,501048
2026-05-15,citations,4,9,140121
2026-05-15,citations,5,2,26910
2026-05-15,citations,6+,1,29153
2026-05-15,words,0-50,15,98648
2026-05-15,words,101-150,78,902531
2026-05-15,words,151-200,163,2082438
2026-05-15,words,201-300,182,2769298
2026-05-15,words,301+,10,185707
2026-05-15,words,51-100,61,632830
2026-05-16,citations,0,34,283722
2026-05-16,citations,1,107,1159654
2026-05-16,citations,2,40,459839
2026-05-16,citations,3,8,82081
2026-05-16,citations,4,2,32245
2026-05-16,words,0-50,5,33760
2026-05-16,words,101-150,51,510674
2026-05-16,words,151-200,71,751673
2026-05-16,words,201-300,38,468810
2026-05-16,words,301+,5,76782
2026-05-16,words,51-100,21,175842
2026-05-17,citations,0,35,386914
2026-05-17,citations,1,116,1563288
2026-05-17,citations,2,49,717127
2026-05-17,citations,3,22,339304
2026-05-17,citations,4,1,17011
2026-05-17,words,0-50,5,35209
2026-05-17,words,101-150,37,434235
2026-05-17,words,151-200,77,1068183
2026-05-17,words,201-300,66,998468
2026-05-17,words,301+,9,152741
2026-05-17,words,51-100,29,334808
2026-05-18,citations,0,93,888175
2026-05-18,citations,1,273,3607842
2026-05-18,citations,2,149,1976545
2026-05-18,citations,3,42,632518
2026-05-18,citations,4,6,103481
2026-05-18,citations,5,1,25362
2026-05-18,words,0-50,16,103218
2026-05-18,words,101-150,102,1088169
2026-05-18,words,151-200,195,2538958
2026-05-18,words,201-300,181,2775982
2026-05-18,words,301+,9,160303
2026-05-18,words,51-100,61,567293
2026-05-19,citations,0,84,961417
2026-05-19,citations,1,310,4562887
2026-05-19,citations,2,151,2298964
2026-05-19,citations,3,62,911469
2026-05-19,citations,4,7,174370
2026-05-19,citations,5,1,35217
2026-05-19,words,0-50,10,81177
2026-05-19,words,101-150,103,1326275
2026-05-19,words,151-200,217,3028576
2026-05-19,words,201-300,193,3321086
2026-05-19,words,301+,12,245323
2026-05-19,words,51-100,80,941887
2026-05-20,citations,0,123,1322136
2026-05-20,citations,1,514,7756085
2026-05-20,citations,2,249,4054734
2026-05-20,citations,3,59,977017
2026-05-20,citations,4,17,290561
2026-05-20,words,0-50,14,102999
2026-05-20,words,101-150,199,2635296
2026-05-20,words,151-200,320,4721672
2026-05-20,words,201-300,311,5277344
2026-05-20,words,301+,24,621192
2026-05-20,words,51-100,94,1042030
2026-05-21,citations,0,137,1342199
2026-05-21,citations,1,553,7225723
2026-05-21,citations,2,282,3849830
2026-05-21,citations,3,88,1311352
2026-05-21,citations,4,8,98473
2026-05-21,citations,5,1,16526
2026-05-21,words,0-50,18,138435
2026-05-21,words,101-150,202,2300216
2026-05-21,words,151-200,379,4828941
2026-05-21,words,201-300,346,5169309
2026-05-21,words,301+,23,394635
2026-05-21,words,51-100,101,1012567
2026-05-22,citations,0,112,1115846
2026-05-22,citations,1,390,4760947
2026-05-22,citations,2,180,2349826
2026-05-22,citations,3,45,597527
2026-05-22,citations,4,6,74196
2026-05-22,citations,5,1,11109
2026-05-22,words,0-50,16,118463
2026-05-22,words,101-150,147,1582534
2026-05-22,words,151-200,246,2988952
2026-05-22,words,201-300,237,3272402
2026-05-22,words,301+,9,163798
2026-05-22,words,51-100,79,783302
2026-05-23,citations,0,60,480718
2026-05-23,citations,1,187,1826457
2026-05-23,citations,2,98,987270
2026-05-23,citations,3,14,156123
2026-05-23,citations,4,2,27657
2026-05-23,citations,5,1,17105
2026-05-23,words,0-50,9,52242
2026-05-23,words,101-150,70,598237
2026-05-23,words,151-200,112,1080903
2026-05-23,words,201-300,112,1219052
2026-05-23,words,301+,15,191117
2026-05-23,words,51-100,44,353779
2026-05-24,citations,0,54,445202
2026-05-24,citations,1,181,1913430
2026-05-24,citations,2,79,825912
2026-05-24,citations,3,20,217295
2026-05-24,citations,4,2,34609
2026-05-24,words,0-50,6,50759
2026-05-24,words,101-150,59,558610
2026-05-24,words,151-200,108,1112015
2026-05-24,words,201-300,100,1139111
2026-05-24,words,301+,7,106299
2026-05-24,words,51-100,56,469654
2026-05-25,citations,0,124,1083470
2026-05-25,citations,1,478,5430227
2026-05-25,citations,2,238,2904235
2026-05-25,citations,3,44,584363
2026-05-25,citations,4,6,94202
2026-05-25,citations,6+,1,16210
2026-05-25,words,0-50,26,182130
2026-05-25,words,101-150,159,1591394
2026-05-25,words,151-200,306,3525096
2026-05-25,words,201-300,292,3728490
2026-05-25,words,301+,16,262646
2026-05-25,words,51-100,92,822951
2026-05-26,citations,0,123,1117487
2026-05-26,citations,1,420,4873949
2026-05-26,citations,2,209,2539220
2026-05-26,citations,3,58,755285
2026-05-26,citations,4,10,147444
2026-05-26,citations,5,3,38693
2026-05-26,words,0-50,18,132256
2026-05-26,words,101-150,137,1439708
2026-05-26,words,151-200,316,3646381
2026-05-26,words,201-300,247,3217140
2026-05-26,words,301+,14,216890
2026-05-26,words,51-100,91,819703
2026-05-27,citations,0,160,1580249
2026-05-27,citations,1,496,6140650
2026-05-27,citations,2,225,2943613
2026-05-27,citations,3,58,795927
2026-05-27,citations,4,7,96300
2026-05-27,words,0-50,22,159305
2026-05-27,words,101-150,175,1917196
2026-05-27,words,151-200,319,3825896
2026-05-27,words,201-300,302,4280327
2026-05-27,words,301+,16,259422
2026-05-27,words,51-100,112,1114593
2026-05-28,citations,0,161,1480180
2026-05-28,citations,1,506,5926070
2026-05-28,citations,2,266,3334806
2026-05-28,citations,3,64,831037
2026-05-28,citations,4,10,162119
2026-05-28,citations,6+,1,21614
2026-05-28,words,0-50,30,221132
2026-05-28,words,101-150,194,2031400
2026-05-28,words,151-200,302,3568314
2026-05-28,words,201-300,344,4482442
2026-05-28,words,301+,19,328101
2026-05-28,words,51-100,119,1124437
2026-05-29,citations,0,106,1818467
2026-05-29,citations,1,320,5689172
2026-05-29,citations,2,149,2570932
2026-05-29,citations,3,48,741293
2026-05-29,citations,4,6,131118
2026-05-29,citations,5,1,15111
2026-05-29,citations,6+,1,21143
2026-05-29,words,0-50,18,224318
2026-05-29,words,101-150,106,1496170
2026-05-29,words,151-200,211,3271652
2026-05-29,words,201-300,203,4076142
2026-05-29,words,301+,18,502487
2026-05-29,words,51-100,75,1416467
2026-05-30,citations,0,78,656476
2026-05-30,citations,1,230,2346545
2026-05-30,citations,2,103,1123431
2026-05-30,citations,3,16,184740
2026-05-30,citations,4,4,41422
2026-05-30,citations,5,1,8779
2026-05-30,words,0-50,9,60820
2026-05-30,words,101-150,102,943909
2026-05-30,words,151-200,123,1260460
2026-05-30,words,201-300,124,1408501
2026-05-30,words,301+,13,177452
2026-05-30,words,51-100,61,510251
2026-05-31,citations,0,72,628952
2026-05-31,citations,1,220,2405106
2026-05-31,citations,2,97,1090690
2026-05-31,citations,3,30,388465
2026-05-31,citations,4,3,44575
2026-05-31,citations,5,2,25423
2026-05-31,words,0-50,7,50636
2026-05-31,words,101-150,97,931990
2026-05-31,words,151-200,141,1555075
2026-05-31,words,201-300,116,1431972
2026-05-31,words,301+,7,104801
2026-05-31,words,51-100,56,508737
2026-06-01,citations,0,129,1306634
2026-06-01,citations,1,371,4668274
2026-06-01,citations,2,172,2273829
2026-06-01,citations,3,40,544619
2026-06-01,citations,4,11,184210
2026-06-01,citations,5,2,38452
2026-06-01,citations,6+,1,20319
2026-06-01,words,0-50,26,227768
2026-06-01,words,101-150,151,1751829
2026-06-01,words,151-200,216,2685155
2026-06-01,words,201-300,219,3103643
2026-06-01,words,301+,14,267334
2026-06-01,words,51-100,100,1000608
2026-06-02,citations,0,143,1387290
2026-06-02,citations,1,589,7176909
2026-06-02,citations,2,253,3144167
2026-06-02,citations,3,72,980846
2026-06-02,citations,4,11,180587
2026-06-02,citations,5,2,28249
2026-06-02,words,0-50,17,116972
2026-06-02,words,101-150,214,2338521
2026-06-02,words,151-200,336,3972761
2026-06-02,words,201-300,353,4847358
2026-06-02,words,301+,19,336649
2026-06-02,words,51-100,131,1285787
2026-06-03,citations,0,164,1648896
2026-06-03,citations,1,511,6482665
2026-06-03,citations,2,264,3590711
2026-06-03,citations,3,65,941904
2026-06-03,citations,4,13,245230
2026-06-03,citations,5,4,85375
2026-06-03,words,0-50,18,128150
2026-06-03,words,101-150,188,2163723
2026-06-03,words,151-200,328,4139583
2026-06-03,words,201-300,330,4810334
2026-06-03,words,301+,21,409837
2026-06-03,words,51-100,136,1343154
2026-06-04,citations,0,141,1326186
2026-06-04,citations,1,534,6308694
2026-06-04,citations,2,227,2795844
2026-06-04,citations,3,59,767096
2026-06-04,citations,4,8,132194
2026-06-04,citations,5,1,20917
2026-06-04,citations,6+,1,24940
2026-06-04,words,0-50,17,106308
2026-06-04,words,101-150,199,2104670
2026-06-04,words,151-200,297,3449934
2026-06-04,words,201-300,331,4382718
2026-06-04,words,301+,20,354299
2026-06-04,words,51-100,107,977942
2026-06-05,citations,0,140,1438540
2026-06-05,citations,1,365,4441649
2026-06-05,citations,2,188,2394614
2026-06-05,citations,3,46,624073
2026-06-05,citations,4,7,98495
2026-06-05,citations,5,2,49548
2026-06-05,words,0-50,29,217499
2026-06-05,words,101-150,142,1555471
2026-06-05,words,151-200,250,2948885
2026-06-05,words,201-300,221,3119351
2026-06-05,words,301+,14,237691
2026-06-05,words,51-100,92,968022
2026-06-06,citations,0,81,673488
2026-06-06,citations,1,232,2401856
2026-06-06,citations,2,117,1228135
2026-06-06,citations,3,24,261167
2026-06-06,citations,4,5,63007
2026-06-06,words,0-50,7,41806
2026-06-06,words,101-150,86,755452
2026-06-06,words,151-200,140,1438552
2026-06-06,words,201-300,154,1729749
2026-06-06,words,301+,14,191011
2026-06-06,words,51-100,58,471083
2026-06-07,citations,0,117,831115
2026-06-07,citations,1,243,2305480
2026-06-07,citations,2,152,1478947
2026-06-07,citations,3,41,433577
2026-06-07,citations,4,10,108399
2026-06-07,words,0-50,21,116332
2026-06-07,words,101-150,104,875123
2026-06-07,words,151-200,154,1441265
2026-06-07,words,201-300,198,2070422
2026-06-07,words,301+,13,150421
2026-06-07,words,51-100,73,503955
2026-06-08,citations,0,150,2008323
2026-06-08,citations,1,514,7443418
2026-06-08,citations,2,201,3195236
2026-06-08,citations,3,59,1113422
2026-06-08,citations,4,15,291794
2026-06-08,citations,5,2,30829
2026-06-08,words,0-50,19,190545
2026-06-08,words,101-150,172,2225054
2026-06-08,words,151-200,293,4166208
2026-06-08,words,201-300,325,5557741
2026-06-08,words,301+,19,348091
2026-06-08,words,51-100,113,1595383
2026-06-09,citations,0,142,1575974
2026-06-09,citations,1,493,6126877
2026-06-09,citations,2,251,3289937
2026-06-09,citations,3,70,878523
2026-06-09,citations,4,10,152700
2026-06-09,citations,5,2,27834
2026-06-09,citations,6+,1,15950
2026-06-09,words,0-50,21,178508
2026-06-09,words,101-150,170,1952949
2026-06-09,words,151-200,320,3865316
2026-06-09,words,201-300,326,4497335
2026-06-09,words,301+,28,458449
2026-06-09,words,51-100,104,1115238
2026-06-10,citations,0,134,1925677
2026-06-10,citations,1,438,7072849
2026-06-10,citations,2,214,3759338
2026-06-10,citations,3,53,942696
2026-06-10,citations,4,6,165522
2026-06-10,words,0-50,13,167893
2026-06-10,words,101-150,173,2486268
2026-06-10,words,151-200,274,4538445
2026-06-10,words,201-300,260,4767763
2026-06-10,words,301+,11,231202
2026-06-10,words,51-100,114,1674511
2026-06-11,citations,0,140,1469674
2026-06-11,citations,1,430,5196473
2026-06-11,citations,2,209,2640993
2026-06-11,citations,3,67,926473
2026-06-11,citations,4,7,82491
2026-06-11,citations,5,3,56628
2026-06-11,words,0-50,19,158103
2026-06-11,words,101-150,182,1970614
2026-06-11,words,151-200,274,3358752
2026-06-11,words,201-300,241,3348101
2026-06-11,words,301+,8,162321
2026-06-11,words,51-100,132,1374841
2026-06-12,citations,0,107,1143495
2026-06-12,citations,1,400,5016300
2026-06-12,citations,2,151,1981015
2026-06-12,citations,3,46,618625
2026-06-12,citations,4,6,83661
2026-06-12,citations,5,3,53699
2026-06-12,words,0-50,17,149641
2026-06-12,words,101-150,140,1590038
2026-06-12,words,151-200,228,2801518
2026-06-12,words,201-300,214,3119454
2026-06-12,words,301+,5,83750
2026-06-12,words,51-100,109,1152394
2026-06-13,citations,0,67,580423
2026-06-13,citations,1,209,2296729
2026-06-13,citations,2,109,1209718
2026-06-13,citations,3,46,518308
2026-06-13,citations,4,3,33020
2026-06-13,citations,5,2,33663
2026-06-13,citations,6+,1,17241
2026-06-13,words,0-50,14,104969
2026-06-13,words,101-150,83,812935
2026-06-13,words,151-200,143,1566841
2026-06-13,words,201-300,127,1542646
2026-06-13,words,301+,10,129855
2026-06-13,words,51-100,60,531856
2026-06-14,citations,0,47,325653
2026-06-14,citations,1,221,1952607
2026-06-14,citations,2,75,709201
2026-06-14,citations,3,22,236933
2026-06-14,citations,4,2,18751
2026-06-14,words,0-50,6,33361
2026-06-14,words,101-150,93,739787
2026-06-14,words,151-200,129,1187769
2026-06-14,words,201-300,97,979249
2026-06-14,words,301+,1,15466
2026-06-14,words,51-100,41,287513
2026-06-15,citations,0,145,1334955
2026-06-15,citations,1,547,6036380
2026-06-15,citations,2,251,3026100
2026-06-15,citations,3,58,689626
2026-06-15,citations,4,17,221817
2026-06-15,words,0-50,16,116341
2026-06-15,words,101-150,208,2129059
2026-06-15,words,151-200,351,3905967
2026-06-15,words,201-300,295,3775306
2026-06-15,words,301+,11,132032
2026-06-15,words,51-100,137,1250173
2026-06-16,citations,0,128,1325736
2026-06-16,citations,1,476,5802276
2026-06-16,citations,2,234,3043431
2026-06-16,citations,3,42,601187
2026-06-16,citations,4,4,51575
2026-06-16,words,0-50,22,180169
2026-06-16,words,101-150,194,2161383
2026-06-16,words,151-200,296,3582710
2026-06-16,words,201-300,252,3535811
2026-06-16,words,301+,11,215585
2026-06-16,words,51-100,109,1148547
2026-06-17,citations,0,138,1382347
2026-06-17,citations,1,480,5728528
2026-06-17,citations,2,236,2893978
2026-06-17,citations,3,50,702676
2026-06-17,citations,4,15,245602
2026-06-17,citations,5,1,9808
2026-06-17,words,0-50,22,188640
2026-06-17,words,101-150,179,1967354
2026-06-17,words,151-200,330,3875985
2026-06-17,words,201-300,260,3539248
2026-06-17,words,301+,12,211145
2026-06-17,words,51-100,117,1180567
2026-06-18,citations,0,154,1610350
2026-06-18,citations,1,413,4919307
2026-06-18,citations,2,176,2410555
2026-06-18,citations,3,61,852957
2026-06-18,citations,4,10,182606
2026-06-18,citations,5,1,19068
2026-06-18,words,0-50,18,148778
2026-06-18,words,101-150,177,1978238
2026-06-18,words,151-200,271,3407045
2026-06-18,words,201-300,199,2883410
2026-06-18,words,301+,7,131926
2026-06-18,words,51-100,143,1445446
2026-06-19,citations,0,114,1018552
2026-06-19,citations,1,392,4241414
2026-06-19,citations,2,167,1978986
2026-06-19,citations,3,45,536512
2026-06-19,citations,4,11,146324
2026-06-19,words,0-50,23,168055
2026-06-19,words,101-150,142,1413705
2026-06-19,words,151-200,261,2860911
2026-06-19,words,201-300,210,2598066
2026-06-19,words,301+,7,112570
2026-06-19,words,51-100,86,768481
2026-06-20,citations,0,60,527627
2026-06-20,citations,1,242,2396751
2026-06-20,citations,2,104,1135706
2026-06-20,citations,3,35,365193
2026-06-20,citations,4,2,24767
2026-06-20,words,0-50,5,45091
2026-06-20,words,101-150,101,963194
2026-06-20,words,151-200,168,1692747
2026-06-20,words,201-300,107,1216016
2026-06-20,words,301+,4,49315
2026-06-20,words,51-100,58,483681
2026-06-21,citations,0,41,327680
2026-06-21,citations,1,127,1303128
2026-06-21,citations,2,56,577560
2026-06-21,citations,3,15,149525
2026-06-21,citations,4,2,23642
2026-06-21,words,0-50,7,47545
2026-06-21,words,101-150,53,473023
2026-06-21,words,151-200,89,893939
2026-06-21,words,201-300,61,716874
2026-06-21,words,51-100,31,250154
2026-06-22,citations,0,139,1498635
2026-06-22,citations,1,495,6068953
2026-06-22,citations,2,210,2693224
2026-06-22,citations,3,62,809207
2026-06-22,citations,4,7,114327
2026-06-22,words,0-50,16,123699
2026-06-22,words,101-150,202,2257392
2026-06-22,words,151-200,315,3912596
2026-06-22,words,201-300,243,3389220
2026-06-22,words,301+,12,185867
2026-06-22,words,51-100,125,1315572
2026-06-23,citations,0,123,1364196
2026-06-23,citations,1,358,4634777
2026-06-23,citations,2,165,2291683
2026-06-23,citations,3,33,467451
2026-06-23,citations,4,7,93652
2026-06-23,words,0-50,15,126778
2026-06-23,words,101-150,120,1375824
2026-06-23,words,151-200,222,2835206
2026-06-23,words,201-300,207,3089208
2026-06-23,words,301+,12,212359
2026-06-23,words,51-100,110,1212384
2026-06-24,citations,0,100,1071954
2026-06-24,citations,1,359,4398043
2026-06-24,citations,2,144,1856941
2026-06-24,citations,3,37,501137
2026-06-24,citations,4,8,111845
2026-06-24,words,0-50,9,85258
2026-06-24,words,101-150,153,1769832
2026-06-24,words,151-200,238,2915506
2026-06-24,words,201-300,154,2170027
2026-06-24,words,301+,6,89389
2026-06-24,words,51-100,88,909908
2026-06-25,citations,0,101,1007382
2026-06-25,citations,1,369,4409883
2026-06-25,citations,2,161,2057250
2026-06-25,citations,3,40,542291
2026-06-25,citations,4,10,127780
2026-06-25,citations,6+,2,48091
2026-06-25,words,0-50,12,117306
2026-06-25,words,101-150,131,1469603
2026-06-25,words,151-200,241,2888240
2026-06-25,words,201-300,193,2638421
2026-06-25,words,301+,9,123642
2026-06-25,words,51-100,97,955465
2026-06-26,citations,0,78,799147
2026-06-26,citations,1,279,3355021
2026-06-26,citations,2,128,1634432
2026-06-26,citations,3,41,577883
2026-06-26,citations,4,4,58196
2026-06-26,words,0-50,7,58111
2026-06-26,words,101-150,106,1173356
2026-06-26,words,151-200,181,2199663
2026-06-26,words,201-300,152,2085606
2026-06-26,words,301+,8,131352
2026-06-26,words,51-100,76,776591
2026-06-27,citations,0,63,492005
2026-06-27,citations,1,248,2510619
2026-06-27,citations,2,92,935085
2026-06-27,citations,3,21,217226
2026-06-27,citations,4,4,49095
2026-06-27,citations,5,1,18016
2026-06-27,words,0-50,10,65794
2026-06-27,words,101-150,86,802288
2026-06-27,words,151-200,150,1497402
2026-06-27,words,201-300,119,1323464
2026-06-27,words,301+,5,66329
2026-06-27,words,51-100,59,466769
2026-06-28,citations,0,72,550260
2026-06-28,citations,1,195,1940860
2026-06-28,citations,2,94,978893
2026-06-28,citations,3,37,432371
2026-06-28,citations,4,2,25123
2026-06-28,words,0-50,14,78876
2026-06-28,words,101-150,64,583781
2026-06-28,words,151-200,130,1240710
2026-06-28,words,201-300,135,1544348
2026-06-28,words,301+,5,68538
2026-06-28,words,51-100,52,411254
2026-06-29,citations,0,135,1253303
2026-06-29,citations,1,549,6053168
2026-06-29,citations,2,268,3198785
2026-06-29,citations,3,58,709239
2026-06-29,citations,4,13,169953
2026-06-29,citations,5,2,32562
2026-06-29,words,0-50,17,141854
2026-06-29,words,101-150,189,1943826
2026-06-29,words,151-200,373,4087073
2026-06-29,words,201-300,318,4015357
2026-06-29,words,301+,9,133363
2026-06-29,words,51-100,119,1095537
2026-06-30,citations,0,156,1453226
2026-06-30,citations,1,356,4468754
2026-06-30,citations,2,277,3713147
2026-06-30,citations,3,100,1403572
2026-06-30,citations,4,26,431321
2026-06-30,citations,5,2,41789
2026-06-30,words,0-50,56,465330
2026-06-30,words,101-150,249,3052222
2026-06-30,words,151-200,230,3108450
2026-06-30,words,201-300,167,2497977
2026-06-30,words,301+,15,244018
2026-06-30,words,51-100,200,2143812
2026-07-01,citations,0,106,1063458
2026-07-01,citations,1,247,3280191
2026-07-01,citations,2,200,2792448
2026-07-01,citations,3,94,1387786
2026-07-01,citations,4,20,299570
2026-07-01,citations,5,2,29557
2026-07-01,words,0-50,37,337716
2026-07-01,words,101-150,167,2129617
2026-07-01,words,151-200,174,2428033
2026-07-01,words,201-300,151,2326820
2026-07-01,words,301+,8,163716
2026-07-01,words,51-100,132,1467108
2026-07-02,citations,0,117,1136788
2026-07-02,citations,1,298,4022557
2026-07-02,citations,2,272,3904523
2026-07-02,citations,3,90,1327569
2026-07-02,citations,4,18,286922
2026-07-02,citations,5,3,64296
2026-07-02,citations,6+,1,28953
2026-07-02,words,0-50,35,299128
2026-07-02,words,101-150,179,2357908
2026-07-02,words,151-200,211,3072906
2026-07-02,words,201-300,179,2732436
2026-07-02,words,301+,23,411112
2026-07-02,words,51-100,172,1898118
2026-07-03,citations,0,59,581406
2026-07-03,citations,1,223,2870557
2026-07-03,citations,2,181,2487299
2026-07-03,citations,3,70,1082330
2026-07-03,citations,4,18,335627
2026-07-03,citations,5,5,113956
2026-07-03,words,0-50,19,135507
2026-07-03,words,101-150,165,2107363
2026-07-03,words,151-200,133,1835224
2026-07-03,words,201-300,149,2331934
2026-07-03,words,301+,14,240775
2026-07-03,words,51-100,76,820372
2026-07-04,citations,0,36,345223
2026-07-04,citations,1,140,1738937
2026-07-04,citations,2,97,1254524
2026-07-04,citations,3,26,360481
2026-07-04,citations,4,8,121113
2026-07-04,citations,5,1,21904
2026-07-04,citations,6+,4,94771
2026-07-04,words,0-50,5,36164
2026-07-04,words,101-150,90,1036586
2026-07-04,words,151-200,79,1017401
2026-07-04,words,201-300,83,1208256
2026-07-04,words,301+,13,224553
2026-07-04,words,51-100,42,413993
2026-07-05,citations,0,30,239123
2026-07-05,citations,1,124,1304503
2026-07-05,citations,2,82,975464
2026-07-05,citations,3,42,509853
2026-07-05,citations,4,8,116232
2026-07-05,citations,5,3,51327
2026-07-05,citations,6+,1,22066
2026-07-05,words,0-50,5,32506
2026-07-05,words,101-150,68,694143
2026-07-05,words,151-200,71,811880
2026-07-05,words,201-300,88,1118470
2026-07-05,words,301+,10,163097
2026-07-05,words,51-100,48,398472
2026-07-06,citations,0,67,720824
2026-07-06,citations,1,293,3859402
2026-07-06,citations,2,245,3347120
2026-07-06,citations,3,100,1474385
2026-07-06,citations,4,15,271144
2026-07-06,citations,5,6,150170
2026-07-06,citations,6+,2,39397
2026-07-06,words,0-50,14,117019
2026-07-06,words,101-150,196,2477485
2026-07-06,words,151-200,191,2592202
2026-07-06,words,201-300,195,2993508
2026-07-06,words,301+,32,572337
2026-07-06,words,51-100,100,1109891
2026-07-07,citations,0,62,592459
2026-07-07,citations,1,303,3994834
2026-07-07,citations,2,253,3529799
2026-07-07,citations,3,85,1223650
2026-07-07,citations,4,25,454228
2026-07-07,citations,5,7,117522
2026-07-07,citations,6+,2,55428
2026-07-07,words,0-50,23,179475
2026-07-07,words,101-150,188,2352116
2026-07-07,words,151-200,200,2844488
2026-07-07,words,201-300,202,3084000
2026-07-07,words,301+,22,416952
2026-07-07,words,51-100,102,1090889
2026-07-08,citations,0,72,766402
2026-07-08,citations,1,289,3891587
2026-07-08,citations,2,234,3316570
2026-07-08,citations,3,95,1476451
2026-07-08,citations,4,22,363038
2026-07-08,citations,5,4,94124
2026-07-08,citations,6+,1,19476
2026-07-08,words,0-50,26,255124
2026-07-08,words,101-150,183,2375835
2026-07-08,words,151-200,178,2564814
2026-07-08,words,201-300,195,3043793
2026-07-08,words,301+,26,486549
2026-07-08,words,51-100,109,1201533
2026-07-09,citations,0,55,527888
2026-07-09,citations,1,234,2962160
2026-07-09,citations,2,201,2676986
2026-07-09,citations,3,95,1328263
2026-07-09,citations,4,11,166944
2026-07-09,citations,5,4,62196
2026-07-09,citations,6+,1,22083
2026-07-09,words,0-50,13,103651
2026-07-09,words,101-150,149,1798768
2026-07-09,words,151-200,162,2145499
2026-07-09,words,201-300,169,2487860
2026-07-09,words,301+,15,252078
2026-07-09,words,51-100,93,958664
2026-07-10,citations,0,59,625917
2026-07-10,citations,1,218,2980776
2026-07-10,citations,2,190,2806665
2026-07-10,citations,3,52,845908
2026-07-10,citations,4,12,218850
2026-07-10,citations,5,2,45843
2026-07-10,citations,6+,1,30327
2026-07-10,words,0-50,16,132288
2026-07-10,words,101-150,150,1999918
2026-07-10,words,151-200,126,1875731
2026-07-10,words,201-300,157,2520474
2026-07-10,words,301+,9,193009
2026-07-10,words,51-100,76,832866
2026-07-11,citations,0,34,318889
2026-07-11,citations,1,140,1693075
2026-07-11,citations,2,102,1306336
2026-07-11,citations,3,21,288138
2026-07-11,citations,4,1,17463
2026-07-11,citations,5,1,14620
2026-07-11,citations,6+,1,18697
2026-07-11,words,0-50,11,87005
2026-07-11,words,101-150,87,997121
2026-07-11,words,151-200,93,1178991
2026-07-11,words,201-300,62,877638
2026-07-11,words,301+,8,124120
2026-07-11,words,51-100,39,392343
2026-07-12,citations,0,24,176799
2026-07-12,citations,1,114,1187816
2026-07-12,citations,2,96,1069379
2026-07-12,citations,3,29,355515
2026-07-12,citations,4,7,93215
2026-07-12,citations,5,1,13055
2026-07-12,citations,6+,1,18525
2026-07-12,words,0-50,7,43558
2026-07-12,words,101-150,69,692250
2026-07-12,words,151-200,78,850075
2026-07-12,words,201-300,69,861096
2026-07-12,words,301+,10,143782
2026-07-12,words,51-100,39,323543
2026-07-13,citations,0,63,565404
2026-07-13,citations,1,217,2765369
2026-07-13,citations,2,243,3348556
2026-07-13,citations,3,106,1562217
2026-07-13,citations,4,14,251486
2026-07-13,citations,5,1,25047
2026-07-13,citations,6+,3,61809
2026-07-13,words,0-50,22,161078
2026-07-13,words,101-150,145,1729436
2026-07-13,words,151-200,168,2327006
2026-07-13,words,201-300,204,3100379
2026-07-13,words,301+,21,374836
2026-07-13,words,51-100,87,887153
2026-07-14,citations,0,68,634874
2026-07-14,citations,1,248,3221978
2026-07-14,citations,2,221,3052625
2026-07-14,citations,3,95,1448661
2026-07-14,citations,4,23,339001
2026-07-14,citations,5,3,57453
2026-07-14,citations,6+,1,23187
2026-07-14,words,0-50,19,153035
2026-07-14,words,101-150,180,2233910
2026-07-14,words,151-200,159,2177468
2026-07-14,words,201-300,177,2668124
2026-07-14,words,301+,29,538195
2026-07-14,words,51-100,95,1007047
2026-07-15,citations,0,84,770932
2026-07-15,citations,1,282,3524301
2026-07-15,citations,2,214,2879889
2026-07-15,citations,3,78,1104925
2026-07-15,citations,4,14,201959
2026-07-15,citations,5,2,43692
2026-07-15,words,0-50,31,221507
2026-07-15,words,101-150,173,2087076
2026-07-15,words,151-200,185,2421019
2026-07-15,words,201-300,181,2623292
2026-07-15,words,301+,12,210432
2026-07-15,words,51-100,92,962372
2026-07-16,citations,0,70,675666
2026-07-16,citations,1,230,2939268
2026-07-16,citations,2,206,2766075
2026-07-16,citations,3,79,1154401
2026-07-16,citations,4,18,280918
2026-07-16,citations,5,2,46558
2026-07-16,citations,6+,1,19610
2026-07-16,words,0-50,12,81313
2026-07-16,words,101-150,175,2128505
2026-07-16,words,151-200,169,2343901
2026-07-16,words,201-300,141,2070470
2026-07-16,words,301+,16,295652
2026-07-16,words,51-100,93,962655
2026-07-17,citations,0,49,440318
2026-07-17,citations,1,208,2527662
2026-07-17,citations,2,193,2518169
2026-07-17,citations,3,72,995824
2026-07-17,citations,4,19,288286
2026-07-17,citations,5,5,83975
2026-07-17,citations,6+,4,93872
2026-07-17,words,0-50,12,76926
2026-07-17,words,101-150,129,1513431
2026-07-17,words,151-200,163,2121905
2026-07-17,words,201-300,160,2267712
2026-07-17,words,301+,19,309182
2026-07-17,words,51-100,67,658950
2026-07-18,citations,0,31,262427
2026-07-18,citations,1,158,1777268
2026-07-18,citations,2,157,1874872
2026-07-18,citations,3,59,775933
2026-07-18,citations,4,11,157518
2026-07-18,citations,6+,1,15236
2026-07-18,words,0-50,8,60326
2026-07-18,words,101-150,113,1240281
2026-07-18,words,151-200,121,1465421
2026-07-18,words,201-300,107,1395984
2026-07-18,words,301+,15,213502
2026-07-18,words,51-100,53,487740
2026-07-19,citations,0,30,263110
2026-07-19,citations,1,139,1501815
2026-07-19,citations,2,81,936657
2026-07-19,citations,3,30,364753
2026-07-19,citations,4,7,96251
2026-07-19,words,0-50,7,52284
2026-07-19,words,101-150,75,767439
2026-07-19,words,151-200,93,1034299
2026-07-19,words,201-300,73,940715
2026-07-19,words,301+,2,34631
2026-07-19,words,51-100,37,333218
2026-07-20,citations,0,59,610296
2026-07-20,citations,1,279,3493438
2026-07-20,citations,2,230,3070519
2026-07-20,citations,3,84,1252937
2026-07-20,citations,4,15,249574
2026-07-20,citations,5,2,32801
2026-07-20,words,0-50,14,97389
2026-07-20,words,101-150,162,1972085
2026-07-20,words,151-200,178,2342583
2026-07-20,words,201-300,201,2890969
2026-07-20,words,301+,25,458280
2026-07-20,words,51-100,89,948259
2026-07-21,citations,0,76,838589
2026-07-21,citations,1,292,4023489
2026-07-21,citations,2,238,3490144
2026-07-21,citations,3,94,1444935
2026-07-21,citations,4,22,361036
2026-07-21,citations,5,4,65324
2026-07-21,citations,6+,2,45262
2026-07-21,words,0-50,22,221597
2026-07-21,words,101-150,187,2415107
2026-07-21,words,151-200,207,2975344
2026-07-21,words,201-300,203,3259978
2026-07-21,words,301+,18,316356
2026-07-21,words,51-100,91,1080397
2026-07-22,citations,0,71,702635
2026-07-22,citations,1,273,3305924
2026-07-22,citations,2,281,3672580
2026-07-22,citations,3,105,1510563
2026-07-22,citations,4,20,316559
2026-07-22,citations,5,4,80382
2026-07-22,citations,6+,3,65676
2026-07-22,words,0-50,20,151125
2026-07-22,words,101-150,213,2523139
2026-07-22,words,151-200,212,2752572
2026-07-22,words,201-300,189,2694583
2026-07-22,words,301+,36,624930
2026-07-22,words,51-100,87,907970
2026-07-23,citations,0,62,584856
2026-07-23,citations,1,246,3059261
2026-07-23,citations,2,256,3461165
2026-07-23,citations,3,89,1294801
2026-07-23,citations,4,23,316525
2026-07-23,citations,5,5,95021
2026-07-23,citations,6+,2,40990
2026-07-23,words,0-50,13,94112
2026-07-23,words,101-150,190,2353475
2026-07-23,words,151-200,185,2478128
2026-07-23,words,201-300,190,2760786
2026-07-23,words,301+,16,272548
2026-07-23,words,51-100,89,893570
2026-07-24,citations,0,48,457697
2026-07-24,citations,1,243,2965939
2026-07-24,citations,2,217,2906375
2026-07-24,citations,3,75,1062350
2026-07-24,citations,4,18,285268
2026-07-24,citations,6+,1,17248
2026-07-24,words,0-50,9,74314
2026-07-24,words,101-150,162,1874070
2026-07-24,words,151-200,172,2230210
2026-07-24,words,201-300,164,2408091
2026-07-24,words,301+,19,330899
2026-07-24,words,51-100,76,777293
2026-07-25,citations,0,28,241099
2026-07-25,citations,1,107,1226536
2026-07-25,citations,2,123,1429439
2026-07-25,citations,3,42,546258
2026-07-25,citations,4,5,62640
2026-07-25,citations,5,2,37499
2026-07-25,citations,6+,1,26108
2026-07-25,words,0-50,7,55334
2026-07-25,words,101-150,78,833928
2026-07-25,words,151-200,83,1015749
2026-07-25,words,201-300,87,1124067
2026-07-25,words,301+,12,180583
2026-07-25,words,51-100,41,359918
2026-07-26,citations,0,44,342060
2026-07-26,citations,1,139,1553231
2026-07-26,citations,2,117,1392812
2026-07-26,citations,3,47,593289
2026-07-26,citations,4,12,171429
2026-07-26,citations,5,3,35980
2026-07-26,words,0-50,11,62242
2026-07-26,words,101-150,87,883290
2026-07-26,words,151-200,105,1273864
2026-07-26,words,201-300,106,1357099
2026-07-26,words,301+,8,122907
2026-07-26,words,51-100,45,389399
2026-07-27,citations,0,82,774019
2026-07-27,citations,1,268,3400076
2026-07-27,citations,2,222,2961951
2026-07-27,citations,3,96,1381241
2026-07-27,citations,4,29,479466
2026-07-27,citations,5,2,31662
2026-07-27,words,0-50,22,157121
2026-07-27,words,101-150,165,1972542
2026-07-27,words,151-200,198,2607093
2026-07-27,words,201-300,201,2979652
2026-07-27,words,301+,23,380336
2026-07-27,words,51-100,90,931671
2026-07-28,citations,0,66,685464
2026-07-28,citations,1,280,3697462
2026-07-28,citations,2,256,3517741
2026-07-28,citations,3,143,2140046
2026-07-28,citations,4,34,608614
2026-07-28,citations,5,6,112523
2026-07-28,citations,6+,4,97373
2026-07-28,words,0-50,19,160148
2026-07-28,words,101-150,204,2582803
2026-07-28,words,151-200,190,2660846
2026-07-28,words,201-300,247,3762024
2026-07-28,words,301+,35,641687
2026-07-28,words,51-100,94,1051715
2026-07-29,citations,0,57,575714
2026-07-29,citations,1,228,2877033
2026-07-29,citations,2,247,3261580
2026-07-29,citations,3,95,1302557
2026-07-29,citations,4,26,462304
2026-07-29,citations,5,3,62869
2026-07-29,citations,6+,1,34718
2026-07-29,words,0-50,13,113589
2026-07-29,words,101-150,175,2094663
2026-07-29,words,151-200,159,2126574
2026-07-29,words,201-300,199,2954689
2026-07-29,words,301+,18,311944
2026-07-29,words,51-100,93,975316
2026-07-30,citations,0,72,679630
2026-07-30,citations,1,215,2680414
2026-07-30,citations,2,213,2781169
2026-07-30,citations,3,78,1047907
2026-07-30,citations,4,27,375829
2026-07-30,citations,5,3,68766
2026-07-30,citations,6+,1,18680
2026-07-30,words,0-50,22,168547
2026-07-30,words,101-150,155,1823312
2026-07-30,words,151-200,138,1790696
2026-07-30,words,201-300,174,2457300
2026-07-30,words,301+,25,421338
2026-07-30,words,51-100,95,991202
2026-07-31,citations,0,62,606461
2026-07-31,citations,1,224,2755204
2026-07-31,citations,2,185,2573466
2026-07-31,citations,3,47,675575
2026-07-31,citations,4,19,281959
2026-07-31,citations,5,5,101046
2026-07-31,citations,6+,2,47381
2026-07-31,words,0-50,22,182673
2026-07-31,words,101-150,147,1803832
2026-07-31,words,151-200,139,1896319
2026-07-31,words,201-300,146,2115510
2026-07-31,words,301+,17,299565
2026-07-31,words,51-100,73,743193
2026-08-01,citations,0,51,431275
2026-08-01,citations,1,158,1891814
2026-08-01,citations,2,103,1242334
2026-08-01,citations,3,37,474584
2026-08-01,citations,4,11,176397
2026-08-01,citations,5,1,18524
2026-08-01,citations,6+,2,39642
2026-08-01,words,0-50,18,128654
2026-08-01,words,101-150,89,989577
2026-08-01,words,151-200,78,938939
2026-08-01,words,201-300,113,1527390
2026-08-01,words,301+,10,169075
2026-08-01,words,51-100,55,520935
2026-08-02,citations,0,38,339238
2026-08-02,citations,1,121,1398125
2026-08-02,citations,2,66,812953
2026-08-02,citations,3,34,448532
2026-08-02,citations,4,11,182403
2026-08-02,citations,5,1,17558
2026-08-02,citations,6+,1,14018
2026-08-02,words,0-50,6,37503
2026-08-02,words,101-150,64,696808
2026-08-02,words,151-200,73,913096
2026-08-02,words,201-300,73,980772
2026-08-02,words,301+,7,128235
2026-08-02,words,51-100,49,456413
2026-08-03,citations,0,41,378642
2026-08-03,citations,1,175,2166786
2026-08-03,citations,2,140,1817530
2026-08-03,citations,3,59,828623
2026-08-03,citations,4,15,226404
2026-08-03,citations,5,2,41310
2026-08-03,citations,6+,2,45462
2026-08-03,words,0-50,11,82344
2026-08-03,words,101-150,123,1454871
2026-08-03,words,151-200,111,1457594
2026-08-03,words,201-300,125,1782951
2026-08-03,words,301+,14,240704
2026-08-03,words,51-100,50,486293
2026-08-04,citations,0,78,774967
2026-08-04,citations,1,312,4032282
2026-08-04,citations,2,237,3236567
2026-08-04,citations,3,88,1299667
2026-08-04,citations,4,33,489797
2026-08-04,citations,6+,2,47666
2026-08-04,words,0-50,21,170128
2026-08-04,words,101-150,219,2720574
2026-08-04,words,151-200,165,2273041
2026-08-04,words,201-300,220,3251002
2026-08-04,words,301+,28,465451
2026-08-04,words,51-100,97,1000750
2026-08-05,citations,0,70,601763
2026-08-05,citations,1,322,3803844
2026-08-05,citations,2,226,2778398
2026-08-05,citations,3,87,1167782
2026-08-05,citations,4,21,324529
2026-08-05,citations,5,5,99354
2026-08-05,words,0-50,25,173586
2026-08-05,words,101-150,191,2148695
2026-08-05,words,151-200,212,2653794
2026-08-05,words,201-300,201,2721039
2026-08-05,words,301+,18,300134
2026-08-05,words,51-100,84,778422
2026-08-06,citations,0,80,704915
2026-08-06,citations,1,245,2883735
2026-08-06,citations,2,235,2909190
2026-08-06,citations,3,90,1212023
2026-08-06,citations,4,12,172802
2026-08-06,citations,5,3,40237
2026-08-06,words,0-50,17,124135
2026-08-06,words,101-150,175,1978526
2026-08-06,words,151-200,160,2022134
2026-08-06,words,201-300,188,2497538
2026-08-06,words,301+,16,241714
2026-08-06,words,51-100,109,1058855
2026-08-07,citations,0,63,530065
2026-08-07,citations,1,202,2404029
2026-08-07,citations,2,220,2680621
2026-08-07,citations,3,100,1279527
2026-08-07,citations,4,23,329970
2026-08-07,citations,5,3,63004
2026-08-07,citations,6+,2,46459
2026-08-07,words,0-50,18,108884
2026-08-07,words,101-150,159,1792037
2026-08-07,words,151-200,154,1907078
2026-08-07,words,201-300,183,2436058
2026-08-07,words,301+,22,360589
2026-08-07,words,51-100,77,729029
2026-08-08,citations,0,51,418947
2026-08-08,citations,1,160,1813447
2026-08-08,citations,2,119,1511176
2026-08-08,citations,3,38,483210
2026-08-08,citations,4,10,159825
2026-08-08,citations,5,1,13799
2026-08-08,words,0-50,12,72831
2026-08-08,words,101-150,98,1058372
2026-08-08,words,151-200,85,1018892
2026-08-08,words,201-300,104,1405210
2026-08-08,words,301+,13,218757
2026-08-08,words,51-100,67,626342
2026-08-09,citations,0,50,447927
2026-08-09,citations,1,110,1328118
2026-08-09,citations,2,116,1398702
2026-08-09,citations,3,34,474894
2026-08-09,citations,4,9,128354
2026-08-09,citations,5,1,9822
2026-08-09,citations,6+,1,20096
2026-08-09,words,0-50,9,70068
2026-08-09,words,101-150,72,798764
2026-08-09,words,151-200,87,1085215
2026-08-09,words,201-300,92,1226062
2026-08-09,words,301+,6,107849
2026-08-09,words,51-100,55,519955
2026-08-10,citations,0,70,659695
2026-08-10,citations,1,347,4345189
2026-08-10,citations,2,267,3466422
2026-08-10,citations,3,110,1575699
2026-08-10,citations,4,32,501588
2026-08-10,citations,5,3,63642
2026-08-10,citations,6+,1,21071
2026-08-10,words,0-50,21,150893
2026-08-10,words,101-150,194,2313334
2026-08-10,words,151-200,248,3198100
2026-08-10,words,201-300,247,3521315
2026-08-10,words,301+,28,472265
2026-08-10,words,51-100,92,977399
2026-08-11,citations,0,73,667022
2026-08-11,citations,1,288,3638695
2026-08-11,citations,2,227,2999971
2026-08-11,citations,3,108,1545192
2026-08-11,citations,4,28,436303
2026-08-11,citations,5,5,100247
2026-08-11,citations,6+,3,64890
2026-08-11,words,0-50,23,179153
2026-08-11,words,101-150,179,2155203
2026-08-11,words,151-200,181,2372534
2026-08-11,words,201-300,227,3321249
2026-08-11,words,301+,27,482827
2026-08-11,words,51-100,95,941354
2026-08-12,citations,0,66,597316
2026-08-12,citations,1,269,3113772
2026-08-12,citations,2,215,2690253
2026-08-12,citations,3,87,1198964
2026-08-12,citations,4,20,306716
2026-08-12,citations,5,5,77322
2026-08-12,citations,6+,1,16021
2026-08-12,words,0-50,19,133355
2026-08-12,words,101-150,179,2004225
2026-08-12,words,151-200,165,2059872
2026-08-12,words,201-300,192,2616630
2026-08-12,words,301+,19,324001
2026-08-12,words,51-100,89,862281
2026-08-13,citations,0,71,622846
2026-08-13,citations,1,232,2799293
2026-08-13,citations,2,228,2930166
2026-08-13,citations,3,94,1287757
2026-08-13,citations,4,28,386207
2026-08-13,citations,5,1,17502
2026-08-13,words,0-50,20,138976
2026-08-13,words,101-150,166,1959519
2026-08-13,words,151-200,179,2257682
2026-08-13,words,201-300,181,2493162
2026-08-13,words,301+,11,177172
2026-08-13,words,51-100,97,1017260
2026-08-14,citations,0,66,616465
2026-08-14,citations,1,219,2621525
2026-08-14,citations,2,202,2588639
2026-08-14,citations,3,103,1415146
2026-08-14,citations,4,19,287624
2026-08-14,citations,5,2,34729
2026-08-14,citations,6+,2,45454
2026-08-14,words,0-50,8,59925
2026-08-14,words,101-150,133,1532443
2026-08-14,words,151-200,170,2143754
2026-08-14,words,201-300,177,2467966
2026-08-14,words,301+,20,361968
2026-08-14,words,51-100,105,1043526
2026-08-15,citations,0,31,230221
2026-08-15,citations,1,144,1485057
2026-08-15,citations,2,95,1049262
2026-08-15,citations,3,37,403751
2026-08-15,citations,4,9,103157
2026-08-15,words,0-50,8,49843
2026-08-15,words,101-150,94,912300
2026-08-15,words,151-200,83,888986
2026-08-15,words,201-300,89,1047457
2026-08-15,words,301+,3,41973
2026-08-15,words,51-100,39,330889
2026-08-16,citations,0,37,302100
2026-08-16,citations,1,130,1412811
2026-08-16,citations,2,128,1416436
2026-08-16,citations,3,39,488469
2026-08-16,citations,4,14,194007
2026-08-16,citations,5,2,37122
2026-08-16,words,0-50,8,58570
2026-08-16,words,101-150,92,947171
2026-08-16,words,151-200,101,1135355
2026-08-16,words,201-300,91,1116244
2026-08-16,words,301+,13,189636
2026-08-16,words,51-100,45,403969
2026-08-17,citations,0,79,773654
2026-08-17,citations,1,281,3661148
2026-08-17,citations,2,251,3403225
2026-08-17,citations,3,96,1434972
2026-08-17,citations,4,27,434586
2026-08-17,citations,5,3,67574
2026-08-17,citations,6+,1,22840
2026-08-17,words,0-50,18,144194
2026-08-17,words,101-150,198,2409358
2026-08-17,words,151-200,179,2467340
2026-08-17,words,201-300,207,3173075
2026-08-17,words,301+,23,408234
2026-08-17,words,51-100,113,1195798
2026-08-18,citations,0,68,600324
2026-08-18,citations,1,275,3209704
2026-08-18,citations,2,285,3424753
2026-08-18,citations,3,105,1374441
2026-08-18,citations,4,16,225567
2026-08-18,citations,5,5,88008
2026-08-18,citations,6+,1,18683
2026-08-18,words,0-50,17,125864
2026-08-18,words,101-150,188,2078553
2026-08-18,words,151-200,210,2509160
2026-08-18,words,201-300,221,3005722
2026-08-18,words,301+,15,248107
2026-08-18,words,51-100,104,974074
2026-08-19,citations,0,72,635635
2026-08-19,citations,1,268,3102012
2026-08-19,citations,2,246,3026019
2026-08-19,citations,3,97,1314349
2026-08-19,citations,4,27,388992
2026-08-19,citations,5,12,229180
2026-08-19,words,0-50,21,147355
2026-08-19,words,101-150,160,1746244
2026-08-19,words,151-200,186,2268218
2026-08-19,words,201-300,218,3020144
2026-08-19,words,301+,33,520368
2026-08-19,words,51-100,104,993858
2026-08-20,citations,0,93,887982
2026-08-20,citations,1,266,3320133
2026-08-20,citations,2,230,3052532
2026-08-20,citations,3,80,1117592
2026-08-20,citations,4,11,157250
2026-08-20,citations,5,5,92274
2026-08-20,citations,6+,1,23944
2026-08-20,words,0-50,24,184260
2026-08-20,words,101-150,180,2165045
2026-08-20,words,151-200,182,2396166
2026-08-20,words,201-300,170,2413734
2026-08-20,words,301+,21,383136
2026-08-20,words,51-100,109,1109366
2026-08-21,citations,0,78,686925
2026-08-21,citations,1,207,2453184
2026-08-21,citations,2,160,1955478
2026-08-21,citations,3,68,875927
2026-08-21,citations,4,16,230371
2026-08-21,citations,5,3,40721
2026-08-21,words,0-50,18,118886
2026-08-21,words,101-150,127,1412354
2026-08-21,words,151-200,136,1663891
2026-08-21,words,201-300,143,1929261
2026-08-21,words,301+,14,226701
2026-08-21,words,51-100,94,891513
2026-08-22,citations,0,33,264637
2026-08-22,citations,1,117,1238476
2026-08-22,citations,2,81,921676
2026-08-22,citations,3,36,421234
2026-08-22,citations,4,8,95963
2026-08-22,citations,5,1,17279
2026-08-22,citations,6+,2,31391
2026-08-22,words,0-50,6,39072
2026-08-22,words,101-150,82,804341
2026-08-22,words,151-200,60,703763
2026-08-22,words,201-300,85,1025948
2026-08-22,words,301+,9,118516
2026-08-22,words,51-100,36,299016
2026-08-23,citations,0,37,262194
2026-08-23,citations,1,136,1453913
2026-08-23,citations,2,128,1394166
2026-08-23,citations,3,48,554729
2026-08-23,citations,4,10,124483
2026-08-23,citations,5,2,33511
2026-08-23,words,0-50,11,68748
2026-08-23,words,101-150,84,847284
2026-08-23,words,151-200,98,1111122
2026-08-23,words,201-300,94,1120433
2026-08-23,words,301+,13,185421
2026-08-23,words,51-100,61,489988
2026-08-24,citations,0,52,465917
2026-08-24,citations,1,290,3427074
2026-08-24,citations,2,272,3414147
2026-08-24,citations,3,95,1306398
2026-08-24,citations,4,28,448208
2026-08-24,citations,5,3,48422
2026-08-24,citations,6+,1,21749
2026-08-24,words,0-50,11,81794
2026-08-24,words,101-150,178,2041495
2026-08-24,words,151-200,211,2649471
2026-08-24,words,201-300,233,3183873
2026-08-24,words,301+,28,436748
2026-08-24,words,51-100,80,738534
2026-08-25,citations,0,78,680894
2026-08-25,citations,1,306,3433885
2026-08-25,citations,2,229,2726982
2026-08-25,citations,3,81,1047237
2026-08-25,citations,4,15,191125
2026-08-25,citations,5,6,89433
2026-08-25,citations,6+,6,122850
2026-08-25,words,0-50,15,90597
2026-08-25,words,101-150,217,2358649
2026-08-25,words,151-200,166,1990024
2026-08-25,words,201-300,178,2382265
2026-08-25,words,301+,17,291597
2026-08-25,words,51-100,128,1179274
2026-08-26,citations,0,70,598392
2026-08-26,citations,1,336,3785214
2026-08-26,citations,2,243,2924910
2026-08-26,citations,3,113,1428469
2026-08-26,citations,4,29,414251
2026-08-26,citations,5,2,37330
2026-08-26,citations,6+,5,109593
2026-08-26,words,0-50,15,109194
2026-08-26,words,101-150,200,2125787
2026-08-26,words,151-200,236,2849340
2026-08-26,words,201-300,218,2846907
2026-08-26,words,301+,25,414448
2026-08-26,words,51-100,104,952483
2026-08-27,citations,0,73,639986
2026-08-27,citations,1,276,3056345
2026-08-27,citations,2,270,3242187
2026-08-27,citations,3,117,1492187
2026-08-27,citations,4,29,421881
2026-08-27,citations,5,9,158182
2026-08-27,citations,6+,7,131512
2026-08-27,words,0-50,17,125868
2026-08-27,words,101-150,168,1792510
2026-08-27,words,151-200,206,2375632
2026-08-27,words,201-300,254,3354478
2026-08-27,words,301+,34,545179
2026-08-27,words,51-100,102,948613
2026-08-28,citations,0,53,497842
2026-08-28,citations,1,216,2572065
2026-08-28,citations,2,186,2364860
2026-08-28,citations,3,74,1030466
2026-08-28,citations,4,12,174378
2026-08-28,citations,5,2,25525
2026-08-28,citations,6+,2,40315
2026-08-28,words,0-50,16,139997
2026-08-28,words,101-150,147,1693087
2026-08-28,words,151-200,143,1808280
2026-08-28,words,201-300,143,1990651
2026-08-28,words,301+,23,367173
2026-08-28,words,51-100,73,706263
2026-08-29,citations,0,50,391573
2026-08-29,citations,1,147,1569658
2026-08-29,citations,2,132,1517676
2026-08-29,citations,3,64,780114
2026-08-29,citations,4,11,146216
2026-08-29,citations,5,1,20878
2026-08-29,citations,6+,1,17808
2026-08-29,words,0-50,13,79048
2026-08-29,words,101-150,98,988056
2026-08-29,words,151-200,101,1154163
2026-08-29,words,201-300,123,1507906
2026-08-29,words,301+,16,234110
2026-08-29,words,51-100,55,480640
2026-08-30,citations,0,48,379311
2026-08-30,citations,1,166,1790748
2026-08-30,citations,2,152,1743972
2026-08-30,citations,3,60,737869
2026-08-30,citations,4,18,257185
2026-08-30,words,0-50,13,87117
2026-08-30,words,101-150,110,1128176
2026-08-30,words,151-200,117,1326518
2026-08-30,words,201-300,134,1675634
2026-08-30,words,301+,13,186192
2026-08-30,words,51-100,57,505448
2026-08-31,citations,0,59,598452
2026-08-31,citations,1,266,3432675
2026-08-31,citations,2,277,3826792
2026-08-31,citations,3,115,1678618
2026-08-31,citations,4,18,304490
2026-08-31,citations,5,5,86118
2026-08-31,citations,6+,2,39939
2026-08-31,words,0-50,20,170002
2026-08-31,words,101-150,176,2200887
2026-08-31,words,151-200,203,2818274
2026-08-31,words,201-300,240,3559766
2026-08-31,words,301+,16,256525
2026-08-31,words,51-100,87,961630
2026-09-01,citations,0,75,767695
2026-09-01,citations,1,283,3761112
2026-09-01,citations,2,246,3419583
2026-09-01,citations,3,114,1663603
2026-09-01,citations,4,26,452172
2026-09-01,citations,5,7,126006
2026-09-01,citations,6+,1,19255
2026-09-01,words,0-50,16,138650
2026-09-01,words,101-150,198,2450856
2026-09-01,words,151-200,214,3007400
2026-09-01,words,201-300,204,3114981
2026-09-01,words,301+,26,480655
2026-09-01,words,51-100,94,1016884
2026-09-02,citations,0,84,842519
2026-09-02,citations,1,268,3418881
2026-09-02,citations,2,277,3728804
2026-09-02,citations,3,113,1618958
2026-09-02,citations,4,42,676017
2026-09-02,citations,5,7,126453
2026-09-02,citations,6+,1,19114
2026-09-02,words,0-50,16,122502
2026-09-02,words,101-150,196,2362032
2026-09-02,words,151-200,221,2975290
2026-09-02,words,201-300,227,3350626
2026-09-02,words,301+,27,496214
2026-09-02,words,51-100,105,1124082
2026-09-03,citations,0,55,495062
2026-09-03,citations,1,263,3147522
2026-09-03,citations,2,258,3347045
2026-09-03,citations,3,101,1451359
2026-09-03,citations,4,27,455581
2026-09-03,citations,5,6,114612
2026-09-03,citations,6+,1,17817
2026-09-03,words,0-50,12,84114
2026-09-03,words,101-150,174,2021330
2026-09-03,words,151-200,189,2420201
2026-09-03,words,201-300,213,3077189
2026-09-03,words,301+,25,447925
2026-09-03,words,51-100,98,978239
2026-09-04,citations,0,77,780705
2026-09-04,citations,1,265,3415249
2026-09-04,citations,2,231,3144878
2026-09-04,citations,3,88,1255388
2026-09-04,citations,4,17,264557
2026-09-04,citations,5,5,84687
2026-09-04,citations,6+,2,41182
2026-09-04,words,0-50,15,130493
2026-09-04,words,101-150,188,2281895
2026-09-04,words,151-200,186,2514288
2026-09-04,words,201-300,179,2678051
2026-09-04,words,301+,19,333680
2026-09-04,words,51-100,98,1048239
2026-09-05,citations,0,30,269391
2026-09-05,citations,1,136,1608529
2026-09-05,citations,2,105,1259049
2026-09-05,citations,3,39,514784
2026-09-05,citations,4,12,197389
2026-09-05,words,0-50,7,50845
2026-09-05,words,101-150,87,960099
2026-09-05,words,151-200,92,1094828
2026-09-05,words,201-300,90,1237674
2026-09-05,words,301+,13,191936
2026-09-05,words,51-100,33,313760
2026-09-06,citations,0,38,292517
2026-09-06,citations,1,120,1262989
2026-09-06,citations,2,138,1518682
2026-09-06,citations,3,53,651373
2026-09-06,citations,4,13,188427
2026-09-06,citations,5,1,15065
2026-09-06,citations,6+,1,15899
2026-09-06,words,0-50,12,80596
2026-09-06,words,101-150,87,878867
2026-09-06,words,151-200,97,1064450
2026-09-06,words,201-300,104,1308454
2026-09-06,words,301+,9,142984
2026-09-06,words,51-100,55,469601
2026-09-07,citations,0,61,569149
2026-09-07,citations,1,334,4212572
2026-09-07,citations,2,282,3769205
2026-09-07,citations,3,111,1573599
2026-09-07,citations,4,37,554197
2026-09-07,citations,5,6,88202
2026-09-07,citations,6+,1,21640
2026-09-07,words,0-50,17,143446
2026-09-07,words,101-150,219,2661597
2026-09-07,words,151-200,236,3089958
2026-09-07,words,201-300,231,3364963
2026-09-07,words,301+,30,486754
2026-09-07,words,51-100,99,1041846
2026-09-08,citations,0,61,534676
2026-09-08,citations,1,325,3754085
2026-09-08,citations,2,317,3911456
2026-09-08,citations,3,139,1840637
2026-09-08,citations,4,43,635298
2026-09-08,citations,5,5,110612
2026-09-08,citations,6+,3,70781
2026-09-08,words,0-50,16,130252
2026-09-08,words,101-150,246,2778569
2026-09-08,words,151-200,219,2706768
2026-09-08,words,201-300,278,3816061
2026-09-08,words,301+,23,389901
2026-09-08,words,51-100,111,1035994
2026-09-09,citations,0,89,737305
2026-09-09,citations,1,339,4000499
2026-09-09,citations,2,296,3681952
2026-09-09,citations,3,101,1363890
2026-09-09,citations,4,23,331620
2026-09-09,citations,5,5,86436
2026-09-09,citations,6+,2,38299
2026-09-09,words,0-50,23,165537
2026-09-09,words,101-150,204,2289157
2026-09-09,words,151-200,220,2748133
2026-09-09,words,201-300,256,3510136
2026-09-09,words,301+,21,325001
2026-09-09,words,51-100,131,1202037
2026-09-10,citations,0,73,719172
2026-09-10,citations,1,361,4675121
2026-09-10,citations,2,286,3894145
2026-09-10,citations,3,118,1699768
2026-09-10,citations,4,32,516532
2026-09-10,citations,5,7,127278
2026-09-10,citations,6+,1,22343
2026-09-10,words,0-50,24,200583
2026-09-10,words,101-150,204,2556629
2026-09-10,words,151-200,233,3149875
2026-09-10,words,201-300,285,4187869
2026-09-10,words,301+,24,417680
2026-09-10,words,51-100,108,1141723
2026-09-11,citations,0,50,463999
2026-09-11,citations,1,247,3149335
2026-09-11,citations,2,247,3287485
2026-09-11,citations,3,103,1485767
2026-09-11,citations,4,30,459663
2026-09-11,citations,5,6,101723
2026-09-11,citations,6+,2,46432
2026-09-11,words,0-50,13,93857
2026-09-11,words,101-150,180,2190121
2026-09-11,words,151-200,169,2256995
2026-09-11,words,201-300,212,3085595
2026-09-11,words,301+,29,518247
2026-09-11,words,51-100,82,849589
2026-09-12,citations,0,36,293014
2026-09-12,citations,1,141,1607802
2026-09-12,citations,2,144,1631082
2026-09-12,citations,3,55,674381
2026-09-12,citations,4,13,183845
2026-09-12,citations,6+,1,19231
2026-09-12,words,0-50,10,90828
2026-09-12,words,101-150,96,1007898
2026-09-12,words,151-200,104,1226902
2026-09-12,words,201-300,123,1499805
2026-09-12,words,301+,13,200417
2026-09-12,words,51-100,44,383505
2026-09-13,citations,0,38,297164
2026-09-13,citations,1,127,1325023
2026-09-13,citations,2,116,1269372
2026-09-13,citations,3,44,521753
2026-09-13,citations,4,20,297978
2026-09-13,citations,6+,1,23382
2026-09-13,words,0-50,9,52392
2026-09-13,words,101-150,83,809700
2026-09-13,words,151-200,85,939581
2026-09-13,words,201-300,101,1238396
2026-09-13,words,301+,14,214405
2026-09-13,words,51-100,54,480198
2026-09-14,citations,0,79,647922
2026-09-14,citations,1,301,3679468
2026-09-14,citations,2,272,3377560
2026-09-14,citations,3,111,1447231
2026-09-14,citations,4,31,462569
2026-09-14,citations,5,6,109148
2026-09-14,citations,6+,2,39969
2026-09-14,words,0-50,16,104558
2026-09-14,words,101-150,170,1931175
2026-09-14,words,151-200,219,2734158
2026-09-14,words,201-300,243,3342739
2026-09-14,words,301+,34,553495
2026-09-14,words,51-100,120,1097742
2026-09-15,citations,0,213,1417161
2026-09-15,citations,1,388,4796577
2026-09-15,citations,2,274,3574014
2026-09-15,citations,3,79,1119859
2026-09-15,citations,4,16,245436
2026-09-15,citations,5,4,77587
2026-09-15,words,0-50,112,550759
2026-09-15,words,101-150,200,2218875
2026-09-15,words,151-200,207,2647417
2026-09-15,words,201-300,246,3500879
2026-09-15,words,301+,67,1086734
2026-09-15,words,51-100,142,1225970
2026-09-16,citations,0,236,1319622
2026-09-16,citations,1,374,4229260
2026-09-16,citations,2,251,3042099
2026-09-16,citations,3,93,1258125
2026-09-16,citations,4,17,261168
2026-09-16,citations,5,3,37674
2026-09-16,words,0-50,145,611321
2026-09-16,words,101-150,195,1981962
2026-09-16,words,151-200,188,2235094
2026-09-16,words,201-300,243,3218515
2026-09-16,words,301+,58,926943
2026-09-16,words,51-100,145,1174113
2026-09-17,citations,0,182,1196715
2026-09-17,citations,1,353,4106301
2026-09-17,citations,2,245,3012842
2026-09-17,citations,3,90,1291947
2026-09-17,citations,4,22,340797
2026-09-17,citations,5,2,24912
2026-09-17,citations,6+,1,18251
2026-09-17,words,0-50,92,461521
2026-09-17,words,101-150,194,2028987
2026-09-17,words,151-200,182,2172470
2026-09-17,words,201-300,235,3276332
2026-09-17,words,301+,61,977634
2026-09-17,words,51-100,131,1074821
2026-09-18,citations,0,163,1064200
2026-09-18,citations,1,292,3499053
2026-09-18,citations,2,189,2519122
2026-09-18,citations,3,52,784010
2026-09-18,citations,4,14,212236
2026-09-18,words,0-50,93,491693
2026-09-18,words,101-150,184,2075722
2026-09-18,words,151-200,128,1598715
2026-09-18,words,201-300,145,2184194
2026-09-18,words,301+,42,718485
2026-09-18,words,51-100,118,1009812
2026-09-19,citations,0,88,495063
2026-09-19,citations,1,166,1649607
2026-09-19,citations,2,114,1255261
2026-09-19,citations,3,31,359012
2026-09-19,citations,4,6,72288
2026-09-19,citations,5,2,35469
2026-09-19,words,0-50,60,293892
2026-09-19,words,101-150,88,823815
2026-09-19,words,151-200,75,777408
2026-09-19,words,201-300,92,1064277
2026-09-19,words,301+,42,540171
2026-09-19,words,51-100,50,367137
2026-09-20,citations,0,87,453588
2026-09-20,citations,1,160,1494516
2026-09-20,citations,2,117,1216645
2026-09-20,citations,3,45,516545
2026-09-20,citations,4,6,71686
2026-09-20,citations,5,1,13938
2026-09-20,words,0-50,53,214204
2026-09-20,words,101-150,83,711763
2026-09-20,words,151-200,88,865392
2026-09-20,words,201-300,105,1221681
2026-09-20,words,301+,25,322091
2026-09-20,words,51-100,62,431787
2026-09-21,citations,0,203,1463405
2026-09-21,citations,1,425,5065960
2026-09-21,citations,2,264,3266097
2026-09-21,citations,3,75,1019121
2026-09-21,citations,4,20,269773
2026-09-21,citations,5,3,54275
2026-09-21,citations,6+,2,48724
2026-09-21,words,0-50,101,533596
2026-09-21,words,101-150,215,2305612
2026-09-21,words,151-200,189,2320542
2026-09-21,words,201-300,263,3626565
2026-09-21,words,301+,67,1043454
2026-09-21,words,51-100,157,1357586
2026-09-22,citations,0,199,1203755
2026-09-22,citations,1,331,3878772
2026-09-22,citations,2,266,3444217
2026-09-22,citations,3,80,1178104
2026-09-22,citations,4,15,217198
2026-09-22,citations,5,2,30574
2026-09-22,words,0-50,111,539027
2026-09-22,words,101-150,190,2093131
2026-09-22,words,151-200,162,1939216
2026-09-22,words,201-300,235,3341658
2026-09-22,words,301+,70,1105109
2026-09-22,words,51-100,125,934479
2026-09-23,citations,0,179,1139666
2026-09-23,citations,1,310,3486533
2026-09-23,citations,2,238,2896988
2026-09-23,citations,3,75,1072965
2026-09-23,citations,4,12,184810
2026-09-23,words,0-50,95,458655
2026-09-23,words,101-150,169,1713611
2026-09-23,words,151-200,143,1668693
2026-09-23,words,201-300,214,2907471
2026-09-23,words,301+,63,995821
2026-09-23,words,51-100,130,1036711
2026-09-24,citations,0,196,1551565
2026-09-24,citations,1,300,4270685
2026-09-24,citations,2,232,3665389
2026-09-24,citations,3,88,1454240
2026-09-24,citations,4,14,263503
2026-09-24,citations,5,1,13812
2026-09-24,citations,6+,2,57060
2026-09-24,words,0-50,98,544653
2026-09-24,words,101-150,192,2456987
2026-09-24,words,151-200,167,2519637
2026-09-24,words,201-300,210,3570273
2026-09-24,words,301+,55,1087847
2026-09-24,words,51-100,111,1096857
2026-09-25,citations,0,107,762140
2026-09-25,citations,1,242,2930594
2026-09-25,citations,2,157,2021235
2026-09-25,citations,3,58,810877
2026-09-25,citations,4,7,98648
2026-09-25,citations,5,2,27707
2026-09-25,words,0-50,48,265140
2026-09-25,words,101-150,124,1306073
2026-09-25,words,151-200,101,1210216
2026-09-25,words,201-300,173,2517406
2026-09-25,words,301+,45,704729
2026-09-25,words,51-100,82,647637
2026-09-26,citations,0,105,545841
2026-09-26,citations,1,130,1242789
2026-09-26,citations,2,126,1336171
2026-09-26,citations,3,46,498691
2026-09-26,citations,4,8,96423
2026-09-26,citations,5,2,29894
2026-09-26,words,0-50,60,238334
2026-09-26,words,101-150,80,700609
2026-09-26,words,151-200,87,859371
2026-09-26,words,201-300,102,1138598
2026-09-26,words,301+,36,452522
2026-09-26,words,51-100,52,360375
2026-09-27,citations,0,79,429832
2026-09-27,citations,1,140,1463482
2026-09-27,citations,2,108,1254598
2026-09-27,citations,3,40,534679
2026-09-27,citations,4,9,127474
2026-09-27,citations,5,2,27358
2026-09-27,citations,6+,1,15428
2026-09-27,words,0-50,47,193829
2026-09-27,words,101-150,90,862824
2026-09-27,words,151-200,82,896126
2026-09-27,words,201-300,99,1283752
2026-09-27,words,301+,21,317943
2026-09-27,words,51-100,40,298377
2026-09-28,citations,0,173,1151835
2026-09-28,citations,1,497,5535325
2026-09-28,citations,2,318,3841799
2026-09-28,citations,3,85,1125458
2026-09-28,citations,4,23,349945
2026-09-28,citations,5,4,57944
2026-09-28,words,0-50,100,543845
2026-09-28,words,101-150,272,2692110
2026-09-28,words,151-200,224,2641501
2026-09-28,words,201-300,259,3546058
2026-09-28,words,301+,83,1308770
2026-09-28,words,51-100,162,1330022
2026-09-29,citations,0,192,2213793
2026-09-29,citations,1,318,6483121
2026-09-29,citations,2,254,4941350
2026-09-29,citations,3,79,1390310
2026-09-29,citations,4,11,314257
2026-09-29,citations,5,2,23714
2026-09-29,citations,6+,2,35501
2026-09-29,words,0-50,85,693867
2026-09-29,words,101-150,206,3641025
2026-09-29,words,151-200,163,3212680
2026-09-29,words,201-300,212,4269267
2026-09-29,words,301+,53,1453498
2026-09-29,words,51-100,139,2131709
2026-09-30,citations,0,177,1626467
2026-09-30,citations,1,314,7110932
2026-09-30,citations,2,256,6068510
2026-09-30,citations,3,86,2343940
2026-09-30,citations,4,24,750241
2026-09-30,citations,5,2,101220
2026-09-30,words,0-50,86,421953
2026-09-30,words,101-150,189,3578405
2026-09-30,words,151-200,170,3901913
2026-09-30,words,201-300,219,6131431
2026-09-30,words,301+,59,1993504
2026-09-30,words,51-100,136,1974104
2026-10-01,citations,0,153,1100367
2026-10-01,citations,1,305,3684764
2026-10-01,citations,2,222,2825702
2026-10-01,citations,3,73,1022272
2026-10-01,citations,4,13,209452
2026-10-01,citations,5,5,83678
2026-10-01,citations,6+,1,18209
2026-10-01,words,0-50,63,364529
2026-10-01,words,101-150,166,1835663
2026-10-01,words,151-200,138,1691793
2026-10-01,words,201-300,205,2868908
2026-10-01,words,301+,65,1026597
2026-10-01,words,51-100,135,1156954
2026-10-02,citations,0,161,827656
2026-10-02,citations,1,290,3003696
2026-10-02,citations,2,219,2460703
2026-10-02,citations,3,87,1073864
2026-10-02,citations,4,21,284845
2026-10-02,citations,5,4,51820
2026-10-02,words,0-50,108,517539
2026-10-02,words,101-150,144,1332974
2026-10-02,words,151-200,162,1745166
2026-10-02,words,201-300,203,2475415
2026-10-02,words,301+,64,907400
2026-10-02,words,51-100,101,724090
2026-10-03,citations,0,71,343487
2026-10-03,citations,1,158,1440779
2026-10-03,citations,2,110,1111325
2026-10-03,citations,3,32,318455
2026-10-03,citations,4,7,77555
2026-10-03,citations,5,2,36333
2026-10-03,words,0-50,31,98211
2026-10-03,words,101-150,85,672824
2026-10-03,words,151-200,76,709798
2026-10-03,words,201-300,106,1154419
2026-10-03,words,301+,31,372434
2026-10-03,words,51-100,51,320248
2026-10-04,citations,0,99,581584
2026-10-04,citations,1,169,1964329
2026-10-04,citations,2,129,1648304
2026-10-04,citations,3,48,655998
2026-10-04,citations,4,6,114861
2026-10-04,words,0-50,56,254987
2026-10-04,words,101-150,118,1247508
2026-10-04,words,151-200,82,976308
2026-10-04,words,201-300,96,1379679
2026-10-04,words,301+,44,700362
2026-10-04,words,51-100,55,406232
2026-10-05,citations,0,240,1467556
2026-10-05,citations,1,285,3778637
2026-10-05,citations,2,213,2937514
2026-10-05,citations,3,90,1338182
2026-10-05,citations,4,19,296716
2026-10-05,citations,5,2,40612
2026-10-05,citations,6+,2,45722
2026-10-05,words,0-50,144,710985
2026-10-05,words,101-150,158,1793956
2026-10-05,words,151-200,156,2093413
2026-10-05,words,201-300,202,3114620
2026-10-05,words,301+,71,1233142
2026-10-05,words,51-100,120,958823
2026-10-06,citations,0,507,3803802
2026-10-06,citations,1,750,9861999
2026-10-06,citations,2,648,8941646
2026-10-06,citations,3,209,3247436
2026-10-06,citations,4,55,928778
2026-10-06,citations,5,12,195872
2026-10-06,citations,6+,4,94755
2026-10-06,words,0-50,286,1794918
2026-10-06,words,101-150,515,6444212
2026-10-06,words,151-200,353,4824114
2026-10-06,words,201-300,446,7068404
2026-10-06,words,301+,139,2489066
2026-10-06,words,51-100,446,4453574
2026-10-07,citations,0,416,2841616
2026-10-07,citations,1,700,8537875
2026-10-07,citations,2,583,7201550
2026-10-07,citations,3,193,2537898
2026-10-07,citations,4,31,443825
2026-10-07,citations,5,10,160749
2026-10-07,citations,6+,2,32456
2026-10-07,words,0-50,233,1209787
2026-10-07,words,101-150,407,4497473
2026-10-07,words,151-200,361,4492235
2026-10-07,words,201-300,439,6220807
2026-10-07,words,301+,116,1857645
2026-10-07,words,51-100,379,3478022
