Date,Hour,Turns,Sessions
2026-01-01,0,4,1
2026-01-01,8,2,1
2026-01-01,9,2,2
2026-01-01,10,2,1
2026-01-01,12,2,2
2026-01-01,13,2,1
2026-01-01,14,3,2
2026-01-01,15,3,0
2026-01-01,16,1,1
2026-01-01,19,3,2
2026-01-01,20,2,1
2026-01-01,21,2,2
2026-01-01,23,4,1
2026-01-02,9,21,10
2026-01-02,10,25,12
2026-01-02,11,39,15
2026-01-02,12,2,2
2026-01-02,13,5,0
2026-01-02,14,11,6
2026-01-02,15,9,4
2026-01-02,16,10,5
2026-01-02,17,2,1
2026-01-02,19,1,1
2026-01-02,20,1,1
2026-01-02,21,2,2
2026-01-03,3,1,1
2026-01-03,9,1,1
2026-01-03,11,2,2
2026-01-03,12,4,1
2026-01-03,14,1,1
2026-01-03,15,1,1
2026-01-03,19,4,2
2026-01-04,8,1,1
2026-01-04,9,3,1
2026-01-04,10,1,1
2026-01-04,12,3,1
2026-01-04,14,3,3
2026-01-04,15,4,2
2026-01-04,16,2,2
2026-01-04,17,2,1
2026-01-04,19,1,1
2026-01-04,21,2,1
2026-01-04,22,1,1
2026-01-04,23,1,1
2026-01-05,7,5,3
2026-01-05,8,9,5
2026-01-05,9,16,7
2026-01-05,10,48,26
2026-01-05,11,26,17
2026-01-05,12,32,16
2026-01-05,13,13,4
2026-01-05,14,43,19
2026-01-05,15,16,13
2026-01-05,16,16,7
2026-01-05,17,5,4
2026-01-05,18,3,3
2026-01-05,19,2,1
2026-01-05,21,4,3
2026-01-05,22,2,2
2026-01-06,0,1,1
2026-01-06,4,1,1
2026-01-06,6,1,1
2026-01-06,7,1,1
2026-01-06,8,9,2
2026-01-06,9,12,7
2026-01-06,10,21,10
2026-01-06,11,33,9
2026-01-06,12,27,13
2026-01-06,13,23,7
2026-01-06,14,18,12
2026-01-06,15,9,4
2026-01-06,16,16,10
2026-01-06,17,6,3
2026-01-06,18,1,0
2026-01-06,22,1,1
2026-01-07,0,2,1
2026-01-07,2,1,1
2026-01-07,4,1,1
2026-01-07,8,4,3
2026-01-07,9,7,5
2026-01-07,10,42,22
2026-01-07,11,39,18
2026-01-07,12,49,16
2026-01-07,13,12,8
2026-01-07,14,26,17
2026-01-07,15,32,18
2026-01-07,16,20,8
2026-01-07,17,6,3
2026-01-07,19,1,1
2026-01-07,20,20,8
2026-01-07,21,6,3
2026-01-08,5,4,1
2026-01-08,7,4,2
2026-01-08,8,1,1
2026-01-08,9,25,13
2026-01-08,10,43,18
2026-01-08,11,22,9
2026-01-08,12,23,14
2026-01-08,13,2,2
2026-01-08,14,14,7
2026-01-08,15,14,7
2026-01-08,16,47,13
2026-01-08,17,6,5
2026-01-08,18,6,3
2026-01-08,19,1,1
2026-01-08,20,6,1
2026-01-08,21,6,3
2026-01-08,22,1,1
2026-01-09,0,4,2
2026-01-09,7,2,2
2026-01-09,8,2,2
2026-01-09,9,26,9
2026-01-09,10,31,20
2026-01-09,11,44,25
2026-01-09,12,16,8
2026-01-09,13,5,5
2026-01-09,14,32,15
2026-01-09,15,12,10
2026-01-09,16,21,10
2026-01-09,17,2,2
2026-01-09,18,2,1
2026-01-09,19,1,1
2026-01-09,20,2,2
2026-01-10,6,3,1
2026-01-10,8,4,2
2026-01-10,10,3,2
2026-01-10,11,7,4
2026-01-10,12,2,2
2026-01-10,13,2,2
2026-01-10,14,5,1
2026-01-10,16,4,1
2026-01-10,17,1,1
2026-01-10,18,3,2
2026-01-10,19,1,1
2026-01-11,4,4,1
2026-01-11,11,2,1
2026-01-11,12,1,1
2026-01-11,14,3,2
2026-01-11,15,1,1
2026-01-11,16,6,2
2026-01-11,17,11,6
2026-01-11,18,10,3
2026-01-11,19,18,1
2026-01-11,21,1,1
2026-01-11,23,1,1
2026-01-12,8,3,2
2026-01-12,9,9,8
2026-01-12,10,79,33
2026-01-12,11,37,19
2026-01-12,12,36,18
2026-01-12,13,7,6
2026-01-12,14,14,8
2026-01-12,15,38,13
2026-01-12,16,12,5
2026-01-12,17,6,3
2026-01-12,18,2,1
2026-01-12,19,6,3
2026-01-12,20,3,2
2026-01-13,1,1,1
2026-01-13,7,1,1
2026-01-13,8,16,7
2026-01-13,9,15,5
2026-01-13,10,51,30
2026-01-13,11,34,17
2026-01-13,12,40,15
2026-01-13,13,10,6
2026-01-13,14,23,13
2026-01-13,15,33,21
2026-01-13,16,45,20
2026-01-13,17,18,5
2026-01-13,18,4,4
2026-01-13,21,3,2
2026-01-14,0,12,1
2026-01-14,2,3,2
2026-01-14,3,2,1
2026-01-14,7,1,1
2026-01-14,8,2,2
2026-01-14,9,19,12
2026-01-14,10,38,19
2026-01-14,11,24,13
2026-01-14,12,32,14
2026-01-14,13,16,5
2026-01-14,14,27,13
2026-01-14,15,51,19
2026-01-14,16,26,12
2026-01-14,17,12,8
2026-01-14,18,6,5
2026-01-14,19,11,2
2026-01-14,20,3,2
2026-01-14,23,5,1
2026-01-15,3,2,1
2026-01-15,8,6,4
2026-01-15,9,17,9
2026-01-15,10,33,23
2026-01-15,11,27,19
2026-01-15,12,46,25
2026-01-15,13,26,11
2026-01-15,14,64,35
2026-01-15,15,28,17
2026-01-15,16,25,17
2026-01-15,17,7,3
2026-01-15,18,2,2
2026-01-15,19,5,3
2026-01-15,20,4,2
2026-01-15,21,5,3
2026-01-15,22,3,2
2026-01-16,1,1,1
2026-01-16,8,1,1
2026-01-16,9,51,25
2026-01-16,10,63,29
2026-01-16,11,56,23
2026-01-16,12,47,28
2026-01-16,13,16,7
2026-01-16,14,59,22
2026-01-16,15,54,33
2026-01-16,16,64,59
2026-01-16,17,4,3
2026-01-16,18,4,3
2026-01-16,19,3,1
2026-01-16,20,2,2
2026-01-16,21,16,6
2026-01-16,22,3,0
2026-01-17,6,2,1
2026-01-17,8,1,1
2026-01-17,9,1,1
2026-01-17,10,1,1
2026-01-17,11,2,2
2026-01-17,14,1,1
2026-01-17,15,5,2
2026-01-17,16,5,2
2026-01-17,17,2,2
2026-01-17,19,1,1
2026-01-17,21,6,3
2026-01-18,0,2,1
2026-01-18,6,1,1
2026-01-18,10,1,1
2026-01-18,11,1,1
2026-01-18,12,3,3
2026-01-18,13,16,3
2026-01-18,14,3,1
2026-01-18,15,2,2
2026-01-18,16,5,5
2026-01-18,17,12,6
2026-01-18,18,5,3
2026-01-18,19,1,1
2026-01-18,20,2,1
2026-01-18,21,3,3
2026-01-18,23,2,1
2026-01-19,1,1,1
2026-01-19,2,4,1
2026-01-19,8,5,3
2026-01-19,9,29,18
2026-01-19,10,29,20
2026-01-19,11,48,20
2026-01-19,12,36,22
2026-01-19,13,16,9
2026-01-19,14,54,26
2026-01-19,15,32,15
2026-01-19,16,46,25
2026-01-19,17,7,4
2026-01-19,18,12,6
2026-01-19,19,4,3
2026-01-19,20,14,5
2026-01-19,21,1,1
2026-01-19,22,4,2
2026-01-20,3,3,2
2026-01-20,4,1,1
2026-01-20,8,1,1
2026-01-20,9,24,19
2026-01-20,10,33,22
2026-01-20,11,60,33
2026-01-20,12,72,31
2026-01-20,13,18,12
2026-01-20,14,45,17
2026-01-20,15,40,20
2026-01-20,16,16,7
2026-01-20,17,10,7
2026-01-20,18,1,1
2026-01-20,19,1,1
2026-01-20,20,2,2
2026-01-20,21,2,2
2026-01-20,22,2,2
2026-01-20,23,4,2
2026-01-21,2,1,1
2026-01-21,9,29,12
2026-01-21,10,21,12
2026-01-21,11,57,28
2026-01-21,12,36,22
2026-01-21,13,40,25
2026-01-21,14,72,33
2026-01-21,15,25,13
2026-01-21,16,29,15
2026-01-21,17,12,8
2026-01-21,18,2,1
2026-01-21,19,3,3
2026-01-21,20,1,1
2026-01-21,21,3,1
2026-01-21,22,7,1
2026-01-22,0,3,1
2026-01-22,2,4,1
2026-01-22,3,14,3
2026-01-22,8,8,4
2026-01-22,9,33,19
2026-01-22,10,38,29
2026-01-22,11,21,14
2026-01-22,12,46,22
2026-01-22,13,33,18
2026-01-22,14,29,20
2026-01-22,15,53,21
2026-01-22,16,34,14
2026-01-22,17,4,3
2026-01-22,18,2,1
2026-01-22,19,7,4
2026-01-22,20,2,1
2026-01-22,21,10,3
2026-01-22,22,7,2
2026-01-23,0,1,1
2026-01-23,9,20,13
2026-01-23,10,32,18
2026-01-23,11,31,17
2026-01-23,12,20,12
2026-01-23,13,9,6
2026-01-23,14,10,8
2026-01-23,15,30,13
2026-01-23,16,11,6
2026-01-23,17,7,5
2026-01-23,19,3,3
2026-01-23,20,5,3
2026-01-23,21,2,2
2026-01-23,22,3,1
2026-01-23,23,1,1
2026-01-24,0,2,1
2026-01-24,2,1,1
2026-01-24,7,3,1
2026-01-24,8,1,1
2026-01-24,9,11,3
2026-01-24,10,16,4
2026-01-24,11,4,1
2026-01-24,13,1,1
2026-01-24,14,4,2
2026-01-24,15,2,2
2026-01-24,16,6,2
2026-01-24,17,4,4
2026-01-25,10,2,2
2026-01-25,11,1,1
2026-01-25,12,5,4
2026-01-25,13,6,3
2026-01-25,14,1,1
2026-01-25,15,4,3
2026-01-25,17,2,1
2026-01-25,18,3,1
2026-01-25,20,5,3
2026-01-25,22,3,1
2026-01-26,0,9,3
2026-01-26,3,3,3
2026-01-26,6,2,1
2026-01-26,7,3,2
2026-01-26,8,1,1
2026-01-26,9,22,13
2026-01-26,10,30,18
2026-01-26,11,35,17
2026-01-26,12,39,19
2026-01-26,13,13,5
2026-01-26,14,20,14
2026-01-26,15,9,5
2026-01-26,16,24,12
2026-01-26,17,3,3
2026-01-26,18,2,2
2026-01-26,19,4,3
2026-01-26,20,4,3
2026-01-26,21,7,1
2026-01-26,22,4,2
2026-01-26,23,7,0
2026-01-27,0,2,2
2026-01-27,1,2,2
2026-01-27,5,1,1
2026-01-27,6,1,1
2026-01-27,7,2,2
2026-01-27,8,1,1
2026-01-27,9,18,18
2026-01-27,10,18,18
2026-01-27,11,23,23
2026-01-27,12,15,15
2026-01-27,13,16,16
2026-01-27,14,31,31
2026-01-27,15,10,10
2026-01-27,16,11,8
2026-01-27,17,3,2
2026-01-27,18,9,6
2026-01-27,19,1,1
2026-01-27,21,2,1
2026-01-27,23,2,2
2026-01-28,7,1,1
2026-01-28,8,5,5
2026-01-28,9,18,9
2026-01-28,10,29,18
2026-01-28,11,54,22
2026-01-28,12,33,11
2026-01-28,13,12,8
2026-01-28,14,22,14
2026-01-28,15,29,12
2026-01-28,16,12,8
2026-01-28,17,9,3
2026-01-28,18,4,1
2026-01-28,19,5,1
2026-01-28,20,4,4
2026-01-28,21,5,3
2026-01-29,0,6,2
2026-01-29,2,2,2
2026-01-29,3,2,1
2026-01-29,4,3,1
2026-01-29,9,30,16
2026-01-29,10,55,36
2026-01-29,11,30,15
2026-01-29,12,19,14
2026-01-29,13,28,19
2026-01-29,14,38,9
2026-01-29,15,16,10
2026-01-29,16,19,11
2026-01-29,17,2,1
2026-01-29,18,1,0
2026-01-29,19,2,2
2026-01-29,20,2,2
2026-01-29,21,3,2
2026-01-29,22,3,2
2026-01-29,23,2,1
2026-01-30,1,5,1
2026-01-30,3,4,1
2026-01-30,4,1,1
2026-01-30,8,2,1
2026-01-30,9,6,5
2026-01-30,10,19,11
2026-01-30,11,25,12
2026-01-30,12,15,8
2026-01-30,13,4,2
2026-01-30,14,34,21
2026-01-30,15,12,6
2026-01-30,16,12,5
2026-01-30,17,5,3
2026-01-30,18,2,1
2026-01-30,19,10,3
2026-01-30,22,1,1
2026-01-30,23,2,2
2026-01-31,4,5,1
2026-01-31,5,13,0
2026-01-31,6,9,2
2026-01-31,7,2,0
2026-01-31,8,3,1
2026-01-31,13,2,2
2026-01-31,17,4,1
2026-01-31,18,2,1
2026-01-31,20,3,3
2026-01-31,23,1,1
2026-02-01,3,3,1
2026-02-01,4,2,1
2026-02-01,6,5,1
2026-02-01,9,1,0
2026-02-01,10,7,4
2026-02-01,11,1,1
2026-02-01,12,6,3
2026-02-01,13,4,4
2026-02-01,14,1,1
2026-02-01,15,3,2
2026-02-01,16,4,1
2026-02-01,19,5,2
2026-02-01,20,2,1
2026-02-01,21,16,3
2026-02-01,23,1,1
2026-02-02,1,1,1
2026-02-02,2,1,0
2026-02-02,10,5,3
2026-02-02,11,1,1
2026-02-02,12,1,1
2026-02-02,13,11,6
2026-02-02,14,2,1
2026-02-02,16,13,4
2026-02-02,17,9,6
2026-02-02,19,3,1
2026-02-02,20,1,1
2026-02-02,22,1,1
2026-02-03,9,15,9
2026-02-03,10,30,14
2026-02-03,11,32,11
2026-02-03,12,36,16
2026-02-03,13,17,7
2026-02-03,14,27,16
2026-02-03,15,23,13
2026-02-03,16,22,8
2026-02-03,17,10,4
2026-02-03,18,3,2
2026-02-03,20,1,1
2026-02-03,21,1,1
2026-02-03,22,1,1
2026-02-04,0,2,1
2026-02-04,4,2,1
2026-02-04,6,1,1
2026-02-04,9,24,13
2026-02-04,10,25,13
2026-02-04,11,22,18
2026-02-04,12,14,11
2026-02-04,13,15,6
2026-02-04,14,39,23
2026-02-04,15,19,9
2026-02-04,16,18,9
2026-02-04,17,18,3
2026-02-04,18,9,1
2026-02-04,19,6,0
2026-02-04,21,1,1
2026-02-04,22,9,4
2026-02-04,23,3,1
2026-02-05,3,3,1
2026-02-05,4,1,1
2026-02-05,5,8,0
2026-02-05,6,2,2
2026-02-05,8,3,2
2026-02-05,9,10,7
2026-02-05,10,21,10
2026-02-05,11,27,14
2026-02-05,12,42,18
2026-02-05,13,27,13
2026-02-05,14,26,13
2026-02-05,15,27,10
2026-02-05,16,17,12
2026-02-05,17,6,4
2026-02-05,18,2,2
2026-02-05,19,7,2
2026-02-05,20,7,5
2026-02-05,21,11,5
2026-02-05,23,2,1
2026-02-06,1,1,1
2026-02-06,6,1,1
2026-02-06,8,11,7
2026-02-06,9,21,11
2026-02-06,10,43,20
2026-02-06,11,43,21
2026-02-06,12,16,7
2026-02-06,13,8,3
2026-02-06,14,21,13
2026-02-06,15,28,13
2026-02-06,16,41,15
2026-02-06,17,6,4
2026-02-06,18,4,3
2026-02-06,19,3,2
2026-02-06,20,16,4
2026-02-06,21,8,3
2026-02-06,22,1,1
2026-02-07,9,1,1
2026-02-07,13,4,2
2026-02-07,14,2,1
2026-02-07,15,6,1
2026-02-07,16,6,2
2026-02-07,17,6,2
2026-02-07,18,6,4
2026-02-07,19,2,2
2026-02-07,20,1,1
2026-02-07,21,2,1
2026-02-07,22,2,2
2026-02-07,23,3,1
2026-02-08,4,1,1
2026-02-08,12,4,2
2026-02-08,13,2,2
2026-02-08,14,3,1
2026-02-08,17,2,2
2026-02-08,18,3,2
2026-02-08,19,4,2
2026-02-08,21,2,1
2026-02-08,23,2,1
2026-02-09,0,3,1
2026-02-09,1,1,1
2026-02-09,8,10,3
2026-02-09,9,7,5
2026-02-09,10,21,13
2026-02-09,11,34,21
2026-02-09,12,23,11
2026-02-09,13,14,8
2026-02-09,14,20,12
2026-02-09,15,37,14
2026-02-09,16,27,11
2026-02-09,17,1,1
2026-02-09,18,1,1
2026-02-09,19,4,2
2026-02-09,20,3,2
2026-02-09,21,6,4
2026-02-09,22,4,0
2026-02-10,0,1,1
2026-02-10,8,2,2
2026-02-10,9,12,7
2026-02-10,10,22,12
2026-02-10,11,47,25
2026-02-10,12,43,24
2026-02-10,13,16,9
2026-02-10,14,34,20
2026-02-10,15,26,19
2026-02-10,16,19,9
2026-02-10,17,7,4
2026-02-10,18,2,1
2026-02-10,19,4,1
2026-02-10,20,5,4
2026-02-10,21,3,1
2026-02-11,1,1,1
2026-02-11,7,1,1
2026-02-11,9,24,13
2026-02-11,10,28,15
2026-02-11,11,28,11
2026-02-11,12,16,8
2026-02-11,13,14,7
2026-02-11,14,28,9
2026-02-11,15,19,13
2026-02-11,16,6,3
2026-02-11,17,4,4
2026-02-11,18,4,3
2026-02-11,19,4,4
2026-02-11,20,5,3
2026-02-11,21,3,1
2026-02-11,22,3,2
2026-02-11,23,2,2
2026-02-12,1,2,1
2026-02-12,3,2,1
2026-02-12,7,6,4
2026-02-12,8,2,1
2026-02-12,9,20,11
2026-02-12,10,32,12
2026-02-12,11,23,12
2026-02-12,12,21,11
2026-02-12,13,13,6
2026-02-12,14,53,29
2026-02-12,15,16,8
2026-02-12,16,18,13
2026-02-12,17,10,6
2026-02-12,18,13,6
2026-02-12,19,7,2
2026-02-12,20,2,2
2026-02-12,21,6,4
2026-02-12,23,1,1
2026-02-13,8,2,2
2026-02-13,9,13,9
2026-02-13,10,41,17
2026-02-13,11,39,14
2026-02-13,12,28,13
2026-02-13,13,5,3
2026-02-13,14,15,9
2026-02-13,15,16,7
2026-02-13,16,6,5
2026-02-13,17,1,1
2026-02-13,18,1,0
2026-02-13,19,4,1
2026-02-13,21,1,1
2026-02-14,12,4,3
2026-02-14,13,1,1
2026-02-14,14,3,2
2026-02-14,17,3,2
2026-02-15,7,5,2
2026-02-15,10,1,1
2026-02-15,14,1,1
2026-02-15,15,3,1
2026-02-15,17,1,1
2026-02-15,18,1,1
2026-02-15,20,2,1
2026-02-15,21,5,2
2026-02-15,22,4,2
2026-02-16,2,7,1
2026-02-16,7,5,2
2026-02-16,9,8,8
2026-02-16,10,23,14
2026-02-16,11,18,11
2026-02-16,12,27,10
2026-02-16,13,12,8
2026-02-16,14,37,21
2026-02-16,15,40,24
2026-02-16,16,35,12
2026-02-16,17,5,2
2026-02-16,18,1,1
2026-02-16,19,3,1
2026-02-16,20,3,1
2026-02-16,21,4,3
2026-02-16,22,4,3
2026-02-17,6,1,1
2026-02-17,8,6,1
2026-02-17,9,30,13
2026-02-17,10,39,21
2026-02-17,11,25,13
2026-02-17,12,42,20
2026-02-17,13,10,7
2026-02-17,14,23,13
2026-02-17,15,22,15
2026-02-17,16,28,11
2026-02-17,17,5,2
2026-02-17,20,1,1
2026-02-17,22,2,1
2026-02-17,23,4,2
2026-02-18,0,2,1
2026-02-18,7,6,2
2026-02-18,8,2,2
2026-02-18,9,3,3
2026-02-18,10,22,15
2026-02-18,11,25,14
2026-02-18,12,41,20
2026-02-18,13,14,10
2026-02-18,14,27,17
2026-02-18,15,41,14
2026-02-18,16,31,10
2026-02-18,17,7,3
2026-02-18,18,2,2
2026-02-18,19,2,1
2026-02-18,20,10,4
2026-02-18,21,3,2
2026-02-18,23,1,1
2026-02-19,1,2,1
2026-02-19,2,1,1
2026-02-19,7,2,1
2026-02-19,8,3,2
2026-02-19,9,14,8
2026-02-19,10,27,16
2026-02-19,11,24,14
2026-02-19,12,29,15
2026-02-19,13,6,4
2026-02-19,14,39,23
2026-02-19,15,35,14
2026-02-19,16,15,10
2026-02-19,17,3,1
2026-02-19,19,1,1
2026-02-19,20,1,1
2026-02-19,21,3,2
2026-02-19,23,1,1
2026-02-20,0,1,1
2026-02-20,7,3,2
2026-02-20,9,20,13
2026-02-20,10,53,21
2026-02-20,11,42,15
2026-02-20,12,22,10
2026-02-20,13,4,1
2026-02-20,14,21,13
2026-02-20,15,18,11
2026-02-20,16,13,10
2026-02-20,17,4,3
2026-02-20,18,3,3
2026-02-20,19,1,1
2026-02-20,20,1,1
2026-02-20,22,2,1
2026-02-20,23,1,1
2026-02-21,10,1,1
2026-02-21,11,2,1
2026-02-21,12,7,3
2026-02-21,13,3,2
2026-02-21,18,1,1
2026-02-21,19,2,1
2026-02-21,23,5,3
2026-02-22,4,15,2
2026-02-22,12,1,1
2026-02-22,13,1,1
2026-02-22,14,2,1
2026-02-22,15,5,5
2026-02-22,17,1,1
2026-02-22,18,9,4
2026-02-22,19,2,1
2026-02-23,1,2,1
2026-02-23,3,5,1
2026-02-23,7,1,1
2026-02-23,8,2,1
2026-02-23,9,14,10
2026-02-23,10,40,20
2026-02-23,11,37,24
2026-02-23,12,18,11
2026-02-23,13,7,4
2026-02-23,14,22,9
2026-02-23,15,30,11
2026-02-23,16,10,7
2026-02-23,17,3,1
2026-02-23,18,15,6
2026-02-23,19,7,6
2026-02-23,20,5,4
2026-02-23,22,2,1
2026-02-23,23,4,2
2026-02-24,0,8,0
2026-02-24,2,1,1
2026-02-24,8,1,1
2026-02-24,9,21,8
2026-02-24,10,22,13
2026-02-24,11,45,14
2026-02-24,12,31,17
2026-02-24,13,18,7
2026-02-24,14,54,22
2026-02-24,15,22,7
2026-02-24,16,23,12
2026-02-24,17,2,1
2026-02-24,18,10,6
2026-02-24,19,1,1
2026-02-24,20,2,1
2026-02-24,22,1,1
2026-02-25,6,1,1
2026-02-25,8,2,2
2026-02-25,9,8,7
2026-02-25,10,23,14
2026-02-25,11,13,8
2026-02-25,12,10,6
2026-02-25,13,3,1
2026-02-25,14,23,11
2026-02-25,15,10,6
2026-02-25,16,18,9
2026-02-25,17,5,3
2026-02-25,18,3,1
2026-02-25,19,21,6
2026-02-25,20,2,1
2026-02-25,21,2,1
2026-02-25,22,3,1
2026-02-26,8,11,6
2026-02-26,9,20,10
2026-02-26,10,14,10
2026-02-26,11,17,8
2026-02-26,12,14,4
2026-02-26,13,23,7
2026-02-26,14,22,14
2026-02-26,15,32,16
2026-02-26,16,25,14
2026-02-26,17,8,4
2026-02-26,18,7,5
2026-02-26,19,3,1
2026-02-26,20,4,2
2026-02-26,21,1,1
2026-02-26,22,10,3
2026-02-27,0,2,1
2026-02-27,7,3,1
2026-02-27,9,16,6
2026-02-27,10,20,11
2026-02-27,11,11,7
2026-02-27,12,13,9
2026-02-27,13,21,5
2026-02-27,14,18,8
2026-02-27,15,34,16
2026-02-27,16,33,8
2026-02-27,18,2,1
2026-02-27,21,1,1
2026-02-28,4,1,1
2026-02-28,7,1,1
2026-02-28,9,4,2
2026-02-28,11,4,1
2026-02-28,12,2,2
2026-02-28,13,1,1
2026-02-28,14,1,1
2026-02-28,15,5,3
2026-02-28,17,1,1
2026-02-28,19,5,1
2026-02-28,20,1,0
2026-02-28,21,3,2
2026-02-28,22,7,2
2026-02-28,23,2,1
2026-03-01,1,1,1
2026-03-01,7,6,1
2026-03-01,8,3,3
2026-03-01,9,18,5
2026-03-01,10,2,1
2026-03-01,11,4,2
2026-03-01,12,5,2
2026-03-01,13,1,1
2026-03-01,14,3,1
2026-03-01,17,9,3
2026-03-01,19,6,4
2026-03-01,20,1,1
2026-03-01,23,1,1
2026-03-02,1,6,1
2026-03-02,7,5,3
2026-03-02,8,1,1
2026-03-02,9,17,11
2026-03-02,10,29,14
2026-03-02,11,29,11
2026-03-02,12,20,11
2026-03-02,13,23,7
2026-03-02,14,27,11
2026-03-02,15,25,19
2026-03-02,16,23,5
2026-03-02,17,2,1
2026-03-02,18,2,2
2026-03-02,19,2,2
2026-03-02,20,3,2
2026-03-02,21,1,1
2026-03-02,22,7,3
2026-03-02,23,8,2
2026-03-03,1,1,1
2026-03-03,3,4,1
2026-03-03,9,12,5
2026-03-03,10,36,18
2026-03-03,11,29,20
2026-03-03,12,39,19
2026-03-03,13,12,7
2026-03-03,14,19,12
2026-03-03,15,11,6
2026-03-03,16,10,7
2026-03-03,17,5,3
2026-03-03,18,1,1
2026-03-03,19,15,9
2026-03-03,21,1,1
2026-03-04,0,1,1
2026-03-04,1,2,1
2026-03-04,2,4,1
2026-03-04,8,2,1
2026-03-04,9,15,12
2026-03-04,10,19,10
2026-03-04,11,47,21
2026-03-04,12,14,11
2026-03-04,13,4,3
2026-03-04,14,21,13
2026-03-04,15,23,11
2026-03-04,16,24,10
2026-03-04,17,1,1
2026-03-04,18,8,3
2026-03-04,20,3,3
2026-03-04,21,8,1
2026-03-04,22,2,1
2026-03-05,0,5,1
2026-03-05,1,1,0
2026-03-05,2,1,1
2026-03-05,9,14,12
2026-03-05,10,20,15
2026-03-05,11,42,18
2026-03-05,12,24,8
2026-03-05,13,5,4
2026-03-05,14,11,8
2026-03-05,15,32,16
2026-03-05,16,40,16
2026-03-05,17,3,3
2026-03-05,18,1,1
2026-03-05,19,2,1
2026-03-05,20,4,3
2026-03-05,22,1,1
2026-03-05,23,1,1
2026-03-06,8,4,3
2026-03-06,9,23,12
2026-03-06,10,12,9
2026-03-06,11,37,17
2026-03-06,12,26,10
2026-03-06,13,3,1
2026-03-06,14,10,9
2026-03-06,15,17,7
2026-03-06,16,13,7
2026-03-06,17,6,2
2026-03-06,20,5,3
2026-03-07,2,4,1
2026-03-07,3,1,1
2026-03-07,4,2,1
2026-03-07,9,17,1
2026-03-07,11,3,1
2026-03-07,12,2,2
2026-03-07,14,3,2
2026-03-07,15,1,1
2026-03-07,18,3,3
2026-03-07,19,1,1
2026-03-07,22,6,1
2026-03-08,12,3,3
2026-03-08,16,1,1
2026-03-08,18,10,1
2026-03-08,19,2,1
2026-03-08,20,1,1
2026-03-08,21,2,1
2026-03-08,22,3,1
2026-03-08,23,2,2
2026-03-09,1,2,1
2026-03-09,8,1,1
2026-03-09,9,15,13
2026-03-09,10,40,21
2026-03-09,11,27,13
2026-03-09,12,22,9
2026-03-09,13,6,2
2026-03-09,14,16,8
2026-03-09,15,16,8
2026-03-09,16,25,14
2026-03-09,17,6,3
2026-03-09,18,7,5
2026-03-09,19,2,2
2026-03-09,20,10,8
2026-03-09,22,7,3
2026-03-09,23,4,2
2026-03-10,8,7,7
2026-03-10,9,20,10
2026-03-10,10,29,21
2026-03-10,11,25,11
2026-03-10,12,30,18
2026-03-10,13,13,7
2026-03-10,14,29,14
2026-03-10,15,20,16
2026-03-10,16,11,7
2026-03-10,17,7,3
2026-03-10,18,3,1
2026-03-10,19,8,2
2026-03-10,20,2,1
2026-03-11,0,1,1
2026-03-11,8,8,3
2026-03-11,9,25,13
2026-03-11,10,16,11
2026-03-11,11,37,18
2026-03-11,12,25,19
2026-03-11,13,2,1
2026-03-11,14,16,10
2026-03-11,15,15,7
2026-03-11,16,15,10
2026-03-11,17,13,3
2026-03-11,18,9,2
2026-03-11,19,4,2
2026-03-11,20,4,1
2026-03-11,21,23,3
2026-03-11,22,11,1
2026-03-11,23,3,2
2026-03-12,0,1,1
2026-03-12,1,1,1
2026-03-12,3,4,3
2026-03-12,4,7,5
2026-03-12,5,13,3
2026-03-12,6,2,1
2026-03-12,9,14,11
2026-03-12,10,42,20
2026-03-12,11,47,19
2026-03-12,12,30,13
2026-03-12,13,22,6
2026-03-12,14,26,13
2026-03-12,15,40,12
2026-03-12,16,11,7
2026-03-12,17,2,1
2026-03-12,18,11,2
2026-03-12,19,2,0
2026-03-12,20,3,2
2026-03-12,21,2,2
2026-03-13,0,1,1
2026-03-13,5,2,1
2026-03-13,6,6,3
2026-03-13,7,6,0
2026-03-13,8,4,3
2026-03-13,9,14,13
2026-03-13,10,26,18
2026-03-13,11,32,26
2026-03-13,12,28,10
2026-03-13,13,6,4
2026-03-13,14,21,13
2026-03-13,15,11,6
2026-03-13,16,5,2
2026-03-13,17,8,3
2026-03-13,18,1,1
2026-03-13,19,1,1
2026-03-13,20,13,3
2026-03-13,21,3,1
2026-03-13,23,2,1
2026-03-14,6,2,0
2026-03-14,9,4,1
2026-03-14,10,2,1
2026-03-14,11,2,2
2026-03-14,12,6,2
2026-03-14,15,2,1
2026-03-14,16,1,1
2026-03-14,19,2,1
2026-03-14,20,2,1
2026-03-14,23,2,1
2026-03-15,11,3,1
2026-03-15,12,1,1
2026-03-15,14,8,2
2026-03-15,16,1,1
2026-03-15,17,3,1
2026-03-15,18,1,1
2026-03-15,20,7,2
2026-03-15,21,1,1
2026-03-16,6,2,1
2026-03-16,8,2,2
2026-03-16,9,26,11
2026-03-16,10,28,19
2026-03-16,11,29,15
2026-03-16,12,37,21
2026-03-16,13,9,4
2026-03-16,14,27,14
2026-03-16,15,8,3
2026-03-16,16,5,2
2026-03-16,17,9,5
2026-03-16,18,5,2
2026-03-17,1,1,1
2026-03-17,2,2,2
2026-03-17,3,4,0
2026-03-17,4,2,1
2026-03-17,8,3,2
2026-03-17,9,6,3
2026-03-17,11,1,1
2026-03-17,12,3,1
2026-03-17,13,3,2
2026-03-17,15,4,3
2026-03-17,16,3,2
2026-03-17,17,2,2
2026-03-17,18,7,1
2026-03-17,19,5,2
2026-03-17,20,3,2
2026-03-17,21,1,1
2026-03-17,23,1,1
2026-03-18,0,1,1
2026-03-18,5,2,1
2026-03-18,8,2,2
2026-03-18,9,8,3
2026-03-18,10,22,13
2026-03-18,11,37,19
2026-03-18,12,45,16
2026-03-18,13,6,3
2026-03-18,14,19,13
2026-03-18,15,29,10
2026-03-18,16,16,6
2026-03-18,17,6,2
2026-03-18,18,19,11
2026-03-18,19,8,7
2026-03-18,21,2,2
2026-03-18,22,1,0
2026-03-19,2,1,1
2026-03-19,5,5,1
2026-03-19,6,2,2
2026-03-19,7,1,1
2026-03-19,8,1,1
2026-03-19,9,7,5
2026-03-19,10,29,13
2026-03-19,11,28,15
2026-03-19,12,35,13
2026-03-19,13,7,5
2026-03-19,14,16,8
2026-03-19,15,33,15
2026-03-19,16,13,5
2026-03-19,17,7,3
2026-03-19,19,18,6
2026-03-19,20,9,3
2026-03-19,21,6,3
2026-03-19,22,1,0
2026-03-19,23,2,1
2026-03-20,1,1,1
2026-03-20,2,6,2
2026-03-20,5,16,1
2026-03-20,6,4,2
2026-03-20,8,1,1
2026-03-20,9,7,5
2026-03-20,10,23,12
2026-03-20,11,12,6
2026-03-20,12,24,12
2026-03-20,13,8,3
2026-03-20,14,22,9
2026-03-20,15,22,10
2026-03-20,16,12,4
2026-03-20,17,4,2
2026-03-20,18,1,1
2026-03-20,19,4,1
2026-03-20,21,3,2
2026-03-20,22,1,1
2026-03-21,9,1,1
2026-03-21,13,5,2
2026-03-21,20,2,2
2026-03-21,23,1,1
2026-03-22,1,1,1
2026-03-22,7,15,1
2026-03-22,8,4,2
2026-03-22,9,1,1
2026-03-22,10,2,1
2026-03-22,12,1,1
2026-03-22,14,1,1
2026-03-22,15,4,2
2026-03-22,17,5,2
2026-03-22,18,11,2
2026-03-22,19,4,1
2026-03-22,21,1,1
2026-03-22,22,3,1
2026-03-22,23,2,1
2026-03-23,0,2,1
2026-03-23,1,7,0
2026-03-23,7,4,1
2026-03-23,8,5,3
2026-03-23,9,8,6
2026-03-23,10,21,14
2026-03-23,11,22,12
2026-03-23,12,18,8
2026-03-23,13,18,9
2026-03-23,14,28,16
2026-03-23,15,20,10
2026-03-23,16,7,5
2026-03-23,17,6,3
2026-03-23,18,30,8
2026-03-23,19,22,4
2026-03-23,20,2,1
2026-03-23,21,5,2
2026-03-23,22,4,3
2026-03-23,23,7,7
2026-03-24,0,2,1
2026-03-24,1,3,1
2026-03-24,2,9,2
2026-03-24,8,14,5
2026-03-24,9,8,6
2026-03-24,10,45,22
2026-03-24,11,30,17
2026-03-24,12,35,21
2026-03-24,13,25,13
2026-03-24,14,39,17
2026-03-24,15,33,16
2026-03-24,16,29,9
2026-03-24,17,18,10
2026-03-24,18,3,2
2026-03-24,19,9,8
2026-03-24,20,10,6
2026-03-24,22,9,3
2026-03-24,23,3,3
2026-03-25,0,4,3
2026-03-25,1,1,1
2026-03-25,4,3,2
2026-03-25,5,2,1
2026-03-25,7,1,1
2026-03-25,8,4,3
2026-03-25,9,12,6
2026-03-25,10,27,16
2026-03-25,11,34,17
2026-03-25,12,51,24
2026-03-25,13,17,6
2026-03-25,14,26,14
2026-03-25,15,40,15
2026-03-25,16,19,6
2026-03-25,17,12,6
2026-03-25,18,2,1
2026-03-25,19,5,4
2026-03-25,20,4,4
2026-03-25,21,4,2
2026-03-25,22,2,1
2026-03-25,23,2,1
2026-03-26,5,1,1
2026-03-26,6,1,1
2026-03-26,7,2,2
2026-03-26,8,20,6
2026-03-26,9,24,12
2026-03-26,10,17,10
2026-03-26,11,30,15
2026-03-26,12,50,19
2026-03-26,13,17,8
2026-03-26,14,32,18
2026-03-26,15,19,10
2026-03-26,16,25,10
2026-03-26,17,19,5
2026-03-26,18,12,3
2026-03-26,19,17,5
2026-03-26,20,4,1
2026-03-26,21,2,2
2026-03-26,22,4,2
2026-03-26,23,1,1
2026-03-27,0,2,1
2026-03-27,7,11,3
2026-03-27,9,13,7
2026-03-27,10,17,11
2026-03-27,11,20,17
2026-03-27,12,43,15
2026-03-27,13,16,7
2026-03-27,14,10,7
2026-03-27,15,37,5
2026-03-27,16,7,2
2026-03-27,17,1,1
2026-03-27,18,6,3
2026-03-27,19,9,4
2026-03-27,20,3,3
2026-03-27,21,4,3
2026-03-27,22,2,1
2026-03-27,23,3,2
2026-03-28,3,1,1
2026-03-28,4,2,2
2026-03-28,5,4,1
2026-03-28,8,6,1
2026-03-28,9,1,1
2026-03-28,10,3,3
2026-03-28,11,2,1
2026-03-28,12,4,3
2026-03-28,13,1,1
2026-03-28,14,3,1
2026-03-28,16,2,2
2026-03-28,17,1,1
2026-03-28,19,9,3
2026-03-28,20,1,1
2026-03-28,21,4,1
2026-03-29,0,2,2
2026-03-29,4,6,2
2026-03-29,9,5,2
2026-03-29,10,2,2
2026-03-29,11,2,2
2026-03-29,12,2,2
2026-03-29,14,7,3
2026-03-29,15,8,3
2026-03-29,16,2,1
2026-03-29,17,4,2
2026-03-29,19,13,6
2026-03-29,20,3,1
2026-03-29,21,7,3
2026-03-29,22,7,3
2026-03-30,4,1,1
2026-03-30,8,10,6
2026-03-30,9,28,16
2026-03-30,10,21,12
2026-03-30,11,49,21
2026-03-30,12,24,11
2026-03-30,13,41,22
2026-03-30,14,43,20
2026-03-30,15,9,6
2026-03-30,16,12,6
2026-03-30,17,12,7
2026-03-30,18,14,5
2026-03-30,19,12,6
2026-03-30,21,11,6
2026-03-30,23,2,1
2026-03-31,0,1,1
2026-03-31,1,4,2
2026-03-31,7,5,4
2026-03-31,8,20,16
2026-03-31,9,36,14
2026-03-31,10,26,15
2026-03-31,11,19,11
2026-03-31,12,9,7
2026-03-31,13,24,12
2026-03-31,14,24,11
2026-03-31,15,29,16
2026-03-31,16,8,6
2026-03-31,17,5,5
2026-03-31,18,8,3
2026-03-31,19,5,2
2026-03-31,20,2,2
2026-03-31,21,3,2
2026-03-31,23,1,1
2026-04-01,2,2,2
2026-04-01,5,1,1
2026-04-01,7,2,2
2026-04-01,8,18,4
2026-04-01,9,32,19
2026-04-01,10,30,19
2026-04-01,11,33,18
2026-04-01,12,15,6
2026-04-01,13,34,15
2026-04-01,14,25,13
2026-04-01,15,18,9
2026-04-01,16,9,5
2026-04-01,17,6,3
2026-04-01,18,6,2
2026-04-01,19,8,6
2026-04-01,20,15,7
2026-04-01,21,1,1
2026-04-01,22,1,1
2026-04-02,0,2,1
2026-04-02,1,1,1
2026-04-02,2,1,1
2026-04-02,6,2,2
2026-04-02,7,11,6
2026-04-02,8,11,6
2026-04-02,9,18,10
2026-04-02,10,23,13
2026-04-02,11,15,6
2026-04-02,12,15,5
2026-04-02,13,40,18
2026-04-02,14,14,10
2026-04-02,15,24,7
2026-04-02,16,1,1
2026-04-02,17,5,3
2026-04-02,18,7,5
2026-04-02,19,4,2
2026-04-02,20,8,3
2026-04-02,21,4,3
2026-04-02,22,6,3
2026-04-03,0,6,3
2026-04-03,6,4,2
2026-04-03,7,3,1
2026-04-03,8,1,1
2026-04-03,9,23,3
2026-04-03,10,9,6
2026-04-03,11,9,6
2026-04-03,12,9,2
2026-04-03,13,6,4
2026-04-03,14,3,3
2026-04-03,16,3,2
2026-04-03,17,2,1
2026-04-03,18,1,1
2026-04-03,20,3,2
2026-04-03,21,1,1
2026-04-03,22,1,1
2026-04-03,23,1,1
2026-04-04,1,3,2
2026-04-04,5,1,1
2026-04-04,6,1,1
2026-04-04,9,12,4
2026-04-04,10,1,1
2026-04-04,11,3,3
2026-04-04,13,5,3
2026-04-04,14,1,1
2026-04-04,15,6,2
2026-04-04,16,2,1
2026-04-04,17,4,1
2026-04-04,18,2,2
2026-04-04,19,1,1
2026-04-04,20,2,1
2026-04-04,21,12,3
2026-04-04,22,4,0
2026-04-04,23,2,2
2026-04-05,1,12,4
2026-04-05,6,9,4
2026-04-05,7,3,1
2026-04-05,8,4,1
2026-04-05,9,9,2
2026-04-05,10,9,2
2026-04-05,12,1,1
2026-04-05,13,1,1
2026-04-05,15,3,2
2026-04-05,16,4,2
2026-04-05,17,4,4
2026-04-05,18,2,1
2026-04-05,20,6,2
2026-04-05,22,3,3
2026-04-05,23,3,2
2026-04-06,1,1,1
2026-04-06,2,2,2
2026-04-06,3,1,1
2026-04-06,4,2,1
2026-04-06,6,8,3
2026-04-06,7,4,1
2026-04-06,8,1,1
2026-04-06,9,6,3
2026-04-06,10,10,4
2026-04-06,11,10,4
2026-04-06,13,1,1
2026-04-06,14,8,6
2026-04-06,15,12,4
2026-04-06,17,1,1
2026-04-06,18,5,2
2026-04-06,19,2,1
2026-04-06,20,4,1
2026-04-06,21,8,4
2026-04-07,0,1,1
2026-04-07,3,3,1
2026-04-07,4,2,1
2026-04-07,6,6,3
2026-04-07,7,2,2
2026-04-07,8,17,10
2026-04-07,9,17,7
2026-04-07,10,44,20
2026-04-07,11,23,10
2026-04-07,12,45,12
2026-04-07,13,41,24
2026-04-07,14,20,14
2026-04-07,15,37,15
2026-04-07,16,49,17
2026-04-07,17,17,1
2026-04-07,18,9,3
2026-04-07,19,8,5
2026-04-07,20,5,3
2026-04-07,21,33,5
2026-04-07,22,6,2
2026-04-07,23,1,1
2026-04-08,6,6,3
2026-04-08,7,6,2
2026-04-08,8,34,17
2026-04-08,9,27,15
2026-04-08,10,68,20
2026-04-08,11,30,10
2026-04-08,12,8,4
2026-04-08,13,56,20
2026-04-08,14,27,12
2026-04-08,15,17,11
2026-04-08,16,2,2
2026-04-08,17,6,4
2026-04-08,18,9,2
2026-04-08,19,2,2
2026-04-08,20,3,1
2026-04-08,21,1,1
2026-04-08,22,6,2
2026-04-08,23,6,1
2026-04-09,0,2,0
2026-04-09,2,1,1
2026-04-09,7,6,4
2026-04-09,8,16,8
2026-04-09,9,24,16
2026-04-09,10,27,11
2026-04-09,11,33,20
2026-04-09,12,21,11
2026-04-09,13,36,19
2026-04-09,14,33,18
2026-04-09,15,29,14
2026-04-09,16,12,4
2026-04-09,17,16,4
2026-04-09,18,12,7
2026-04-09,19,5,1
2026-04-09,20,4,1
2026-04-09,21,5,2
2026-04-09,22,5,2
2026-04-10,6,3,1
2026-04-10,7,2,2
2026-04-10,8,13,8
2026-04-10,9,28,13
2026-04-10,10,7,5
2026-04-10,11,26,9
2026-04-10,12,5,3
2026-04-10,13,16,11
2026-04-10,14,19,7
2026-04-10,15,15,8
2026-04-10,16,2,0
2026-04-10,17,8,2
2026-04-10,18,6,1
2026-04-10,19,3,3
2026-04-10,20,1,1
2026-04-10,23,6,1
2026-04-11,0,5,1
2026-04-11,3,1,1
2026-04-11,6,1,1
2026-04-11,7,5,1
2026-04-11,9,10,3
2026-04-11,10,4,3
2026-04-11,11,3,1
2026-04-11,12,3,1
2026-04-11,16,1,1
2026-04-11,19,4,2
2026-04-11,21,4,1
2026-04-11,23,3,1
2026-04-12,7,3,1
2026-04-12,8,2,1
2026-04-12,10,3,3
2026-04-12,11,1,1
2026-04-12,12,5,2
2026-04-12,13,21,3
2026-04-12,15,5,2
2026-04-12,16,5,2
2026-04-12,21,7,5
2026-04-12,22,5,2
2026-04-12,23,2,1
2026-04-13,0,6,1
2026-04-13,1,1,0
2026-04-13,5,2,2
2026-04-13,6,1,0
2026-04-13,7,2,2
2026-04-13,8,19,12
2026-04-13,9,30,15
2026-04-13,10,31,19
2026-04-13,11,38,15
2026-04-13,12,23,6
2026-04-13,13,19,11
2026-04-13,14,18,9
2026-04-13,15,13,6
2026-04-13,16,12,5
2026-04-13,17,9,2
2026-04-13,18,4,1
2026-04-13,19,2,1
2026-04-13,20,2,1
2026-04-13,21,6,1
2026-04-13,22,4,3
2026-04-13,23,1,0
2026-04-14,5,1,1
2026-04-14,7,11,3
2026-04-14,8,34,11
2026-04-14,9,31,11
2026-04-14,10,27,11
2026-04-14,11,34,17
2026-04-14,12,16,6
2026-04-14,13,44,20
2026-04-14,14,31,17
2026-04-14,15,5,3
2026-04-14,16,2,1
2026-04-14,17,2,2
2026-04-14,18,4,2
2026-04-14,19,2,1
2026-04-14,20,4,2
2026-04-14,22,1,1
2026-04-15,0,2,1
2026-04-15,2,9,3
2026-04-15,7,8,3
2026-04-15,8,22,12
2026-04-15,9,44,24
2026-04-15,10,28,12
2026-04-15,11,35,16
2026-04-15,12,4,2
2026-04-15,13,26,10
2026-04-15,14,14,9
2026-04-15,15,11,4
2026-04-15,16,2,2
2026-04-15,17,6,4
2026-04-15,18,4,2
2026-04-15,19,1,1
2026-04-15,21,5,1
2026-04-15,22,1,1
2026-04-16,1,4,1
2026-04-16,2,1,0
2026-04-16,4,2,1
2026-04-16,7,5,3
2026-04-16,8,6,3
2026-04-16,9,27,17
2026-04-16,10,39,21
2026-04-16,11,37,19
2026-04-16,12,10,6
2026-04-16,13,18,11
2026-04-16,14,22,12
2026-04-16,15,24,9
2026-04-16,16,3,2
2026-04-16,18,1,1
2026-04-16,19,1,1
2026-04-16,22,1,1
2026-04-16,23,1,1
2026-04-17,3,1,1
2026-04-17,5,1,1
2026-04-17,8,24,15
2026-04-17,9,41,19
2026-04-17,10,16,12
2026-04-17,11,27,16
2026-04-17,12,6,3
2026-04-17,13,23,11
2026-04-17,14,9,8
2026-04-17,15,15,9
2026-04-17,16,3,2
2026-04-17,17,3,2
2026-04-17,18,4,2
2026-04-17,20,1,1
2026-04-18,4,4,1
2026-04-18,7,1,1
2026-04-18,8,3,2
2026-04-18,9,1,1
2026-04-18,10,2,1
2026-04-18,11,1,1
2026-04-18,12,5,1
2026-04-18,13,1,1
2026-04-18,14,1,1
2026-04-18,16,5,4
2026-04-18,17,1,0
2026-04-18,19,10,3
2026-04-18,20,3,2
2026-04-18,21,1,1
2026-04-18,23,5,1
2026-04-19,9,1,1
2026-04-19,11,1,1
2026-04-19,12,10,3
2026-04-19,13,2,1
2026-04-19,14,30,7
2026-04-19,17,2,2
2026-04-19,18,3,2
2026-04-19,20,6,3
2026-04-19,21,7,2
2026-04-19,22,2,2
2026-04-19,23,1,0
2026-04-20,5,2,2
2026-04-20,6,1,1
2026-04-20,7,3,2
2026-04-20,8,15,10
2026-04-20,9,40,22
2026-04-20,10,25,9
2026-04-20,11,23,14
2026-04-20,12,5,2
2026-04-20,13,16,11
2026-04-20,14,17,7
2026-04-20,15,13,5
2026-04-20,16,3,2
2026-04-20,17,1,1
2026-04-20,18,5,1
2026-04-20,20,3,1
2026-04-20,22,2,1
2026-04-21,2,1,1
2026-04-21,3,1,1
2026-04-21,8,22,11
2026-04-21,9,25,13
2026-04-21,10,34,15
2026-04-21,11,28,17
2026-04-21,12,17,8
2026-04-21,13,32,15
2026-04-21,14,36,18
2026-04-21,15,19,9
2026-04-21,16,9,4
2026-04-21,17,14,5
2026-04-21,19,4,3
2026-04-21,21,3,1
2026-04-22,0,1,1
2026-04-22,5,4,1
2026-04-22,6,2,0
2026-04-22,7,5,2
2026-04-22,8,11,7
2026-04-22,9,29,16
2026-04-22,10,37,16
2026-04-22,11,23,11
2026-04-22,12,9,4
2026-04-22,13,26,14
2026-04-22,14,25,7
2026-04-22,15,18,6
2026-04-22,17,14,7
2026-04-22,18,5,2
2026-04-22,19,9,2
2026-04-22,20,6,3
2026-04-22,21,3,1
2026-04-22,22,2,2
2026-04-23,2,5,2
2026-04-23,3,1,1
2026-04-23,6,1,1
2026-04-23,7,3,2
2026-04-23,8,11,7
2026-04-23,9,20,7
2026-04-23,10,27,19
2026-04-23,11,30,16
2026-04-23,12,12,7
2026-04-23,13,21,13
2026-04-23,14,26,8
2026-04-23,15,12,8
2026-04-23,16,4,3
2026-04-23,17,6,4
2026-04-23,18,7,4
2026-04-23,19,4,2
2026-04-23,20,2,1
2026-04-23,21,14,4
2026-04-23,22,3,1
2026-04-24,4,1,1
2026-04-24,5,2,1
2026-04-24,8,15,6
2026-04-24,9,24,14
2026-04-24,10,14,9
2026-04-24,11,24,13
2026-04-24,12,15,9
2026-04-24,13,10,6
2026-04-24,14,21,9
2026-04-24,15,10,5
2026-04-24,16,10,3
2026-04-24,17,9,5
2026-04-24,19,2,2
2026-04-24,20,1,0
2026-04-25,0,1,1
2026-04-25,8,2,2
2026-04-25,11,6,3
2026-04-25,13,1,1
2026-04-25,14,1,1
2026-04-25,16,2,1
2026-04-25,17,3,2
2026-04-25,22,12,1
2026-04-26,9,3,1
2026-04-26,10,3,2
2026-04-26,11,10,2
2026-04-26,12,1,1
2026-04-26,13,2,1
2026-04-26,15,5,2
2026-04-26,16,7,2
2026-04-26,17,3,2
2026-04-26,19,3,1
2026-04-26,20,1,1
2026-04-26,21,2,0
2026-04-26,22,2,2
2026-04-27,8,23,11
2026-04-27,9,33,17
2026-04-27,10,28,11
2026-04-27,11,26,14
2026-04-27,12,12,6
2026-04-27,13,24,17
2026-04-27,14,47,20
2026-04-27,15,17,11
2026-04-27,16,10,5
2026-04-27,17,1,1
2026-04-27,18,10,4
2026-04-27,19,6,1
2026-04-27,20,4,1
2026-04-27,21,1,1
2026-04-27,22,1,1
2026-04-28,6,2,2
2026-04-28,7,1,1
2026-04-28,8,27,13
2026-04-28,9,22,15
2026-04-28,10,23,13
2026-04-28,11,21,11
2026-04-28,12,15,10
2026-04-28,13,20,12
2026-04-28,14,13,8
2026-04-28,15,31,16
2026-04-28,16,8,2
2026-04-28,20,4,2
2026-04-28,21,4,2
2026-04-28,23,1,1
2026-04-29,7,5,3
2026-04-29,8,22,11
2026-04-29,9,36,17
2026-04-29,10,45,24
2026-04-29,11,25,12
2026-04-29,12,14,7
2026-04-29,13,39,19
2026-04-29,14,19,13
2026-04-29,15,14,7
2026-04-29,16,2,2
2026-04-29,17,9,1
2026-04-29,18,2,2
2026-04-29,19,1,1
2026-04-29,22,3,1
2026-04-30,4,1,1
2026-04-30,8,23,9
2026-04-30,9,27,17
2026-04-30,10,19,13
2026-04-30,11,38,20
2026-04-30,12,17,3
2026-04-30,13,33,6
2026-04-30,14,11,6
2026-04-30,15,14,8
2026-04-30,16,4,2
2026-04-30,17,10,5
2026-04-30,18,7,3
2026-04-30,19,1,1
2026-04-30,20,3,1
2026-04-30,21,1,1
2026-05-01,2,11,2
2026-05-01,5,1,1
2026-05-01,7,2,2
2026-05-01,8,6,3
2026-05-01,9,9,6
2026-05-01,10,24,15
2026-05-01,11,27,12
2026-05-01,12,11,4
2026-05-01,13,18,10
2026-05-01,14,17,9
2026-05-01,15,4,3
2026-05-01,16,5,3
2026-05-01,17,8,4
2026-05-01,18,1,1
2026-05-01,19,1,1
2026-05-01,22,2,2
2026-05-01,23,2,1
2026-05-02,2,14,1
2026-05-02,3,2,0
2026-05-02,6,4,1
2026-05-02,7,1,1
2026-05-02,10,8,2
2026-05-02,12,2,2
2026-05-02,13,4,1
2026-05-02,14,2,1
2026-05-02,15,6,3
2026-05-02,16,3,1
2026-05-02,20,4,3
2026-05-02,21,2,1
2026-05-02,22,5,2
2026-05-03,1,3,1
2026-05-03,6,6,2
2026-05-03,10,1,1
2026-05-03,11,6,1
2026-05-03,12,1,1
2026-05-03,18,7,2
2026-05-03,19,1,1
2026-05-03,21,7,2
2026-05-04,0,1,1
2026-05-04,7,1,1
2026-05-04,8,2,1
2026-05-04,10,1,1
2026-05-04,11,6,3
2026-05-04,12,3,1
2026-05-04,13,8,1
2026-05-04,14,5,2
2026-05-04,15,3,1
2026-05-04,16,12,1
2026-05-04,17,1,1
2026-05-04,18,2,1
2026-05-04,19,1,1
2026-05-04,21,1,1
2026-05-04,22,14,1
2026-05-05,6,14,2
2026-05-05,7,9,3
2026-05-05,8,7,3
2026-05-05,9,12,8
2026-05-05,10,26,15
2026-05-05,11,8,2
2026-05-05,12,9,6
2026-05-05,13,23,12
2026-05-05,14,24,9
2026-05-05,15,15,8
2026-05-05,16,11,4
2026-05-05,17,4,3
2026-05-05,18,18,0
2026-05-05,20,2,2
2026-05-05,22,3,3
2026-05-05,23,9,1
2026-05-06,0,16,0
2026-05-06,4,1,1
2026-05-06,7,1,1
2026-05-06,8,11,9
2026-05-06,9,23,12
2026-05-06,10,25,12
2026-05-06,11,20,7
2026-05-06,12,8,5
2026-05-06,13,21,12
2026-05-06,14,20,6
2026-05-06,15,10,7
2026-05-06,16,9,4
2026-05-06,17,2,2
2026-05-06,18,2,2
2026-05-06,19,2,1
2026-05-06,20,2,2
2026-05-06,22,19,4
2026-05-06,23,4,1
2026-05-07,1,3,1
2026-05-07,2,4,1
2026-05-07,3,4,1
2026-05-07,8,6,5
2026-05-07,9,24,14
2026-05-07,10,14,8
2026-05-07,11,28,19
2026-05-07,12,27,7
2026-05-07,13,8,7
2026-05-07,14,27,13
2026-05-07,15,19,10
2026-05-07,16,8,5
2026-05-07,17,5,3
2026-05-07,20,5,3
2026-05-07,21,1,1
2026-05-07,22,2,2
2026-05-07,23,9,2
2026-05-08,0,2,1
2026-05-08,7,5,1
2026-05-08,8,10,5
2026-05-08,9,38,13
2026-05-08,10,27,14
2026-05-08,11,28,9
2026-05-08,12,8,4
2026-05-08,13,14,10
2026-05-08,14,29,11
2026-05-08,15,14,7
2026-05-08,16,3,2
2026-05-08,17,9,4
2026-05-08,18,4,3
2026-05-08,20,4,1
2026-05-08,21,7,3
2026-05-08,22,11,4
2026-05-09,7,1,1
2026-05-09,9,4,2
2026-05-09,10,4,2
2026-05-09,11,1,1
2026-05-09,12,14,2
2026-05-09,13,10,3
2026-05-09,15,1,1
2026-05-09,17,1,1
2026-05-09,18,4,2
2026-05-09,20,2,1
2026-05-09,21,6,2
2026-05-10,9,2,1
2026-05-10,10,2,1
2026-05-10,16,8,2
2026-05-10,17,16,1
2026-05-10,18,2,1
2026-05-10,19,5,2
2026-05-10,20,5,1
2026-05-10,21,3,2
2026-05-11,6,5,2
2026-05-11,8,9,6
2026-05-11,9,16,13
2026-05-11,10,33,15
2026-05-11,11,93,48
2026-05-11,12,27,18
2026-05-11,13,55,31
2026-05-11,14,59,27
2026-05-11,15,63,23
2026-05-11,16,32,15
2026-05-11,17,22,13
2026-05-11,18,9,6
2026-05-11,19,33,14
2026-05-11,20,37,11
2026-05-11,21,26,12
2026-05-11,22,28,12
2026-05-11,23,21,2
2026-05-12,0,8,2
2026-05-12,1,2,1
2026-05-12,4,1,1
2026-05-12,5,6,3
2026-05-12,6,8,4
2026-05-12,7,10,6
2026-05-12,8,36,20
2026-05-12,9,31,19
2026-05-12,10,78,37
2026-05-12,11,35,18
2026-05-12,12,42,11
2026-05-12,13,94,32
2026-05-12,14,70,32
2026-05-12,15,55,23
2026-05-12,16,22,10
2026-05-12,17,59,12
2026-05-12,18,24,12
2026-05-12,19,38,16
2026-05-12,20,32,7
2026-05-12,21,22,9
2026-05-12,22,24,9
2026-05-12,23,7,4
2026-05-13,0,1,0
2026-05-13,1,3,2
2026-05-13,4,5,1
2026-05-13,5,3,1
2026-05-13,6,13,8
2026-05-13,7,27,10
2026-05-13,8,32,19
2026-05-13,9,51,22
2026-05-13,10,38,23
2026-05-13,11,53,33
2026-05-13,12,45,22
2026-05-13,13,31,19
2026-05-13,14,41,21
2026-05-13,15,36,26
2026-05-13,16,39,18
2026-05-13,17,21,11
2026-05-13,18,14,10
2026-05-13,19,11,6
2026-05-13,20,13,5
2026-05-13,21,16,8
2026-05-13,22,2,1
2026-05-13,23,1,1
2026-05-14,1,1,1
2026-05-14,2,5,2
2026-05-14,4,2,2
2026-05-14,5,9,4
2026-05-14,6,1,1
2026-05-14,7,23,11
2026-05-14,8,41,25
2026-05-14,9,55,33
2026-05-14,10,66,37
2026-05-14,11,50,30
2026-05-14,12,39,19
2026-05-14,13,25,17
2026-05-14,14,29,15
2026-05-14,15,54,27
2026-05-14,16,20,7
2026-05-14,17,20,7
2026-05-14,18,24,14
2026-05-14,19,26,14
2026-05-14,20,21,10
2026-05-14,21,13,5
2026-05-14,22,14,4
2026-05-14,23,10,5
2026-05-15,0,3,1
2026-05-15,3,2,1
2026-05-15,4,1,1
2026-05-15,5,3,2
2026-05-15,6,5,2
2026-05-15,7,9,4
2026-05-15,8,35,14
2026-05-15,9,50,24
2026-05-15,10,53,25
2026-05-15,11,71,37
2026-05-15,12,41,21
2026-05-15,13,48,16
2026-05-15,14,55,23
2026-05-15,15,23,12
2026-05-15,16,24,13
2026-05-15,17,13,4
2026-05-15,18,16,8
2026-05-15,19,17,11
2026-05-15,20,25,6
2026-05-15,21,14,8
2026-05-15,22,7,4
2026-05-15,23,1,1
2026-05-16,0,3,1
2026-05-16,1,3,2
2026-05-16,2,2,1
2026-05-16,3,2,1
2026-05-16,6,3,2
2026-05-16,7,18,7
2026-05-16,8,15,5
2026-05-16,9,10,3
2026-05-16,10,19,8
2026-05-16,11,16,8
2026-05-16,12,16,9
2026-05-16,13,6,4
2026-05-16,14,10,6
2026-05-16,15,8,4
2026-05-16,16,9,4
2026-05-16,17,10,6
2026-05-16,18,3,3
2026-05-16,19,2,1
2026-05-16,20,10,5
2026-05-16,21,11,3
2026-05-16,22,11,4
2026-05-16,23,8,2
2026-05-17,0,2,0
2026-05-17,1,3,2
2026-05-17,3,5,1
2026-05-17,5,1,1
2026-05-17,7,37,11
2026-05-17,8,10,5
2026-05-17,9,12,4
2026-05-17,10,20,8
2026-05-17,11,5,3
2026-05-17,12,13,8
2026-05-17,13,24,6
2026-05-17,14,10,9
2026-05-17,15,11,6
2026-05-17,16,7,3
2026-05-17,17,13,8
2026-05-17,18,11,5
2026-05-17,19,7,5
2026-05-17,20,17,5
2026-05-17,21,7,5
2026-05-17,22,7,3
2026-05-17,23,10,4
2026-05-18,0,3,1
2026-05-18,1,1,0
2026-05-18,3,2,1
2026-05-18,4,2,1
2026-05-18,6,9,3
2026-05-18,7,16,8
2026-05-18,8,34,21
2026-05-18,9,35,22
2026-05-18,10,52,24
2026-05-18,11,61,26
2026-05-18,12,40,20
2026-05-18,13,55,32
2026-05-18,14,41,21
2026-05-18,15,29,14
2026-05-18,16,25,11
2026-05-18,17,21,15
2026-05-18,18,25,9
2026-05-18,19,15,7
2026-05-18,20,42,14
2026-05-18,21,29,7
2026-05-18,22,27,9
2026-05-18,23,6,4
2026-05-19,0,4,1
2026-05-19,1,4,3
2026-05-19,2,9,1
2026-05-19,3,3,1
2026-05-19,4,2,2
2026-05-19,5,1,1
2026-05-19,6,22,7
2026-05-19,7,11,8
2026-05-19,8,24,18
2026-05-19,9,59,30
2026-05-19,10,81,31
2026-05-19,11,75,34
2026-05-19,12,26,15
2026-05-19,13,79,31
2026-05-19,14,56,22
2026-05-19,15,27,15
2026-05-19,16,23,12
2026-05-19,17,26,16
2026-05-19,18,19,11
2026-05-19,19,27,12
2026-05-19,20,22,12
2026-05-19,21,6,4
2026-05-19,22,9,5
2026-05-19,23,9,4
2026-05-20,0,3,3
2026-05-20,2,2,1
2026-05-20,3,8,4
2026-05-20,4,1,1
2026-05-20,5,3,2
2026-05-20,6,24,9
2026-05-20,7,11,5
2026-05-20,8,27,14
2026-05-20,9,57,28
2026-05-20,10,84,44
2026-05-20,11,100,50
2026-05-20,12,79,40
2026-05-20,13,86,45
2026-05-20,14,109,51
2026-05-20,15,86,30
2026-05-20,16,27,15
2026-05-20,17,32,18
2026-05-20,18,39,22
2026-05-20,19,50,19
2026-05-20,20,64,27
2026-05-20,21,41,17
2026-05-20,22,25,11
2026-05-20,23,25,14
2026-05-21,0,14,4
2026-05-21,1,8,3
2026-05-21,2,6,2
2026-05-21,3,9,4
2026-05-21,4,7,4
2026-05-21,5,19,5
2026-05-21,6,21,11
2026-05-21,7,34,20
2026-05-21,8,61,30
2026-05-21,9,69,26
2026-05-21,10,117,54
2026-05-21,11,95,43
2026-05-21,12,71,27
2026-05-21,13,104,46
2026-05-21,14,112,44
2026-05-21,15,82,32
2026-05-21,16,53,23
2026-05-21,17,40,19
2026-05-21,18,41,12
2026-05-21,19,16,8
2026-05-21,20,29,16
2026-05-21,21,38,12
2026-05-21,22,14,8
2026-05-21,23,26,9
2026-05-22,0,15,6
2026-05-22,1,2,2
2026-05-22,2,6,1
2026-05-22,3,4,3
2026-05-22,4,6,3
2026-05-22,5,7,3
2026-05-22,6,24,11
2026-05-22,7,36,17
2026-05-22,8,66,26
2026-05-22,9,45,23
2026-05-22,10,55,34
2026-05-22,11,77,42
2026-05-22,12,53,23
2026-05-22,13,68,32
2026-05-22,14,65,25
2026-05-22,15,33,20
2026-05-22,16,40,22
2026-05-22,17,19,7
2026-05-22,18,19,7
2026-05-22,19,32,13
2026-05-22,20,14,7
2026-05-22,21,37,9
2026-05-22,22,13,5
2026-05-22,23,9,6
2026-05-23,1,6,3
2026-05-23,4,3,2
2026-05-23,5,4,3
2026-05-23,6,15,6
2026-05-23,7,26,7
2026-05-23,8,35,11
2026-05-23,9,26,10
2026-05-23,10,12,5
2026-05-23,11,12,5
2026-05-23,12,13,6
2026-05-23,13,23,12
2026-05-23,14,50,20
2026-05-23,15,16,7
2026-05-23,16,9,4
2026-05-23,17,9,6
2026-05-23,18,12,9
2026-05-23,19,29,9
2026-05-23,20,29,8
2026-05-23,21,14,6
2026-05-23,22,11,5
2026-05-23,23,14,8
2026-05-24,0,9,2
2026-05-24,1,3,2
2026-05-24,3,3,1
2026-05-24,4,1,1
2026-05-24,5,15,4
2026-05-24,6,5,3
2026-05-24,7,6,2
2026-05-24,8,8,4
2026-05-24,9,20,9
2026-05-24,10,13,6
2026-05-24,11,29,14
2026-05-24,12,25,12
2026-05-24,13,19,11
2026-05-24,14,13,4
2026-05-24,15,19,9
2026-05-24,16,12,7
2026-05-24,17,21,8
2026-05-24,18,23,10
2026-05-24,19,31,13
2026-05-24,20,39,18
2026-05-24,21,6,2
2026-05-24,22,7,4
2026-05-24,23,18,4
2026-05-25,0,6,2
2026-05-25,1,22,4
2026-05-25,2,2,1
2026-05-25,3,16,3
2026-05-25,5,8,2
2026-05-25,6,11,4
2026-05-25,7,18,10
2026-05-25,8,40,22
2026-05-25,9,64,41
2026-05-25,10,112,47
2026-05-25,11,120,45
2026-05-25,12,63,28
2026-05-25,13,72,26
2026-05-25,14,56,26
2026-05-25,15,64,29
2026-05-25,16,32,12
2026-05-25,17,25,18
2026-05-25,18,49,22
2026-05-25,19,30,18
2026-05-25,20,24,13
2026-05-25,21,32,11
2026-05-25,22,26,6
2026-05-25,23,11,4
2026-05-26,0,9,3
2026-05-26,1,5,4
2026-05-26,2,8,5
2026-05-26,3,1,1
2026-05-26,6,8,6
2026-05-26,7,18,8
2026-05-26,8,59,31
2026-05-26,9,66,35
2026-05-26,10,60,32
2026-05-26,11,74,37
2026-05-26,12,69,32
2026-05-26,13,57,28
2026-05-26,14,116,45
2026-05-26,15,59,28
2026-05-26,16,27,16
2026-05-26,17,40,21
2026-05-26,18,36,20
2026-05-26,19,38,17
2026-05-26,20,46,16
2026-05-26,21,12,7
2026-05-26,22,9,6
2026-05-26,23,22,9
2026-05-27,0,14,3
2026-05-27,1,8,2
2026-05-27,2,24,5
2026-05-27,3,2,2
2026-05-27,4,31,2
2026-05-27,5,22,8
2026-05-27,7,37,16
2026-05-27,8,52,30
2026-05-27,9,96,38
2026-05-27,10,90,37
2026-05-27,11,61,39
2026-05-27,12,34,17
2026-05-27,13,56,24
2026-05-27,14,60,33
2026-05-27,15,53,28
2026-05-27,16,47,23
2026-05-27,17,26,14
2026-05-27,18,32,17
2026-05-27,19,55,18
2026-05-27,20,41,18
2026-05-27,21,39,12
2026-05-27,22,58,15
2026-05-27,23,18,6
2026-05-28,0,7,4
2026-05-28,1,13,4
2026-05-28,2,6,0
2026-05-28,3,9,4
2026-05-28,4,15,4
2026-05-28,5,14,4
2026-05-28,6,20,8
2026-05-28,7,45,15
2026-05-28,8,30,20
2026-05-28,9,57,32
2026-05-28,10,91,42
2026-05-28,11,83,38
2026-05-28,12,71,31
2026-05-28,13,66,24
2026-05-28,14,70,31
2026-05-28,15,86,30
2026-05-28,16,60,24
2026-05-28,17,50,15
2026-05-28,18,38,15
2026-05-28,19,33,15
2026-05-28,20,42,16
2026-05-28,21,60,18
2026-05-28,22,40,12
2026-05-28,23,13,8
2026-05-29,0,7,3
2026-05-29,1,23,5
2026-05-29,2,3,2
2026-05-29,3,5,2
2026-05-29,4,6,1
2026-05-29,5,12,4
2026-05-29,6,15,8
2026-05-29,7,28,13
2026-05-29,8,36,21
2026-05-29,9,40,21
2026-05-29,10,47,30
2026-05-29,11,75,41
2026-05-29,12,64,30
2026-05-29,13,59,30
2026-05-29,14,60,27
2026-05-29,15,29,28
2026-05-29,16,18,17
2026-05-29,17,27,10
2026-05-29,18,36,12
2026-05-29,19,23,12
2026-05-29,20,40,19
2026-05-29,21,20,9
2026-05-29,22,28,11
2026-05-29,23,9,3
2026-05-30,0,8,4
2026-05-30,1,9,3
2026-05-30,2,13,2
2026-05-30,3,3,2
2026-05-30,4,7,3
2026-05-30,5,18,5
2026-05-30,6,6,4
2026-05-30,7,18,8
2026-05-30,8,22,13
2026-05-30,9,43,21
2026-05-30,10,11,4
2026-05-30,11,32,9
2026-05-30,12,5,4
2026-05-30,13,25,12
2026-05-30,14,27,14
2026-05-30,15,39,14
2026-05-30,16,12,5
2026-05-30,17,26,11
2026-05-30,18,12,6
2026-05-30,19,33,8
2026-05-30,20,18,9
2026-05-30,21,18,6
2026-05-30,22,8,5
2026-05-30,23,23,5
2026-05-31,0,21,4
2026-05-31,1,3,3
2026-05-31,2,1,0
2026-05-31,3,2,2
2026-05-31,4,2,1
2026-05-31,5,7,4
2026-05-31,6,1,1
2026-05-31,7,14,7
2026-05-31,8,16,7
2026-05-31,9,15,10
2026-05-31,10,16,4
2026-05-31,11,25,11
2026-05-31,12,22,7
2026-05-31,13,32,14
2026-05-31,14,31,15
2026-05-31,15,17,10
2026-05-31,16,33,11
2026-05-31,17,22,12
2026-05-31,18,36,11
2026-05-31,19,26,12
2026-05-31,20,24,8
2026-05-31,21,10,8
2026-05-31,22,29,11
2026-05-31,23,25,6
2026-06-01,0,7,3
2026-06-01,1,1,1
2026-06-01,2,6,2
2026-06-01,4,1,1
2026-06-01,5,9,4
2026-06-01,6,12,6
2026-06-01,7,7,6
2026-06-01,8,32,13
2026-06-01,9,41,16
2026-06-01,10,34,12
2026-06-01,11,59,20
2026-06-01,12,69,23
2026-06-01,13,40,17
2026-06-01,14,70,23
2026-06-01,15,88,30
2026-06-01,16,59,32
2026-06-01,17,44,18
2026-06-01,18,30,14
2026-06-01,19,34,19
2026-06-01,20,40,16
2026-06-01,21,26,18
2026-06-01,22,27,14
2026-06-01,23,9,4
2026-06-02,0,1,1
2026-06-02,1,8,4
2026-06-02,2,3,1
2026-06-02,3,8,4
2026-06-02,4,1,1
2026-06-02,5,10,4
2026-06-02,6,22,7
2026-06-02,7,25,11
2026-06-02,8,43,27
2026-06-02,9,96,48
2026-06-02,10,127,44
2026-06-02,11,113,53
2026-06-02,12,71,27
2026-06-02,13,78,40
2026-06-02,14,81,34
2026-06-02,15,70,37
2026-06-02,16,62,21
2026-06-02,17,57,19
2026-06-02,18,30,17
2026-06-02,19,32,17
2026-06-02,20,73,27
2026-06-02,21,43,17
2026-06-02,22,16,6
2026-06-02,23,14,7
2026-06-03,0,3,3
2026-06-03,1,10,6
2026-06-03,2,4,2
2026-06-03,3,9,4
2026-06-03,5,13,4
2026-06-03,6,8,5
2026-06-03,7,30,12
2026-06-03,8,78,31
2026-06-03,9,71,30
2026-06-03,10,84,43
2026-06-03,11,63,27
2026-06-03,12,86,43
2026-06-03,13,95,47
2026-06-03,14,112,44
2026-06-03,15,72,35
2026-06-03,16,50,29
2026-06-03,17,46,19
2026-06-03,18,35,17
2026-06-03,19,44,18
2026-06-03,20,49,18
2026-06-03,21,26,9
2026-06-03,22,40,18
2026-06-03,23,10,7
2026-06-04,1,1,1
2026-06-04,3,18,7
2026-06-04,4,4,2
2026-06-04,5,20,7
2026-06-04,6,10,5
2026-06-04,7,21,6
2026-06-04,8,52,27
2026-06-04,9,84,42
2026-06-04,10,91,34
2026-06-04,11,87,42
2026-06-04,12,80,35
2026-06-04,13,78,32
2026-06-04,14,109,50
2026-06-04,15,62,33
2026-06-04,16,36,16
2026-06-04,17,41,19
2026-06-04,18,33,16
2026-06-04,19,45,16
2026-06-04,20,39,13
2026-06-04,21,30,14
2026-06-04,22,20,11
2026-06-04,23,20,6
2026-06-05,0,5,2
2026-06-05,1,4,4
2026-06-05,2,6,4
2026-06-05,3,17,4
2026-06-05,4,13,4
2026-06-05,5,15,6
2026-06-05,6,13,9
2026-06-05,7,26,11
2026-06-05,8,48,25
2026-06-05,9,74,40
2026-06-05,10,86,34
2026-06-05,11,79,30
2026-06-05,12,62,32
2026-06-05,13,53,29
2026-06-05,14,45,22
2026-06-05,15,55,22
2026-06-05,16,22,14
2026-06-05,17,14,8
2026-06-05,18,29,9
2026-06-05,19,27,13
2026-06-05,20,35,18
2026-06-05,21,21,5
2026-06-05,22,5,5
2026-06-05,23,5,3
2026-06-06,0,18,4
2026-06-06,1,14,7
2026-06-06,2,1,1
2026-06-06,3,9,3
2026-06-06,4,9,5
2026-06-06,5,4,1
2026-06-06,6,9,5
2026-06-06,7,15,5
2026-06-06,8,22,9
2026-06-06,9,12,6
2026-06-06,10,29,15
2026-06-06,11,32,7
2026-06-06,12,22,13
2026-06-06,13,75,18
2026-06-06,14,23,13
2026-06-06,15,27,16
2026-06-06,16,24,7
2026-06-06,17,19,13
2026-06-06,18,13,8
2026-06-06,19,24,11
2026-06-06,20,4,3
2026-06-06,21,22,10
2026-06-06,22,24,6
2026-06-06,23,14,7
2026-06-07,0,12,4
2026-06-07,1,1,1
2026-06-07,2,17,2
2026-06-07,3,12,3
2026-06-07,4,24,3
2026-06-07,5,6,2
2026-06-07,6,10,2
2026-06-07,7,25,8
2026-06-07,8,7,4
2026-06-07,9,21,13
2026-06-07,10,26,14
2026-06-07,11,26,16
2026-06-07,12,50,22
2026-06-07,13,39,16
2026-06-07,14,30,15
2026-06-07,15,38,18
2026-06-07,16,49,11
2026-06-07,17,23,11
2026-06-07,18,28,14
2026-06-07,19,36,13
2026-06-07,20,37,15
2026-06-07,21,22,12
2026-06-07,22,20,9
2026-06-07,23,9,7
2026-06-08,0,15,9
2026-06-08,1,9,3
2026-06-08,2,23,5
2026-06-08,3,4,3
2026-06-08,4,9,5
2026-06-08,5,3,3
2026-06-08,6,22,11
2026-06-08,7,38,13
2026-06-08,8,63,33
2026-06-08,9,83,45
2026-06-08,10,74,38
2026-06-08,11,79,53
2026-06-08,12,71,38
2026-06-08,13,68,29
2026-06-08,14,71,27
2026-06-08,15,61,26
2026-06-08,16,41,23
2026-06-08,17,29,14
2026-06-08,18,41,14
2026-06-08,19,57,20
2026-06-08,20,22,13
2026-06-08,21,49,18
2026-06-08,22,13,8
2026-06-08,23,19,9
2026-06-09,0,16,5
2026-06-09,1,3,3
2026-06-09,2,1,1
2026-06-09,3,15,2
2026-06-09,4,2,1
2026-06-09,5,4,4
2026-06-09,6,24,9
2026-06-09,7,41,15
2026-06-09,8,32,17
2026-06-09,9,90,38
2026-06-09,10,89,39
2026-06-09,11,87,43
2026-06-09,12,80,35
2026-06-09,13,74,45
2026-06-09,14,76,36
2026-06-09,15,64,30
2026-06-09,16,47,19
2026-06-09,17,59,29
2026-06-09,18,55,21
2026-06-09,19,36,16
2026-06-09,20,21,10
2026-06-09,21,11,7
2026-06-09,22,24,7
2026-06-09,23,25,10
2026-06-10,0,24,7
2026-06-10,1,5,3
2026-06-10,2,26,6
2026-06-10,3,10,2
2026-06-10,4,5,1
2026-06-10,5,2,2
2026-06-10,6,10,5
2026-06-10,7,15,7
2026-06-10,8,71,30
2026-06-10,9,47,29
2026-06-10,10,65,32
2026-06-10,11,76,41
2026-06-10,12,53,27
2026-06-10,13,71,33
2026-06-10,14,74,32
2026-06-10,15,73,29
2026-06-10,16,29,13
2026-06-10,17,22,15
2026-06-10,18,37,15
2026-06-10,19,34,18
2026-06-10,20,55,18
2026-06-10,21,25,12
2026-06-10,22,17,10
2026-06-10,23,21,8
2026-06-11,0,11,2
2026-06-11,1,10,5
2026-06-11,2,29,3
2026-06-11,3,3,2
2026-06-11,4,16,5
2026-06-11,5,9,6
2026-06-11,6,45,7
2026-06-11,7,18,9
2026-06-11,8,34,22
2026-06-11,9,53,28
2026-06-11,10,102,47
2026-06-11,11,77,30
2026-06-11,12,65,30
2026-06-11,13,44,24
2026-06-11,14,41,21
2026-06-11,15,63,29
2026-06-11,16,34,14
2026-06-11,17,56,18
2026-06-11,18,28,12
2026-06-11,19,13,5
2026-06-11,20,37,10
2026-06-11,21,34,11
2026-06-11,22,31,13
2026-06-11,23,8,3
2026-06-12,0,31,5
2026-06-12,1,10,4
2026-06-12,2,1,0
2026-06-12,3,5,2
2026-06-12,4,4,1
2026-06-12,5,9,6
2026-06-12,6,14,8
2026-06-12,7,10,6
2026-06-12,8,36,16
2026-06-12,9,58,27
2026-06-12,10,77,34
2026-06-12,11,78,37
2026-06-12,12,55,23
2026-06-12,13,50,31
2026-06-12,14,44,19
2026-06-12,15,35,20
2026-06-12,16,22,15
2026-06-12,17,41,11
2026-06-12,18,39,18
2026-06-12,19,44,20
2026-06-12,20,16,11
2026-06-12,21,19,9
2026-06-12,22,9,6
2026-06-12,23,13,7
2026-06-13,0,8,3
2026-06-13,1,32,1
2026-06-13,2,14,3
2026-06-13,3,7,4
2026-06-13,4,15,4
2026-06-13,5,7,3
2026-06-13,6,2,2
2026-06-13,7,15,8
2026-06-13,8,13,5
2026-06-13,9,14,5
2026-06-13,10,22,9
2026-06-13,11,24,9
2026-06-13,12,30,12
2026-06-13,13,23,11
2026-06-13,14,17,9
2026-06-13,15,27,11
2026-06-13,16,34,9
2026-06-13,17,31,13
2026-06-13,18,12,8
2026-06-13,19,25,12
2026-06-13,20,9,4
2026-06-13,21,17,12
2026-06-13,22,21,10
2026-06-13,23,23,10
2026-06-14,0,10,6
2026-06-14,1,19,7
2026-06-14,2,3,3
2026-06-14,3,6,3
2026-06-14,4,8,5
2026-06-14,5,5,4
2026-06-14,6,13,10
2026-06-14,7,20,10
2026-06-14,8,22,10
2026-06-14,9,11,6
2026-06-14,10,16,9
2026-06-14,11,20,6
2026-06-14,12,8,7
2026-06-14,13,36,14
2026-06-14,14,36,12
2026-06-14,15,18,5
2026-06-14,16,20,6
2026-06-14,17,6,5
2026-06-14,18,13,6
2026-06-14,19,32,12
2026-06-14,20,15,9
2026-06-14,21,14,8
2026-06-14,22,15,7
2026-06-14,23,5,1
2026-06-15,0,39,6
2026-06-15,1,4,3
2026-06-15,2,1,0
2026-06-15,3,2,1
2026-06-15,4,8,1
2026-06-15,5,8,4
2026-06-15,6,7,5
2026-06-15,7,11,6
2026-06-15,8,62,27
2026-06-15,9,99,45
2026-06-15,10,82,39
2026-06-15,11,103,46
2026-06-15,12,68,24
2026-06-15,13,100,46
2026-06-15,14,88,35
2026-06-15,15,59,26
2026-06-15,16,69,20
2026-06-15,17,38,14
2026-06-15,18,29,13
2026-06-15,19,65,24
2026-06-15,20,30,14
2026-06-15,21,28,13
2026-06-15,22,18,8
2026-06-15,23,9,1
2026-06-16,0,13,6
2026-06-16,1,12,3
2026-06-16,2,7,2
2026-06-16,4,5,1
2026-06-16,5,2,1
2026-06-16,6,18,9
2026-06-16,7,7,5
2026-06-16,8,54,29
2026-06-16,9,74,35
2026-06-16,10,66,29
2026-06-16,11,84,36
2026-06-16,12,98,38
2026-06-16,13,60,28
2026-06-16,14,55,31
2026-06-16,15,61,30
2026-06-16,16,36,23
2026-06-16,17,46,19
2026-06-16,18,21,10
2026-06-16,19,35,16
2026-06-16,20,68,21
2026-06-16,21,48,25
2026-06-16,22,21,7
2026-06-16,23,5,4
2026-06-17,0,10,3
2026-06-17,1,1,1
2026-06-17,2,16,2
2026-06-17,3,13,2
2026-06-17,4,4,3
2026-06-17,5,3,3
2026-06-17,6,29,11
2026-06-17,7,30,16
2026-06-17,8,50,25
2026-06-17,9,59,35
2026-06-17,10,46,24
2026-06-17,11,78,36
2026-06-17,12,91,40
2026-06-17,13,61,35
2026-06-17,14,67,32
2026-06-17,15,83,32
2026-06-17,16,29,13
2026-06-17,17,57,25
2026-06-17,18,53,14
2026-06-17,19,38,15
2026-06-17,20,51,26
2026-06-17,21,17,8
2026-06-17,22,30,9
2026-06-17,23,19,10
2026-06-18,0,13,6
2026-06-18,1,9,5
2026-06-18,2,2,2
2026-06-18,3,2,2
2026-06-18,4,4,2
2026-06-18,5,23,5
2026-06-18,6,2,2
2026-06-18,7,11,6
2026-06-18,8,67,32
2026-06-18,9,65,25
2026-06-18,10,82,42
2026-06-18,11,78,33
2026-06-18,12,52,35
2026-06-18,13,57,28
2026-06-18,14,85,35
2026-06-18,15,60,31
2026-06-18,16,54,26
2026-06-18,17,26,14
2026-06-18,18,22,12
2026-06-18,19,17,11
2026-06-18,20,48,17
2026-06-18,21,27,10
2026-06-18,22,16,6
2026-06-18,23,6,4
2026-06-19,0,26,5
2026-06-19,1,11,4
2026-06-19,2,4,3
2026-06-19,3,2,1
2026-06-19,4,3,3
2026-06-19,5,7,4
2026-06-19,6,18,6
2026-06-19,7,24,11
2026-06-19,8,39,19
2026-06-19,9,48,24
2026-06-19,10,74,37
2026-06-19,11,67,31
2026-06-19,12,59,25
2026-06-19,13,66,34
2026-06-19,14,52,23
2026-06-19,15,27,18
2026-06-19,16,26,14
2026-06-19,17,39,17
2026-06-19,18,39,16
2026-06-19,19,11,8
2026-06-19,20,25,9
2026-06-19,21,16,8
2026-06-19,22,18,5
2026-06-19,23,32,9
2026-06-20,0,6,3
2026-06-20,1,8,2
2026-06-20,2,8,6
2026-06-20,3,5,2
2026-06-20,4,9,2
2026-06-20,5,7,3
2026-06-20,6,24,8
2026-06-20,7,13,4
2026-06-20,8,14,5
2026-06-20,9,43,12
2026-06-20,10,18,6
2026-06-20,11,4,4
2026-06-20,12,8,5
2026-06-20,13,31,11
2026-06-20,14,52,13
2026-06-20,15,31,8
2026-06-20,16,9,5
2026-06-20,17,18,7
2026-06-20,18,22,11
2026-06-20,19,34,14
2026-06-20,20,38,16
2026-06-20,21,14,5
2026-06-20,22,17,4
2026-06-20,23,11,5
2026-06-21,0,7,3
2026-06-21,1,11,1
2026-06-21,3,5,2
2026-06-21,4,1,1
2026-06-21,5,10,3
2026-06-21,6,7,3
2026-06-21,7,13,3
2026-06-21,8,18,9
2026-06-21,9,15,10
2026-06-21,10,12,4
2026-06-21,11,27,9
2026-06-21,12,22,6
2026-06-21,13,3,2
2026-06-21,14,12,7
2026-06-21,15,14,7
2026-06-21,16,21,10
2026-06-21,17,8,5
2026-06-21,18,8,7
2026-06-21,19,12,5
2026-06-21,20,9,6
2026-06-21,21,7,4
2026-06-21,22,2,2
2026-06-21,23,3,2
2026-06-22,0,11,5
2026-06-22,1,27,4
2026-06-22,2,2,1
2026-06-22,4,1,1
2026-06-22,5,7,4
2026-06-22,6,14,7
2026-06-22,7,30,10
2026-06-22,8,33,19
2026-06-22,9,57,26
2026-06-22,10,96,37
2026-06-22,11,64,34
2026-06-22,12,57,27
2026-06-22,13,83,36
2026-06-22,14,84,36
2026-06-22,15,66,31
2026-06-22,16,36,14
2026-06-22,17,42,12
2026-06-22,18,24,11
2026-06-22,19,58,20
2026-06-22,20,41,18
2026-06-22,21,44,14
2026-06-22,22,26,11
2026-06-22,23,19,5
2026-06-23,0,5,5
2026-06-23,2,3,2
2026-06-23,3,2,1
2026-06-23,5,7,3
2026-06-23,6,4,3
2026-06-23,7,13,10
2026-06-23,8,42,20
2026-06-23,9,68,33
2026-06-23,10,48,30
2026-06-23,11,59,28
2026-06-23,12,75,30
2026-06-23,13,65,28
2026-06-23,14,54,30
2026-06-23,15,38,21
2026-06-23,16,44,20
2026-06-23,17,33,16
2026-06-23,18,36,12
2026-06-23,19,15,7
2026-06-23,20,20,11
2026-06-23,21,17,8
2026-06-23,22,18,9
2026-06-23,23,24,8
2026-06-24,0,5,3
2026-06-24,1,4,3
2026-06-24,2,11,4
2026-06-24,3,1,0
2026-06-24,4,7,3
2026-06-24,5,3,2
2026-06-24,6,8,2
2026-06-24,7,22,13
2026-06-24,8,29,17
2026-06-24,9,52,30
2026-06-24,10,46,21
2026-06-24,11,70,33
2026-06-24,12,31,22
2026-06-24,13,56,24
2026-06-24,14,72,34
2026-06-24,15,43,19
2026-06-24,16,18,9
2026-06-24,17,47,16
2026-06-24,18,42,18
2026-06-24,19,18,7
2026-06-24,20,25,14
2026-06-24,21,21,11
2026-06-24,22,13,6
2026-06-24,23,15,5
2026-06-25,0,2,2
2026-06-25,2,4,2
2026-06-25,3,10,2
2026-06-25,4,10,3
2026-06-25,5,4,2
2026-06-25,6,6,4
2026-06-25,7,25,10
2026-06-25,8,39,16
2026-06-25,9,66,28
2026-06-25,10,72,30
2026-06-25,11,63,33
2026-06-25,12,36,19
2026-06-25,13,50,29
2026-06-25,14,50,28
2026-06-25,15,54,25
2026-06-25,16,36,16
2026-06-25,17,22,13
2026-06-25,18,20,10
2026-06-25,19,29,11
2026-06-25,20,28,10
2026-06-25,21,42,14
2026-06-25,22,17,8
2026-06-25,23,6,3
2026-06-26,0,8,4
2026-06-26,1,4,2
2026-06-26,5,10,4
2026-06-26,6,2,2
2026-06-26,7,15,6
2026-06-26,8,48,22
2026-06-26,9,42,24
2026-06-26,10,58,31
2026-06-26,11,43,23
2026-06-26,12,48,25
2026-06-26,13,36,17
2026-06-26,14,65,26
2026-06-26,15,42,18
2026-06-26,16,7,5
2026-06-26,17,20,14
2026-06-26,18,27,10
2026-06-26,19,17,8
2026-06-26,20,4,3
2026-06-26,21,20,9
2026-06-26,22,17,9
2026-06-26,23,7,4
2026-06-27,0,1,1
2026-06-27,1,8,3
2026-06-27,2,14,4
2026-06-27,3,4,0
2026-06-27,5,2,2
2026-06-27,6,15,5
2026-06-27,7,20,9
2026-06-27,8,26,12
2026-06-27,9,26,16
2026-06-27,10,32,11
2026-06-27,11,13,7
2026-06-27,12,32,20
2026-06-27,13,38,12
2026-06-27,14,29,9
2026-06-27,15,7,6
2026-06-27,16,31,9
2026-06-27,17,13,8
2026-06-27,18,11,3
2026-06-27,19,25,11
2026-06-27,20,28,13
2026-06-27,21,25,8
2026-06-27,22,11,3
2026-06-27,23,21,7
2026-06-28,0,11,4
2026-06-28,1,14,3
2026-06-28,2,2,1
2026-06-28,6,8,5
2026-06-28,7,9,5
2026-06-28,8,17,12
2026-06-28,9,15,5
2026-06-28,10,26,12
2026-06-28,11,25,13
2026-06-28,12,20,10
2026-06-28,13,26,12
2026-06-28,14,23,10
2026-06-28,15,31,14
2026-06-28,16,32,13
2026-06-28,17,26,15
2026-06-28,18,24,11
2026-06-28,19,20,9
2026-06-28,20,22,10
2026-06-28,21,24,13
2026-06-28,22,23,9
2026-06-28,23,6,5
2026-06-29,0,19,5
2026-06-29,1,16,6
2026-06-29,2,1,1
2026-06-29,3,25,2
2026-06-29,4,23,1
2026-06-29,5,16,4
2026-06-29,6,9,3
2026-06-29,7,23,16
2026-06-29,8,42,22
2026-06-29,9,86,40
2026-06-29,10,89,38
2026-06-29,11,56,24
2026-06-29,12,83,36
2026-06-29,13,92,40
2026-06-29,14,69,33
2026-06-29,15,61,28
2026-06-29,16,57,19
2026-06-29,17,65,16
2026-06-29,18,51,26
2026-06-29,19,45,19
2026-06-29,20,49,13
2026-06-29,21,24,9
2026-06-29,22,17,6
2026-06-29,23,13,6
2026-06-30,0,23,10
2026-06-30,1,1,1
2026-06-30,2,5,1
2026-06-30,4,5,3
2026-06-30,5,9,5
2026-06-30,6,22,11
2026-06-30,7,46,14
2026-06-30,8,47,23
2026-06-30,9,92,35
2026-06-30,10,65,38
2026-06-30,11,59,31
2026-06-30,12,47,30
2026-06-30,13,73,39
2026-06-30,14,70,38
2026-06-30,15,88,31
2026-06-30,16,41,27
2026-06-30,17,44,20
2026-06-30,18,41,23
2026-06-30,19,42,23
2026-06-30,20,33,14
2026-06-30,21,43,29
2026-06-30,22,23,13
2026-06-30,23,9,4
2026-07-01,0,12,6
2026-07-01,1,2,2
2026-07-01,2,6,1
2026-07-01,4,17,6
2026-07-01,5,3,3
2026-07-01,6,19,8
2026-07-01,7,30,15
2026-07-01,8,32,17
2026-07-01,9,68,39
2026-07-01,10,38,27
2026-07-01,11,51,32
2026-07-01,12,47,24
2026-07-01,13,60,35
2026-07-01,14,68,43
2026-07-01,15,40,24
2026-07-01,16,23,17
2026-07-01,17,32,18
2026-07-01,18,46,19
2026-07-01,19,20,10
2026-07-01,20,30,18
2026-07-01,21,10,8
2026-07-01,22,24,8
2026-07-01,23,4,3
2026-07-02,0,7,5
2026-07-02,1,13,5
2026-07-02,2,7,1
2026-07-02,3,7,2
2026-07-02,4,1,1
2026-07-02,5,12,5
2026-07-02,6,14,9
2026-07-02,7,24,12
2026-07-02,8,31,16
2026-07-02,9,53,34
2026-07-02,10,67,35
2026-07-02,11,64,33
2026-07-02,12,54,31
2026-07-02,13,76,33
2026-07-02,14,69,34
2026-07-02,15,55,28
2026-07-02,16,48,26
2026-07-02,17,44,24
2026-07-02,18,14,8
2026-07-02,19,19,7
2026-07-02,20,34,18
2026-07-02,21,50,21
2026-07-02,22,21,11
2026-07-02,23,23,13
2026-07-03,0,4,3
2026-07-03,2,7,4
2026-07-03,3,3,2
2026-07-03,4,12,8
2026-07-03,5,2,1
2026-07-03,6,34,10
2026-07-03,7,28,12
2026-07-03,8,39,22
2026-07-03,9,48,31
2026-07-03,10,56,29
2026-07-03,11,39,18
2026-07-03,12,31,18
2026-07-03,13,47,26
2026-07-03,14,30,18
2026-07-03,15,25,13
2026-07-03,16,46,21
2026-07-03,17,35,19
2026-07-03,18,16,10
2026-07-03,19,19,14
2026-07-03,20,18,10
2026-07-03,21,10,7
2026-07-03,22,9,5
2026-07-03,23,5,3
2026-07-04,0,14,5
2026-07-04,1,25,5
2026-07-04,2,10,3
2026-07-04,3,1,1
2026-07-04,5,1,1
2026-07-04,6,7,6
2026-07-04,7,4,4
2026-07-04,8,11,7
2026-07-04,9,11,6
2026-07-04,10,24,12
2026-07-04,11,21,14
2026-07-04,12,13,10
2026-07-04,13,26,6
2026-07-04,14,15,8
2026-07-04,15,10,8
2026-07-04,16,3,3
2026-07-04,17,19,5
2026-07-04,18,15,11
2026-07-04,19,20,9
2026-07-04,20,14,9
2026-07-04,21,16,8
2026-07-04,22,34,12
2026-07-04,23,6,1
2026-07-05,0,5,4
2026-07-05,1,6,3
2026-07-05,2,5,1
2026-07-05,4,2,2
2026-07-05,5,6,3
2026-07-05,6,5,3
2026-07-05,7,7,5
2026-07-05,8,11,9
2026-07-05,9,5,3
2026-07-05,10,4,4
2026-07-05,11,19,8
2026-07-05,12,20,10
2026-07-05,13,17,10
2026-07-05,14,25,11
2026-07-05,15,13,10
2026-07-05,16,14,8
2026-07-05,17,13,8
2026-07-05,18,10,8
2026-07-05,19,12,6
2026-07-05,20,31,12
2026-07-05,21,36,12
2026-07-05,22,15,8
2026-07-05,23,12,6
2026-07-06,0,7,3
2026-07-06,1,12,4
2026-07-06,2,6,3
2026-07-06,3,5,3
2026-07-06,4,4,2
2026-07-06,5,3,2
2026-07-06,6,10,7
2026-07-06,7,20,14
2026-07-06,8,30,16
2026-07-06,9,66,35
2026-07-06,10,62,35
2026-07-06,11,79,41
2026-07-06,12,49,25
2026-07-06,13,71,38
2026-07-06,14,47,27
2026-07-06,15,47,29
2026-07-06,16,34,18
2026-07-06,17,32,17
2026-07-06,18,20,10
2026-07-06,19,28,17
2026-07-06,20,31,12
2026-07-06,21,31,15
2026-07-06,22,27,14
2026-07-06,23,16,6
2026-07-07,0,10,6
2026-07-07,1,6,3
2026-07-07,2,4,2
2026-07-07,3,2,1
2026-07-07,4,5,2
2026-07-07,5,4,4
2026-07-07,6,22,11
2026-07-07,7,31,10
2026-07-07,8,43,27
2026-07-07,9,80,38
2026-07-07,10,55,30
2026-07-07,11,68,29
2026-07-07,12,29,18
2026-07-07,13,39,27
2026-07-07,14,61,30
2026-07-07,15,34,16
2026-07-07,16,45,20
2026-07-07,17,19,10
2026-07-07,18,31,16
2026-07-07,19,23,10
2026-07-07,20,21,12
2026-07-07,21,25,13
2026-07-07,22,43,15
2026-07-07,23,49,17
2026-07-08,0,15,5
2026-07-08,1,11,3
2026-07-08,3,12,5
2026-07-08,4,5,4
2026-07-08,5,2,1
2026-07-08,6,7,5
2026-07-08,7,13,8
2026-07-08,8,31,16
2026-07-08,9,49,25
2026-07-08,10,77,38
2026-07-08,11,99,43
2026-07-08,12,35,18
2026-07-08,13,63,36
2026-07-08,14,81,36
2026-07-08,15,27,17
2026-07-08,16,28,13
2026-07-08,17,31,16
2026-07-08,18,23,11
2026-07-08,19,36,18
2026-07-08,20,52,22
2026-07-08,21,14,10
2026-07-08,22,2,2
2026-07-08,23,11,6
2026-07-09,0,5,2
2026-07-09,1,7,4
2026-07-09,3,3,3
2026-07-09,4,11,5
2026-07-09,5,13,4
2026-07-09,6,8,2
2026-07-09,7,17,10
2026-07-09,8,40,24
2026-07-09,9,36,22
2026-07-09,10,54,28
2026-07-09,11,46,26
2026-07-09,12,45,23
2026-07-09,13,58,37
2026-07-09,14,64,30
2026-07-09,15,24,13
2026-07-09,16,14,11
2026-07-09,17,19,9
2026-07-09,18,21,9
2026-07-09,19,23,9
2026-07-09,20,28,14
2026-07-09,21,35,13
2026-07-09,22,27,6
2026-07-09,23,12,7
2026-07-10,0,4,2
2026-07-10,1,2,2
2026-07-10,2,7,4
2026-07-10,3,1,1
2026-07-10,4,6,3
2026-07-10,5,6,3
2026-07-10,6,8,3
2026-07-10,7,5,5
2026-07-10,8,19,13
2026-07-10,9,77,38
2026-07-10,10,59,30
2026-07-10,11,54,33
2026-07-10,12,31,18
2026-07-10,13,41,16
2026-07-10,14,32,17
2026-07-10,15,36,15
2026-07-10,16,17,10
2026-07-10,17,21,9
2026-07-10,18,20,12
2026-07-10,19,14,9
2026-07-10,20,18,11
2026-07-10,21,28,13
2026-07-10,22,18,7
2026-07-10,23,19,8
2026-07-11,0,2,2
2026-07-11,1,1,1
2026-07-11,2,1,1
2026-07-11,4,7,2
2026-07-11,5,2,2
2026-07-11,6,7,3
2026-07-11,7,10,7
2026-07-11,8,10,5
2026-07-11,9,17,7
2026-07-11,10,18,11
2026-07-11,11,22,14
2026-07-11,12,52,10
2026-07-11,13,36,12
2026-07-11,14,24,5
2026-07-11,15,23,8
2026-07-11,16,9,6
2026-07-11,17,10,5
2026-07-11,18,16,9
2026-07-11,19,11,7
2026-07-11,20,7,4
2026-07-11,21,9,5
2026-07-11,22,7,4
2026-07-11,23,2,0
2026-07-12,2,1,1
2026-07-12,4,1,1
2026-07-12,5,1,1
2026-07-12,6,9,5
2026-07-12,7,6,5
2026-07-12,8,8,6
2026-07-12,9,2,1
2026-07-12,10,35,13
2026-07-12,11,10,2
2026-07-12,12,12,7
2026-07-12,13,14,8
2026-07-12,14,20,13
2026-07-12,15,12,6
2026-07-12,16,7,5
2026-07-12,17,15,8
2026-07-12,18,32,14
2026-07-12,19,14,8
2026-07-12,20,31,13
2026-07-12,21,13,9
2026-07-12,22,23,10
2026-07-12,23,6,3
2026-07-13,0,5,1
2026-07-13,2,3,1
2026-07-13,3,2,2
2026-07-13,4,12,1
2026-07-13,6,9,6
2026-07-13,7,15,12
2026-07-13,8,25,16
2026-07-13,9,37,25
2026-07-13,10,52,30
2026-07-13,11,48,26
2026-07-13,12,60,28
2026-07-13,13,51,34
2026-07-13,14,47,25
2026-07-13,15,39,24
2026-07-13,16,40,18
2026-07-13,17,21,15
2026-07-13,18,50,26
2026-07-13,19,16,7
2026-07-13,20,61,14
2026-07-13,21,35,12
2026-07-13,22,25,13
2026-07-13,23,7,7
2026-07-14,0,9,5
2026-07-14,1,3,2
2026-07-14,2,5,4
2026-07-14,3,12,3
2026-07-14,4,7,4
2026-07-14,5,13,5
2026-07-14,6,8,5
2026-07-14,7,18,11
2026-07-14,8,27,17
2026-07-14,9,53,36
2026-07-14,10,76,39
2026-07-14,11,50,27
2026-07-14,12,32,23
2026-07-14,13,49,29
2026-07-14,14,94,39
2026-07-14,15,44,19
2026-07-14,16,24,15
2026-07-14,17,20,12
2026-07-14,18,20,10
2026-07-14,19,14,8
2026-07-14,20,20,10
2026-07-14,21,45,15
2026-07-14,22,18,9
2026-07-14,23,8,3
2026-07-15,0,1,1
2026-07-15,1,3,2
2026-07-15,2,3,3
2026-07-15,3,1,1
2026-07-15,4,4,2
2026-07-15,5,7,4
2026-07-15,6,17,9
2026-07-15,7,25,12
2026-07-15,8,29,15
2026-07-15,9,58,24
2026-07-15,10,52,25
2026-07-15,11,77,38
2026-07-15,12,57,23
2026-07-15,13,68,34
2026-07-15,14,68,29
2026-07-15,15,36,27
2026-07-15,16,29,16
2026-07-15,17,20,15
2026-07-15,18,29,16
2026-07-15,19,39,11
2026-07-15,20,23,12
2026-07-15,21,13,6
2026-07-15,22,19,8
2026-07-15,23,3,1
2026-07-16,0,2,1
2026-07-16,1,3,2
2026-07-16,2,1,1
2026-07-16,3,2,1
2026-07-16,5,1,1
2026-07-16,6,8,6
2026-07-16,7,16,8
2026-07-16,8,25,14
2026-07-16,9,53,25
2026-07-16,10,38,20
2026-07-16,11,68,35
2026-07-16,12,46,27
2026-07-16,13,48,32
2026-07-16,14,56,26
2026-07-16,15,52,29
2026-07-16,16,41,19
2026-07-16,17,34,20
2026-07-16,18,28,12
2026-07-16,19,23,15
2026-07-16,20,27,14
2026-07-16,21,16,10
2026-07-16,22,14,12
2026-07-16,23,10,7
2026-07-17,0,16,6
2026-07-17,1,9,2
2026-07-17,2,1,1
2026-07-17,3,6,4
2026-07-17,4,3,1
2026-07-17,5,4,4
2026-07-17,6,7,4
2026-07-17,7,17,14
2026-07-17,8,34,15
2026-07-17,9,29,19
2026-07-17,10,70,38
2026-07-17,11,42,27
2026-07-17,12,28,23
2026-07-17,13,61,27
2026-07-17,14,19,14
2026-07-17,15,34,21
2026-07-17,16,40,17
2026-07-17,17,28,15
2026-07-17,18,22,14
2026-07-17,19,14,9
2026-07-17,20,18,10
2026-07-17,21,19,11
2026-07-17,22,32,8
2026-07-17,23,4,2
2026-07-18,0,19,4
2026-07-18,1,7,1
2026-07-18,2,3,2
2026-07-18,4,3,2
2026-07-18,5,11,5
2026-07-18,6,4,4
2026-07-18,7,11,7
2026-07-18,8,9,5
2026-07-18,9,27,11
2026-07-18,10,15,10
2026-07-18,11,28,7
2026-07-18,12,38,15
2026-07-18,13,37,14
2026-07-18,14,7,3
2026-07-18,15,36,15
2026-07-18,16,29,12
2026-07-18,17,39,11
2026-07-18,18,21,8
2026-07-18,19,15,6
2026-07-18,20,18,8
2026-07-18,21,18,8
2026-07-18,22,9,5
2026-07-18,23,17,11
2026-07-19,0,2,2
2026-07-19,1,2,1
2026-07-19,3,6,3
2026-07-19,4,6,2
2026-07-19,5,2,1
2026-07-19,6,2,2
2026-07-19,7,16,8
2026-07-19,8,9,4
2026-07-19,9,13,9
2026-07-19,10,5,2
2026-07-19,11,15,7
2026-07-19,12,37,9
2026-07-19,13,12,7
2026-07-19,14,24,11
2026-07-19,15,4,2
2026-07-19,16,20,12
2026-07-19,17,19,9
2026-07-19,18,24,13
2026-07-19,19,27,17
2026-07-19,20,21,10
2026-07-19,21,8,5
2026-07-19,22,11,5
2026-07-19,23,5,4
2026-07-20,0,8,4
2026-07-20,6,4,4
2026-07-20,7,12,6
2026-07-20,8,17,10
2026-07-20,9,50,30
2026-07-20,10,72,38
2026-07-20,11,52,32
2026-07-20,12,47,26
2026-07-20,13,69,34
2026-07-20,14,63,34
2026-07-20,15,51,31
2026-07-20,16,44,25
2026-07-20,17,20,16
2026-07-20,18,48,19
2026-07-20,19,15,9
2026-07-20,20,36,13
2026-07-20,21,22,8
2026-07-20,22,41,12
2026-07-20,23,12,5
2026-07-21,0,10,4
2026-07-21,1,4,2
2026-07-21,3,4,3
2026-07-21,4,1,1
2026-07-21,5,6,3
2026-07-21,6,13,6
2026-07-21,7,17,12
2026-07-21,8,41,23
2026-07-21,9,58,32
2026-07-21,10,42,24
2026-07-21,11,58,33
2026-07-21,12,67,36
2026-07-21,13,60,36
2026-07-21,14,82,42
2026-07-21,15,70,33
2026-07-21,16,28,18
2026-07-21,17,24,16
2026-07-21,18,36,18
2026-07-21,19,25,11
2026-07-21,20,34,16
2026-07-21,21,21,14
2026-07-21,22,12,7
2026-07-21,23,24,9
2026-07-22,0,7,2
2026-07-22,1,6,2
2026-07-22,2,9,4
2026-07-22,3,3,2
2026-07-22,4,5,3
2026-07-22,5,5,5
2026-07-22,6,12,8
2026-07-22,7,26,13
2026-07-22,8,29,13
2026-07-22,9,61,34
2026-07-22,10,65,30
2026-07-22,11,60,34
2026-07-22,12,50,29
2026-07-22,13,64,35
2026-07-22,14,73,36
2026-07-22,15,48,27
2026-07-22,16,38,17
2026-07-22,17,38,17
2026-07-22,18,47,18
2026-07-22,19,22,10
2026-07-22,20,20,12
2026-07-22,21,43,17
2026-07-22,22,19,9
2026-07-22,23,16,9
2026-07-23,0,1,1
2026-07-23,1,15,7
2026-07-23,2,9,5
2026-07-23,3,3,2
2026-07-23,5,14,8
2026-07-23,6,28,16
2026-07-23,7,18,11
2026-07-23,8,72,27
2026-07-23,9,68,36
2026-07-23,10,39,22
2026-07-23,11,51,29
2026-07-23,12,40,22
2026-07-23,13,63,34
2026-07-23,14,64,38
2026-07-23,15,33,18
2026-07-23,16,41,22
2026-07-23,17,26,16
2026-07-23,18,28,14
2026-07-23,19,29,17
2026-07-23,20,14,8
2026-07-23,21,20,15
2026-07-23,22,12,8
2026-07-23,23,7,5
2026-07-24,0,17,6
2026-07-24,1,1,0
2026-07-24,2,3,2
2026-07-24,3,1,1
2026-07-24,4,5,4
2026-07-24,5,10,6
2026-07-24,6,7,4
2026-07-24,7,21,9
2026-07-24,8,43,26
2026-07-24,9,58,35
2026-07-24,10,38,24
2026-07-24,11,48,26
2026-07-24,12,38,20
2026-07-24,13,62,31
2026-07-24,14,38,29
2026-07-24,15,35,20
2026-07-24,16,22,14
2026-07-24,17,11,5
2026-07-24,18,38,14
2026-07-24,19,24,11
2026-07-24,20,25,14
2026-07-24,21,22,11
2026-07-24,22,30,16
2026-07-24,23,13,5
2026-07-25,0,2,1
2026-07-25,1,3,3
2026-07-25,2,3,3
2026-07-25,3,3,1
2026-07-25,4,4,2
2026-07-25,5,4,3
2026-07-25,6,8,5
2026-07-25,7,13,6
2026-07-25,8,10,8
2026-07-25,9,29,11
2026-07-25,10,23,6
2026-07-25,11,22,11
2026-07-25,12,25,13
2026-07-25,13,22,8
2026-07-25,14,26,13
2026-07-25,15,19,8
2026-07-25,16,13,8
2026-07-25,17,20,10
2026-07-25,18,13,9
2026-07-25,19,18,9
2026-07-25,20,13,9
2026-07-25,21,7,5
2026-07-25,22,5,3
2026-07-25,23,7,3
2026-07-26,0,8,4
2026-07-26,1,5,3
2026-07-26,3,1,1
2026-07-26,5,3,2
2026-07-26,6,8,5
2026-07-26,7,29,12
2026-07-26,8,21,6
2026-07-26,9,16,10
2026-07-26,10,25,12
2026-07-26,11,12,5
2026-07-26,12,17,11
2026-07-26,13,10,6
2026-07-26,14,23,5
2026-07-26,15,15,6
2026-07-26,16,24,12
2026-07-26,17,14,9
2026-07-26,18,23,15
2026-07-26,19,29,12
2026-07-26,20,41,17
2026-07-26,21,19,9
2026-07-26,22,15,7
2026-07-26,23,5,3
2026-07-27,0,2,1
2026-07-27,1,6,2
2026-07-27,2,1,1
2026-07-27,3,6,3
2026-07-27,4,7,2
2026-07-27,5,16,5
2026-07-27,6,4,3
2026-07-27,7,6,5
2026-07-27,8,26,16
2026-07-27,9,68,33
2026-07-27,10,57,33
2026-07-27,11,69,33
2026-07-27,12,53,31
2026-07-27,13,55,34
2026-07-27,14,52,32
2026-07-27,15,53,26
2026-07-27,16,44,26
2026-07-27,17,38,20
2026-07-27,18,13,8
2026-07-27,19,26,14
2026-07-27,20,46,21
2026-07-27,21,30,13
2026-07-27,22,19,11
2026-07-27,23,13,6
2026-07-28,0,17,7
2026-07-28,1,2,2
2026-07-28,2,1,1
2026-07-28,4,12,5
2026-07-28,5,9,5
2026-07-28,6,7,4
2026-07-28,7,19,11
2026-07-28,8,53,25
2026-07-28,9,77,42
2026-07-28,10,66,36
2026-07-28,11,69,36
2026-07-28,12,68,34
2026-07-28,13,71,44
2026-07-28,14,76,38
2026-07-28,15,42,23
2026-07-28,16,33,14
2026-07-28,17,31,14
2026-07-28,18,20,10
2026-07-28,19,42,23
2026-07-28,20,25,21
2026-07-28,21,18,8
2026-07-28,22,23,10
2026-07-28,23,13,6
2026-07-29,0,8,4
2026-07-29,2,7,4
2026-07-29,3,4,2
2026-07-29,4,7,4
2026-07-29,5,9,4
2026-07-29,6,6,3
2026-07-29,7,14,8
2026-07-29,8,35,24
2026-07-29,9,48,29
2026-07-29,10,50,33
2026-07-29,11,48,25
2026-07-29,12,47,25
2026-07-29,13,44,32
2026-07-29,14,75,34
2026-07-29,15,64,29
2026-07-29,16,23,12
2026-07-29,17,33,20
2026-07-29,18,32,16
2026-07-29,19,29,20
2026-07-29,20,30,15
2026-07-29,21,22,15
2026-07-29,22,24,11
2026-07-29,23,8,6
2026-07-30,0,1,1
2026-07-30,1,3,1
2026-07-30,3,6,3
2026-07-30,4,5,2
2026-07-30,6,14,8
2026-07-30,7,20,13
2026-07-30,8,19,12
2026-07-30,9,53,30
2026-07-30,10,60,37
2026-07-30,11,27,14
2026-07-30,12,51,28
2026-07-30,13,58,28
2026-07-30,14,40,20
2026-07-30,15,47,24
2026-07-30,16,28,15
2026-07-30,17,24,15
2026-07-30,18,20,11
2026-07-30,19,51,22
2026-07-30,20,18,10
2026-07-30,21,24,11
2026-07-30,22,36,12
2026-07-30,23,8,4
2026-07-31,0,7,2
2026-07-31,1,13,5
2026-07-31,2,3,1
2026-07-31,3,3,1
2026-07-31,4,5,4
2026-07-31,5,2,2
2026-07-31,6,5,3
2026-07-31,7,16,7
2026-07-31,8,37,17
2026-07-31,9,29,15
2026-07-31,10,26,17
2026-07-31,11,44,24
2026-07-31,12,54,27
2026-07-31,13,23,14
2026-07-31,14,33,22
2026-07-31,15,38,16
2026-07-31,16,43,19
2026-07-31,17,23,11
2026-07-31,18,30,14
2026-07-31,19,23,10
2026-07-31,20,8,3
2026-07-31,21,35,11
2026-07-31,22,30,16
2026-07-31,23,17,6
2026-08-01,0,12,5
2026-08-01,1,9,6
2026-08-01,2,1,1
2026-08-01,3,3,2
2026-08-01,4,3,2
2026-08-01,5,1,1
2026-08-01,6,3,2
2026-08-01,7,7,6
2026-08-01,8,16,7
2026-08-01,9,28,16
2026-08-01,10,32,11
2026-08-01,11,18,8
2026-08-01,12,37,16
2026-08-01,13,16,10
2026-08-01,14,15,8
2026-08-01,15,16,9
2026-08-01,16,12,5
2026-08-01,17,22,9
2026-08-01,18,13,9
2026-08-01,19,36,6
2026-08-01,20,11,4
2026-08-01,21,19,11
2026-08-01,22,24,10
2026-08-01,23,12,6
2026-08-02,0,9,4
2026-08-02,1,2,1
2026-08-02,2,1,1
2026-08-02,3,1,1
2026-08-02,4,4,2
2026-08-02,5,5,2
2026-08-02,6,6,4
2026-08-02,7,9,8
2026-08-02,8,12,7
2026-08-02,9,12,7
2026-08-02,10,14,8
2026-08-02,11,18,7
2026-08-02,12,16,9
2026-08-02,13,19,12
2026-08-02,14,15,9
2026-08-02,15,11,6
2026-08-02,16,16,8
2026-08-02,17,21,10
2026-08-02,18,13,9
2026-08-02,19,20,9
2026-08-02,20,17,7
2026-08-02,21,17,13
2026-08-02,22,12,4
2026-08-02,23,7,4
2026-08-03,0,7,3
2026-08-03,1,2,2
2026-08-03,2,5,3
2026-08-03,3,8,4
2026-08-03,4,2,2
2026-08-03,6,8,6
2026-08-03,7,14,6
2026-08-03,8,10,7
2026-08-03,9,14,7
2026-08-03,10,16,12
2026-08-03,11,38,20
2026-08-03,12,24,11
2026-08-03,13,52,27
2026-08-03,14,28,14
2026-08-03,15,24,11
2026-08-03,16,20,13
2026-08-03,17,37,19
2026-08-03,18,43,17
2026-08-03,19,16,9
2026-08-03,20,17,13
2026-08-03,21,29,15
2026-08-03,22,16,7
2026-08-03,23,10,3
2026-08-04,0,4,2
2026-08-04,1,5,2
2026-08-04,2,2,1
2026-08-04,3,3,2
2026-08-04,4,4,4
2026-08-04,5,1,1
2026-08-04,6,12,8
2026-08-04,7,22,9
2026-08-04,8,24,15
2026-08-04,9,56,31
2026-08-04,10,93,48
2026-08-04,11,70,36
2026-08-04,12,36,21
2026-08-04,13,67,38
2026-08-04,14,54,32
2026-08-04,15,57,26
2026-08-04,16,47,27
2026-08-04,17,26,12
2026-08-04,18,56,15
2026-08-04,19,28,14
2026-08-04,20,28,15
2026-08-04,21,32,18
2026-08-04,22,21,10
2026-08-04,23,10,6
2026-08-05,0,7,3
2026-08-05,1,2,1
2026-08-05,2,1,1
2026-08-05,3,2,2
2026-08-05,4,1,1
2026-08-05,5,5,2
2026-08-05,6,8,5
2026-08-05,7,14,7
2026-08-05,8,43,19
2026-08-05,9,52,27
2026-08-05,10,65,32
2026-08-05,11,67,32
2026-08-05,12,42,23
2026-08-05,13,56,32
2026-08-05,14,67,38
2026-08-05,15,52,25
2026-08-05,16,42,21
2026-08-05,17,30,14
2026-08-05,18,36,16
2026-08-05,19,38,23
2026-08-05,20,36,19
2026-08-05,21,29,17
2026-08-05,22,36,15
2026-08-05,23,10,7
2026-08-06,0,11,6
2026-08-06,1,6,3
2026-08-06,2,10,5
2026-08-06,3,11,3
2026-08-06,4,4,2
2026-08-06,6,3,3
2026-08-06,7,20,14
2026-08-06,8,56,23
2026-08-06,9,59,32
2026-08-06,10,47,31
2026-08-06,11,57,32
2026-08-06,12,48,26
2026-08-06,13,38,24
2026-08-06,14,56,30
2026-08-06,15,32,22
2026-08-06,16,30,12
2026-08-06,17,15,8
2026-08-06,18,37,16
2026-08-06,19,32,17
2026-08-06,20,37,20
2026-08-06,21,32,18
2026-08-06,22,22,9
2026-08-06,23,10,7
2026-08-07,0,5,4
2026-08-07,1,19,7
2026-08-07,2,2,2
2026-08-07,4,3,3
2026-08-07,5,7,2
2026-08-07,6,5,3
2026-08-07,7,29,14
2026-08-07,8,45,25
2026-08-07,9,55,24
2026-08-07,10,53,27
2026-08-07,11,49,32
2026-08-07,12,53,31
2026-08-07,13,22,15
2026-08-07,14,48,23
2026-08-07,15,28,16
2026-08-07,16,31,16
2026-08-07,17,23,13
2026-08-07,18,56,19
2026-08-07,19,41,22
2026-08-07,20,15,9
2026-08-07,21,7,6
2026-08-07,22,13,4
2026-08-07,23,10,6
2026-08-08,0,25,7
2026-08-08,1,6,3
2026-08-08,2,2,1
2026-08-08,3,2,2
2026-08-08,4,4,3
2026-08-08,5,5,3
2026-08-08,6,9,4
2026-08-08,7,15,10
2026-08-08,8,5,5
2026-08-08,9,30,13
2026-08-08,10,11,8
2026-08-08,11,25,12
2026-08-08,12,25,8
2026-08-08,13,13,7
2026-08-08,14,24,14
2026-08-08,15,15,10
2026-08-08,16,9,6
2026-08-08,17,17,10
2026-08-08,18,30,16
2026-08-08,19,25,12
2026-08-08,20,32,13
2026-08-08,21,12,6
2026-08-08,22,25,11
2026-08-08,23,18,6
2026-08-09,0,2,1
2026-08-09,1,6,5
2026-08-09,2,2,2
2026-08-09,3,6,5
2026-08-09,4,2,1
2026-08-09,5,1,1
2026-08-09,6,8,4
2026-08-09,7,23,11
2026-08-09,8,19,10
2026-08-09,9,12,7
2026-08-09,10,10,7
2026-08-09,11,26,11
2026-08-09,12,21,8
2026-08-09,13,17,9
2026-08-09,14,22,11
2026-08-09,15,20,13
2026-08-09,16,6,5
2026-08-09,17,16,10
2026-08-09,18,15,8
2026-08-09,19,24,10
2026-08-09,20,30,20
2026-08-09,21,11,8
2026-08-09,22,12,3
2026-08-09,23,12,7
2026-08-10,0,9,7
2026-08-10,1,7,2
2026-08-10,2,8,4
2026-08-10,3,11,5
2026-08-10,4,6,3
2026-08-10,5,7,3
2026-08-10,6,4,2
2026-08-10,7,19,12
2026-08-10,8,60,28
2026-08-10,9,57,32
2026-08-10,10,76,35
2026-08-10,11,75,40
2026-08-10,12,65,30
2026-08-10,13,85,47
2026-08-10,14,45,25
2026-08-10,15,54,30
2026-08-10,16,52,29
2026-08-10,17,35,20
2026-08-10,18,31,15
2026-08-10,19,43,18
2026-08-10,20,23,15
2026-08-10,21,25,14
2026-08-10,22,27,13
2026-08-10,23,15,4
2026-08-11,0,14,8
2026-08-11,1,11,1
2026-08-11,2,1,1
2026-08-11,4,1,1
2026-08-11,6,24,11
2026-08-11,7,16,10
2026-08-11,8,36,26
2026-08-11,9,64,38
2026-08-11,10,54,28
2026-08-11,11,52,35
2026-08-11,12,52,33
2026-08-11,13,42,28
2026-08-11,14,62,37
2026-08-11,15,65,36
2026-08-11,16,47,22
2026-08-11,17,32,14
2026-08-11,18,38,18
2026-08-11,19,40,17
2026-08-11,20,25,14
2026-08-11,21,39,23
2026-08-11,22,15,9
2026-08-11,23,11,7
2026-08-12,0,7,2
2026-08-12,1,1,1
2026-08-12,2,2,2
2026-08-12,3,4,3
2026-08-12,5,11,5
2026-08-12,6,26,13
2026-08-12,7,23,13
2026-08-12,8,53,23
2026-08-12,9,48,28
2026-08-12,10,52,31
2026-08-12,11,49,23
2026-08-12,12,46,21
2026-08-12,13,41,22
2026-08-12,14,60,33
2026-08-12,15,29,17
2026-08-12,16,27,15
2026-08-12,17,20,13
2026-08-12,18,50,18
2026-08-12,19,30,14
2026-08-12,20,41,18
2026-08-12,21,28,10
2026-08-12,22,16,6
2026-08-12,23,7,7
2026-08-13,0,17,9
2026-08-13,1,10,3
2026-08-13,2,8,3
2026-08-13,3,3,2
2026-08-13,5,9,6
2026-08-13,6,19,7
2026-08-13,7,15,10
2026-08-13,8,29,15
2026-08-13,9,74,39
2026-08-13,10,79,37
2026-08-13,11,42,23
2026-08-13,12,27,16
2026-08-13,13,54,40
2026-08-13,14,39,26
2026-08-13,15,38,21
2026-08-13,16,61,33
2026-08-13,17,34,21
2026-08-13,18,21,13
2026-08-13,19,14,13
2026-08-13,20,17,10
2026-08-13,21,21,12
2026-08-13,22,19,9
2026-08-13,23,11,7
2026-08-14,0,18,11
2026-08-14,1,9,6
2026-08-14,3,1,1
2026-08-14,4,1,1
2026-08-14,5,11,6
2026-08-14,6,1,1
2026-08-14,7,21,8
2026-08-14,8,35,18
2026-08-14,9,66,29
2026-08-14,10,65,40
2026-08-14,11,58,30
2026-08-14,12,55,19
2026-08-14,13,51,28
2026-08-14,14,37,24
2026-08-14,15,32,18
2026-08-14,16,35,12
2026-08-14,17,20,9
2026-08-14,18,26,13
2026-08-14,19,11,6
2026-08-14,20,28,11
2026-08-14,21,9,7
2026-08-14,22,22,14
2026-08-14,23,8,4
2026-08-15,1,1,1
2026-08-15,2,5,2
2026-08-15,3,2,2
2026-08-15,4,10,2
2026-08-15,5,9,4
2026-08-15,6,3,2
2026-08-15,7,16,9
2026-08-15,8,20,12
2026-08-15,9,34,6
2026-08-15,10,23,10
2026-08-15,11,13,9
2026-08-15,12,23,10
2026-08-15,13,6,6
2026-08-15,14,19,10
2026-08-15,15,14,7
2026-08-15,16,25,7
2026-08-15,17,17,12
2026-08-15,18,4,3
2026-08-15,19,11,6
2026-08-15,20,19,11
2026-08-15,21,24,10
2026-08-15,22,9,6
2026-08-15,23,13,7
2026-08-16,0,2,1
2026-08-16,1,2,2
2026-08-16,2,5,0
2026-08-16,3,4,2
2026-08-16,5,2,2
2026-08-16,6,11,6
2026-08-16,7,10,4
2026-08-16,8,8,3
2026-08-16,9,11,5
2026-08-16,10,36,16
2026-08-16,11,24,11
2026-08-16,12,16,10
2026-08-16,13,15,9
2026-08-16,14,22,12
2026-08-16,15,26,13
2026-08-16,16,16,12
2026-08-16,17,25,14
2026-08-16,18,24,12
2026-08-16,19,30,13
2026-08-16,20,16,9
2026-08-16,21,29,11
2026-08-16,22,18,10
2026-08-16,23,6,4
2026-08-17,0,2,2
2026-08-17,1,4,3
2026-08-17,2,2,1
2026-08-17,3,4,3
2026-08-17,4,3,1
2026-08-17,5,4,3
2026-08-17,6,6,1
2026-08-17,7,14,7
2026-08-17,8,39,22
2026-08-17,9,76,34
2026-08-17,10,73,38
2026-08-17,11,44,32
2026-08-17,12,60,27
2026-08-17,13,49,29
2026-08-17,14,85,50
2026-08-17,15,75,38
2026-08-17,16,37,14
2026-08-17,17,20,14
2026-08-17,18,46,21
2026-08-17,19,11,9
2026-08-17,20,31,14
2026-08-17,21,41,25
2026-08-17,22,6,5
2026-08-17,23,16,9
2026-08-18,0,4,3
2026-08-18,1,12,4
2026-08-18,2,6,4
2026-08-18,3,3,1
2026-08-18,4,2,1
2026-08-18,5,1,1
2026-08-18,6,3,3
2026-08-18,7,24,13
2026-08-18,8,27,18
2026-08-18,9,51,31
2026-08-18,10,54,32
2026-08-18,11,65,38
2026-08-18,12,54,32
2026-08-18,13,96,55
2026-08-18,14,57,35
2026-08-18,15,48,25
2026-08-18,16,60,31
2026-08-18,17,33,22
2026-08-18,18,40,23
2026-08-18,19,34,22
2026-08-18,20,31,17
2026-08-18,21,25,10
2026-08-18,22,16,10
2026-08-18,23,18,8
2026-08-19,0,14,9
2026-08-19,1,7,4
2026-08-19,2,5,2
2026-08-19,3,1,1
2026-08-19,5,6,3
2026-08-19,6,13,6
2026-08-19,7,12,8
2026-08-19,8,42,27
2026-08-19,9,67,32
2026-08-19,10,43,33
2026-08-19,11,70,36
2026-08-19,12,47,25
2026-08-19,13,47,31
2026-08-19,14,58,37
2026-08-19,15,60,30
2026-08-19,16,49,16
2026-08-19,17,36,18
2026-08-19,18,36,14
2026-08-19,19,41,21
2026-08-19,20,26,15
2026-08-19,21,24,13
2026-08-19,22,11,7
2026-08-19,23,14,7
2026-08-20,0,2,2
2026-08-20,1,3,3
2026-08-20,2,2,1
2026-08-20,3,12,3
2026-08-20,4,4,2
2026-08-20,5,3,3
2026-08-20,6,8,3
2026-08-20,7,18,13
2026-08-20,8,45,23
2026-08-20,9,44,29
2026-08-20,10,62,30
2026-08-20,11,72,40
2026-08-20,12,61,25
2026-08-20,13,48,20
2026-08-20,14,44,22
2026-08-20,15,40,26
2026-08-20,16,49,21
2026-08-20,17,32,17
2026-08-20,18,18,8
2026-08-20,19,39,19
2026-08-20,20,23,12
2026-08-20,21,23,7
2026-08-20,22,15,9
2026-08-20,23,26,10
2026-08-21,0,11,4
2026-08-21,1,4,4
2026-08-21,2,23,3
2026-08-21,3,1,1
2026-08-21,4,10,2
2026-08-21,5,6,3
2026-08-21,6,20,10
2026-08-21,7,19,14
2026-08-21,8,25,17
2026-08-21,9,59,34
2026-08-21,10,39,22
2026-08-21,11,40,25
2026-08-21,12,27,16
2026-08-21,13,37,23
2026-08-21,14,46,25
2026-08-21,15,18,13
2026-08-21,16,43,20
2026-08-21,17,24,14
2026-08-21,18,7,5
2026-08-21,19,21,14
2026-08-21,20,22,11
2026-08-21,21,19,11
2026-08-21,22,15,8
2026-08-21,23,4,3
2026-08-22,0,3,2
2026-08-22,1,4,2
2026-08-22,2,1,1
2026-08-22,3,3,2
2026-08-22,6,13,5
2026-08-22,7,5,4
2026-08-22,8,6,5
2026-08-22,9,26,14
2026-08-22,10,14,7
2026-08-22,11,19,12
2026-08-22,12,11,9
2026-08-22,13,25,9
2026-08-22,14,24,15
2026-08-22,15,19,12
2026-08-22,16,14,11
2026-08-22,17,4,2
2026-08-22,18,7,5
2026-08-22,19,26,13
2026-08-22,20,18,8
2026-08-22,21,15,7
2026-08-22,22,10,5
2026-08-22,23,15,7
2026-08-23,1,8,2
2026-08-23,2,6,2
2026-08-23,4,1,1
2026-08-23,5,3,2
2026-08-23,6,1,0
2026-08-23,7,13,6
2026-08-23,8,16,9
2026-08-23,9,14,10
2026-08-23,10,21,13
2026-08-23,11,12,6
2026-08-23,12,24,14
2026-08-23,13,8,6
2026-08-23,14,21,12
2026-08-23,15,15,9
2026-08-23,16,39,13
2026-08-23,17,32,15
2026-08-23,18,18,9
2026-08-23,19,29,16
2026-08-23,20,21,11
2026-08-23,21,27,16
2026-08-23,22,24,11
2026-08-23,23,11,7
2026-08-24,0,16,4
2026-08-24,1,2,2
2026-08-24,2,6,5
2026-08-24,3,3,3
2026-08-24,4,5,3
2026-08-24,5,1,1
2026-08-24,6,6,5
2026-08-24,7,17,7
2026-08-24,8,40,24
2026-08-24,9,40,25
2026-08-24,10,61,32
2026-08-24,11,40,25
2026-08-24,12,45,32
2026-08-24,13,78,41
2026-08-24,14,77,37
2026-08-24,15,70,39
2026-08-24,16,32,20
2026-08-24,17,45,26
2026-08-24,18,33,10
2026-08-24,19,29,17
2026-08-24,20,35,18
2026-08-24,21,27,15
2026-08-24,22,29,14
2026-08-24,23,5,3
2026-08-25,0,16,7
2026-08-25,1,7,4
2026-08-25,2,1,1
2026-08-25,3,3,3
2026-08-25,5,4,4
2026-08-25,6,15,9
2026-08-25,7,23,9
2026-08-25,8,38,29
2026-08-25,9,61,37
2026-08-25,10,60,41
2026-08-25,11,52,30
2026-08-25,12,59,29
2026-08-25,13,54,34
2026-08-25,14,53,34
2026-08-25,15,53,25
2026-08-25,16,42,21
2026-08-25,17,25,13
2026-08-25,18,32,18
2026-08-25,19,48,14
2026-08-25,20,19,16
2026-08-25,21,38,18
2026-08-25,22,22,8
2026-08-25,23,8,6
2026-08-26,0,12,6
2026-08-26,1,1,1
2026-08-26,3,14,3
2026-08-26,4,6,5
2026-08-26,5,10,2
2026-08-26,6,14,6
2026-08-26,7,25,12
2026-08-26,8,32,18
2026-08-26,9,56,35
2026-08-26,10,61,32
2026-08-26,11,80,40
2026-08-26,12,64,30
2026-08-26,13,70,35
2026-08-26,14,49,31
2026-08-26,15,54,28
2026-08-26,16,30,16
2026-08-26,17,28,13
2026-08-26,18,47,27
2026-08-26,19,14,9
2026-08-26,20,37,15
2026-08-26,21,24,14
2026-08-26,22,29,9
2026-08-26,23,49,8
2026-08-27,0,3,1
2026-08-27,1,17,3
2026-08-27,2,24,4
2026-08-27,3,2,2
2026-08-27,4,11,3
2026-08-27,5,15,7
2026-08-27,6,8,5
2026-08-27,7,24,18
2026-08-27,8,44,28
2026-08-27,9,65,38
2026-08-27,10,46,27
2026-08-27,11,67,36
2026-08-27,12,53,28
2026-08-27,13,61,43
2026-08-27,14,70,36
2026-08-27,15,33,25
2026-08-27,16,30,12
2026-08-27,17,39,19
2026-08-27,18,42,16
2026-08-27,19,32,12
2026-08-27,20,42,19
2026-08-27,21,21,10
2026-08-27,22,23,6
2026-08-27,23,22,10
2026-08-28,0,22,4
2026-08-28,1,1,1
2026-08-28,2,8,4
2026-08-28,3,1,1
2026-08-28,4,8,4
2026-08-28,5,1,1
2026-08-28,6,8,4
2026-08-28,7,6,3
2026-08-28,8,33,22
2026-08-28,9,24,19
2026-08-28,10,59,32
2026-08-28,11,58,33
2026-08-28,12,31,18
2026-08-28,13,46,29
2026-08-28,14,43,25
2026-08-28,15,31,23
2026-08-28,16,24,11
2026-08-28,17,30,18
2026-08-28,18,37,12
2026-08-28,19,9,4
2026-08-28,20,25,11
2026-08-28,21,15,12
2026-08-28,22,23,9
2026-08-28,23,14,2
2026-08-29,0,9,5
2026-08-29,1,5,3
2026-08-29,2,1,1
2026-08-29,3,5,4
2026-08-29,4,10,4
2026-08-29,5,3,1
2026-08-29,6,3,2
2026-08-29,7,9,6
2026-08-29,8,39,17
2026-08-29,9,29,14
2026-08-29,10,44,23
2026-08-29,11,22,13
2026-08-29,12,17,12
2026-08-29,13,22,12
2026-08-29,14,31,11
2026-08-29,15,14,11
2026-08-29,16,31,10
2026-08-29,17,20,11
2026-08-29,18,27,11
2026-08-29,19,13,8
2026-08-29,20,23,11
2026-08-29,21,15,8
2026-08-29,22,9,5
2026-08-29,23,13,8
2026-08-30,0,19,8
2026-08-30,1,17,4
2026-08-30,2,2,2
2026-08-30,3,4,2
2026-08-30,4,1,1
2026-08-30,5,3,1
2026-08-30,6,8,6
2026-08-30,7,3,2
2026-08-30,8,11,6
2026-08-30,9,21,11
2026-08-30,10,21,13
2026-08-30,11,25,14
2026-08-30,12,14,5
2026-08-30,13,17,7
2026-08-30,14,34,15
2026-08-30,15,28,18
2026-08-30,16,19,10
2026-08-30,17,33,14
2026-08-30,18,20,12
2026-08-30,19,39,19
2026-08-30,20,29,19
2026-08-30,21,27,11
2026-08-30,22,28,10
2026-08-30,23,26,9
2026-08-31,0,6,2
2026-08-31,1,4,2
2026-08-31,2,2,1
2026-08-31,3,3,1
2026-08-31,4,1,1
2026-08-31,5,2,2
2026-08-31,6,25,11
2026-08-31,7,17,10
2026-08-31,8,45,25
2026-08-31,9,47,27
2026-08-31,10,68,41
2026-08-31,11,62,36
2026-08-31,12,61,28
2026-08-31,13,62,36
2026-08-31,14,56,30
2026-08-31,15,78,35
2026-08-31,16,30,20
2026-08-31,17,20,12
2026-08-31,18,25,14
2026-08-31,19,43,21
2026-08-31,20,44,19
2026-08-31,21,19,13
2026-08-31,22,16,10
2026-08-31,23,13,6
2026-09-01,0,10,5
2026-09-01,1,6,1
2026-09-01,3,2,2
2026-09-01,4,12,3
2026-09-01,5,3,3
2026-09-01,6,13,8
2026-09-01,7,28,9
2026-09-01,8,25,16
2026-09-01,9,65,38
2026-09-01,10,70,41
2026-09-01,11,63,38
2026-09-01,12,42,20
2026-09-01,13,73,40
2026-09-01,14,72,37
2026-09-01,15,49,25
2026-09-01,16,25,17
2026-09-01,17,44,23
2026-09-01,18,23,12
2026-09-01,19,26,11
2026-09-01,20,27,15
2026-09-01,21,32,14
2026-09-01,22,31,12
2026-09-01,23,20,10
2026-09-02,0,10,5
2026-09-02,1,10,6
2026-09-02,3,10,5
2026-09-02,4,1,1
2026-09-02,5,4,2
2026-09-02,6,10,5
2026-09-02,7,19,11
2026-09-02,8,35,21
2026-09-02,9,43,27
2026-09-02,10,57,29
2026-09-02,11,69,38
2026-09-02,12,54,27
2026-09-02,13,77,43
2026-09-02,14,93,43
2026-09-02,15,64,38
2026-09-02,16,48,30
2026-09-02,17,46,23
2026-09-02,18,29,19
2026-09-02,19,19,13
2026-09-02,20,49,22
2026-09-02,21,35,19
2026-09-02,22,17,12
2026-09-02,23,8,5
2026-09-03,0,6,3
2026-09-03,1,8,5
2026-09-03,2,3,2
2026-09-03,3,3,1
2026-09-03,4,3,2
2026-09-03,5,3,3
2026-09-03,6,11,8
2026-09-03,7,23,11
2026-09-03,8,49,23
2026-09-03,9,51,32
2026-09-03,10,76,41
2026-09-03,11,74,40
2026-09-03,12,30,18
2026-09-03,13,49,34
2026-09-03,14,61,37
2026-09-03,15,38,20
2026-09-03,16,41,26
2026-09-03,17,30,16
2026-09-03,18,41,19
2026-09-03,19,19,12
2026-09-03,20,24,16
2026-09-03,21,34,13
2026-09-03,22,24,13
2026-09-03,23,20,7
2026-09-04,0,6,3
2026-09-04,1,7,2
2026-09-04,2,8,4
2026-09-04,3,7,5
2026-09-04,4,4,2
2026-09-04,6,11,5
2026-09-04,7,21,14
2026-09-04,8,37,22
2026-09-04,9,54,31
2026-09-04,10,54,30
2026-09-04,11,55,28
2026-09-04,12,56,24
2026-09-04,13,50,24
2026-09-04,14,59,39
2026-09-04,15,48,18
2026-09-04,16,49,16
2026-09-04,17,34,16
2026-09-04,18,39,20
2026-09-04,19,28,13
2026-09-04,20,16,8
2026-09-04,21,30,13
2026-09-04,22,17,9
2026-09-04,23,4,2
2026-09-05,0,10,3
2026-09-05,1,7,3
2026-09-05,2,4,1
2026-09-05,3,3,2
2026-09-05,4,3,1
2026-09-05,6,10,6
2026-09-05,7,10,9
2026-09-05,8,49,9
2026-09-05,9,12,9
2026-09-05,10,21,10
2026-09-05,11,12,6
2026-09-05,12,39,17
2026-09-05,13,19,10
2026-09-05,14,13,10
2026-09-05,15,24,12
2026-09-05,16,6,5
2026-09-05,17,21,9
2026-09-05,18,13,7
2026-09-05,19,7,4
2026-09-05,20,10,8
2026-09-05,21,17,6
2026-09-05,22,14,9
2026-09-05,23,3,2
2026-09-06,0,8,3
2026-09-06,1,8,7
2026-09-06,2,2,1
2026-09-06,5,4,4
2026-09-06,6,5,1
2026-09-06,7,13,7
2026-09-06,8,17,11
2026-09-06,9,11,5
2026-09-06,10,20,12
2026-09-06,11,22,11
2026-09-06,12,39,17
2026-09-06,13,36,10
2026-09-06,14,17,11
2026-09-06,15,30,12
2026-09-06,16,28,17
2026-09-06,17,21,14
2026-09-06,18,22,13
2026-09-06,19,26,13
2026-09-06,20,14,8
2026-09-06,21,10,7
2026-09-06,22,7,4
2026-09-06,23,8,4
2026-09-07,0,11,6
2026-09-07,1,12,5
2026-09-07,2,4,2
2026-09-07,4,3,3
2026-09-07,5,9,6
2026-09-07,6,3,3
2026-09-07,7,17,10
2026-09-07,8,73,36
2026-09-07,9,73,46
2026-09-07,10,76,42
2026-09-07,11,71,38
2026-09-07,12,40,26
2026-09-07,13,62,37
2026-09-07,14,86,42
2026-09-07,15,54,31
2026-09-07,16,37,17
2026-09-07,17,40,23
2026-09-07,18,39,23
2026-09-07,19,34,22
2026-09-07,20,31,17
2026-09-07,21,37,15
2026-09-07,22,21,12
2026-09-07,23,9,6
2026-09-08,0,8,6
2026-09-08,1,3,2
2026-09-08,2,3,2
2026-09-08,3,4,3
2026-09-08,4,4,2
2026-09-08,5,18,9
2026-09-08,6,10,8
2026-09-08,7,11,7
2026-09-08,8,47,24
2026-09-08,9,69,40
2026-09-08,10,73,39
2026-09-08,11,96,49
2026-09-08,12,55,34
2026-09-08,13,60,31
2026-09-08,14,89,44
2026-09-08,15,86,45
2026-09-08,16,56,33
2026-09-08,17,44,18
2026-09-08,18,35,20
2026-09-08,19,41,20
2026-09-08,20,41,22
2026-09-08,21,25,17
2026-09-08,22,22,14
2026-09-08,23,5,2
2026-09-09,0,17,5
2026-09-09,1,9,3
2026-09-09,2,20,4
2026-09-09,3,3,3
2026-09-09,4,3,2
2026-09-09,5,5,4
2026-09-09,6,20,12
2026-09-09,7,31,12
2026-09-09,8,37,23
2026-09-09,9,64,34
2026-09-09,10,65,39
2026-09-09,11,43,28
2026-09-09,12,68,33
2026-09-09,13,51,31
2026-09-09,14,79,40
2026-09-09,15,77,37
2026-09-09,16,48,23
2026-09-09,17,43,16
2026-09-09,18,29,21
2026-09-09,19,34,13
2026-09-09,20,50,18
2026-09-09,21,31,12
2026-09-09,22,24,7
2026-09-09,23,12,7
2026-09-10,0,10,3
2026-09-10,1,15,3
2026-09-10,2,17,4
2026-09-10,3,7,2
2026-09-10,4,2,1
2026-09-10,5,10,4
2026-09-10,6,12,9
2026-09-10,7,30,16
2026-09-10,8,41,24
2026-09-10,9,61,37
2026-09-10,10,79,45
2026-09-10,11,98,47
2026-09-10,12,39,24
2026-09-10,13,68,46
2026-09-10,14,82,46
2026-09-10,15,73,32
2026-09-10,16,53,33
2026-09-10,17,28,15
2026-09-10,18,54,24
2026-09-10,19,30,11
2026-09-10,20,21,9
2026-09-10,21,26,17
2026-09-10,22,33,19
2026-09-10,23,5,4
2026-09-11,0,3,2
2026-09-11,1,9,3
2026-09-11,2,6,1
2026-09-11,3,6,1
2026-09-11,4,1,1
2026-09-11,5,7,2
2026-09-11,6,13,7
2026-09-11,7,23,17
2026-09-11,8,30,21
2026-09-11,9,48,29
2026-09-11,10,51,31
2026-09-11,11,46,27
2026-09-11,12,21,14
2026-09-11,13,88,43
2026-09-11,14,44,22
2026-09-11,15,46,15
2026-09-11,16,43,19
2026-09-11,17,43,22
2026-09-11,18,48,20
2026-09-11,19,47,17
2026-09-11,20,21,12
2026-09-11,21,24,13
2026-09-11,22,16,9
2026-09-11,23,15,5
2026-09-12,0,7,6
2026-09-12,1,4,3
2026-09-12,2,1,1
2026-09-12,3,3,1
2026-09-12,5,9,5
2026-09-12,6,6,5
2026-09-12,7,18,10
2026-09-12,8,19,12
2026-09-12,9,41,18
2026-09-12,10,44,16
2026-09-12,11,31,20
2026-09-12,12,15,7
2026-09-12,13,13,7
2026-09-12,14,13,10
2026-09-12,15,35,12
2026-09-12,16,26,17
2026-09-12,17,21,10
2026-09-12,18,19,8
2026-09-12,19,27,16
2026-09-12,20,11,6
2026-09-12,21,16,7
2026-09-12,22,17,9
2026-09-12,23,2,1
2026-09-13,0,3,2
2026-09-13,1,2,2
2026-09-13,2,7,3
2026-09-13,4,2,1
2026-09-13,5,5,1
2026-09-13,6,4,3
2026-09-13,7,16,9
2026-09-13,8,28,15
2026-09-13,9,12,9
2026-09-13,10,35,16
2026-09-13,11,8,7
2026-09-13,12,17,9
2026-09-13,13,14,10
2026-09-13,14,27,14
2026-09-13,15,25,14
2026-09-13,16,27,12
2026-09-13,17,12,6
2026-09-13,18,23,15
2026-09-13,19,24,14
2026-09-13,20,19,8
2026-09-13,21,12,7
2026-09-13,22,8,7
2026-09-13,23,19,6
2026-09-14,1,3,2
2026-09-14,2,14,2
2026-09-14,4,2,1
2026-09-14,5,12,4
2026-09-14,6,22,10
2026-09-14,7,24,14
2026-09-14,8,31,20
2026-09-14,9,47,31
2026-09-14,10,93,52
2026-09-14,11,68,39
2026-09-14,12,41,25
2026-09-14,13,86,37
2026-09-14,14,80,49
2026-09-14,15,41,28
2026-09-14,16,36,21
2026-09-14,17,31,14
2026-09-14,18,45,19
2026-09-14,19,34,18
2026-09-14,20,32,19
2026-09-14,21,26,15
2026-09-14,22,39,15
2026-09-14,23,2,1
2026-09-15,0,6,3
2026-09-15,1,3,2
2026-09-15,2,3,2
2026-09-15,6,6,4
2026-09-15,7,28,11
2026-09-15,8,39,27
2026-09-15,9,95,53
2026-09-15,10,100,52
2026-09-15,11,81,45
2026-09-15,12,75,45
2026-09-15,13,121,63
2026-09-15,14,97,55
2026-09-15,15,70,39
2026-09-15,16,45,26
2026-09-15,17,32,20
2026-09-15,18,29,17
2026-09-15,19,48,26
2026-09-15,20,42,22
2026-09-15,21,36,22
2026-09-15,22,21,12
2026-09-15,23,11,7
2026-09-16,0,4,4
2026-09-16,2,9,3
2026-09-16,3,4,2
2026-09-16,4,1,1
2026-09-16,5,2,2
2026-09-16,6,17,8
2026-09-16,7,31,14
2026-09-16,8,60,37
2026-09-16,9,83,44
2026-09-16,10,48,33
2026-09-16,11,58,36
2026-09-16,12,62,34
2026-09-16,13,106,58
2026-09-16,14,88,46
2026-09-16,15,83,31
2026-09-16,16,40,20
2026-09-16,17,79,21
2026-09-16,18,39,19
2026-09-16,19,34,20
2026-09-16,20,46,13
2026-09-16,21,40,17
2026-09-16,22,25,11
2026-09-16,23,23,11
2026-09-17,0,10,4
2026-09-17,1,3,2
2026-09-17,3,6,2
2026-09-17,4,1,1
2026-09-17,5,12,4
2026-09-17,6,15,9
2026-09-17,7,36,20
2026-09-17,8,53,33
2026-09-17,9,90,51
2026-09-17,10,64,41
2026-09-17,11,94,50
2026-09-17,12,68,37
2026-09-17,13,68,40
2026-09-17,14,70,39
2026-09-17,15,44,30
2026-09-17,16,53,31
2026-09-17,17,34,19
2026-09-17,18,31,17
2026-09-17,19,24,12
2026-09-17,20,59,28
2026-09-17,21,29,14
2026-09-17,22,23,14
2026-09-17,23,17,7
2026-09-18,0,1,1
2026-09-18,1,7,3
2026-09-18,2,4,3
2026-09-18,3,1,1
2026-09-18,4,6,4
2026-09-18,5,2,2
2026-09-18,6,14,10
2026-09-18,7,15,9
2026-09-18,8,26,16
2026-09-18,9,65,37
2026-09-18,10,63,36
2026-09-18,11,60,25
2026-09-18,12,57,34
2026-09-18,13,89,32
2026-09-18,14,39,27
2026-09-18,15,66,32
2026-09-18,16,37,22
2026-09-18,17,27,14
2026-09-18,18,28,10
2026-09-18,19,28,17
2026-09-18,20,35,13
2026-09-18,21,27,7
2026-09-18,22,8,5
2026-09-18,23,14,9
2026-09-19,0,9,5
2026-09-19,1,4,4
2026-09-19,2,3,3
2026-09-19,3,2,1
2026-09-19,4,1,1
2026-09-19,6,7,4
2026-09-19,7,4,3
2026-09-19,8,11,7
2026-09-19,9,15,9
2026-09-19,10,35,20
2026-09-19,11,37,20
2026-09-19,12,24,12
2026-09-19,13,34,14
2026-09-19,14,42,16
2026-09-19,15,23,14
2026-09-19,16,27,11
2026-09-19,17,11,6
2026-09-19,18,33,18
2026-09-19,19,21,11
2026-09-19,20,13,9
2026-09-19,21,19,10
2026-09-19,22,19,12
2026-09-19,23,16,6
2026-09-20,0,13,4
2026-09-20,2,11,4
2026-09-20,3,4,1
2026-09-20,4,3,2
2026-09-20,5,6,3
2026-09-20,6,5,3
2026-09-20,7,21,12
2026-09-20,8,31,16
2026-09-20,9,7,5
2026-09-20,10,15,10
2026-09-20,11,27,16
2026-09-20,12,18,10
2026-09-20,13,33,16
2026-09-20,14,23,12
2026-09-20,15,15,10
2026-09-20,16,32,14
2026-09-20,17,16,9
2026-09-20,18,31,20
2026-09-20,19,28,14
2026-09-20,20,23,14
2026-09-20,21,26,12
2026-09-20,22,15,8
2026-09-20,23,17,8
2026-09-21,0,2,1
2026-09-21,1,13,6
2026-09-21,2,10,5
2026-09-21,3,4,3
2026-09-21,4,7,2
2026-09-21,5,6,3
2026-09-21,6,13,8
2026-09-21,7,25,14
2026-09-21,8,71,37
2026-09-21,9,85,45
2026-09-21,10,106,68
2026-09-21,11,100,49
2026-09-21,12,75,39
2026-09-21,13,68,34
2026-09-21,14,81,39
2026-09-21,15,55,33
2026-09-21,16,52,26
2026-09-21,17,38,24
2026-09-21,18,36,24
2026-09-21,19,53,21
2026-09-21,20,33,15
2026-09-21,21,27,14
2026-09-21,22,18,9
2026-09-21,23,27,11
2026-09-22,0,16,5
2026-09-22,1,1,1
2026-09-22,2,10,3
2026-09-22,3,3,1
2026-09-22,4,6,4
2026-09-22,5,11,5
2026-09-22,6,14,9
2026-09-22,7,28,10
2026-09-22,8,45,25
2026-09-22,9,57,29
2026-09-22,10,48,30
2026-09-22,11,85,48
2026-09-22,12,68,37
2026-09-22,13,88,42
2026-09-22,14,59,37
2026-09-22,15,89,48
2026-09-22,16,46,16
2026-09-22,17,29,19
2026-09-22,18,40,25
2026-09-22,19,30,25
2026-09-22,20,31,17
2026-09-22,21,35,22
2026-09-22,22,43,24
2026-09-22,23,14,7
2026-09-23,0,11,3
2026-09-23,1,8,3
2026-09-23,2,1,1
2026-09-23,3,1,1
2026-09-23,4,1,1
2026-09-23,5,9,7
2026-09-23,6,16,10
2026-09-23,7,14,10
2026-09-23,8,42,21
2026-09-23,9,75,48
2026-09-23,10,62,35
2026-09-23,11,79,43
2026-09-23,12,33,23
2026-09-23,13,81,37
2026-09-23,14,54,26
2026-09-23,15,60,32
2026-09-23,16,48,27
2026-09-23,17,41,23
2026-09-23,18,39,14
2026-09-23,19,33,20
2026-09-23,20,38,18
2026-09-23,21,36,20
2026-09-23,22,22,10
2026-09-23,23,19,6
2026-09-24,0,8,5
2026-09-24,1,1,1
2026-09-24,2,2,1
2026-09-24,3,20,7
2026-09-24,4,3,1
2026-09-24,5,14,7
2026-09-24,6,10,6
2026-09-24,7,24,17
2026-09-24,8,42,26
2026-09-24,9,57,34
2026-09-24,10,73,40
2026-09-24,11,79,41
2026-09-24,12,51,33
2026-09-24,13,98,51
2026-09-24,14,55,34
2026-09-24,15,46,29
2026-09-24,16,34,20
2026-09-24,17,74,26
2026-09-24,18,21,12
2026-09-24,19,24,14
2026-09-24,20,32,14
2026-09-24,21,26,15
2026-09-24,22,25,14
2026-09-24,23,26,8
2026-09-25,0,11,7
2026-09-25,2,3,2
2026-09-25,3,6,3
2026-09-25,4,5,2
2026-09-25,5,6,3
2026-09-25,6,25,14
2026-09-25,7,35,19
2026-09-25,8,42,27
2026-09-25,9,47,29
2026-09-25,10,53,37
2026-09-25,11,52,29
2026-09-25,12,58,27
2026-09-25,13,32,21
2026-09-25,14,52,27
2026-09-25,15,23,13
2026-09-25,16,15,10
2026-09-25,17,30,13
2026-09-25,18,14,8
2026-09-25,19,20,13
2026-09-25,20,21,12
2026-09-25,21,8,4
2026-09-25,22,15,7
2026-09-25,23,12,7
2026-09-26,0,16,7
2026-09-26,1,2,1
2026-09-26,2,3,1
2026-09-26,3,2,1
2026-09-26,5,5,3
2026-09-26,6,7,4
2026-09-26,7,23,8
2026-09-26,8,8,6
2026-09-26,9,22,10
2026-09-26,10,16,8
2026-09-26,11,20,14
2026-09-26,12,25,16
2026-09-26,13,34,10
2026-09-26,14,27,14
2026-09-26,15,26,17
2026-09-26,16,42,17
2026-09-26,17,22,8
2026-09-26,18,21,9
2026-09-26,19,37,14
2026-09-26,20,26,13
2026-09-26,21,11,7
2026-09-26,22,18,9
2026-09-26,23,8,2
2026-09-27,0,1,1
2026-09-27,1,5,3
2026-09-27,2,4,4
2026-09-27,3,1,1
2026-09-27,4,1,1
2026-09-27,6,1,1
2026-09-27,7,4,3
2026-09-27,8,17,12
2026-09-27,9,40,15
2026-09-27,10,19,13
2026-09-27,11,27,15
2026-09-27,12,26,15
2026-09-27,13,28,15
2026-09-27,14,20,13
2026-09-27,15,18,13
2026-09-27,16,28,18
2026-09-27,17,15,9
2026-09-27,18,22,13
2026-09-27,19,11,10
2026-09-27,20,23,13
2026-09-27,21,31,14
2026-09-27,22,33,8
2026-09-27,23,10,6
2026-09-28,0,8,4
2026-09-28,1,8,5
2026-09-28,2,3,2
2026-09-28,3,18,7
2026-09-28,4,3,2
2026-09-28,5,10,4
2026-09-28,6,4,4
2026-09-28,7,23,10
2026-09-28,8,51,28
2026-09-28,9,60,34
2026-09-28,10,101,51
2026-09-28,11,70,43
2026-09-28,12,62,32
2026-09-28,13,79,38
2026-09-28,14,91,45
2026-09-28,15,71,33
2026-09-28,16,81,41
2026-09-28,17,30,18
2026-09-28,18,33,23
2026-09-28,19,59,21
2026-09-28,20,53,24
2026-09-28,21,113,71
2026-09-28,22,63,60
2026-09-28,23,15,10
2026-09-29,0,9,4
2026-09-29,1,2,1
2026-09-29,2,20,5
2026-09-29,4,3,2
2026-09-29,5,7,4
2026-09-29,6,16,10
2026-09-29,7,28,15
2026-09-29,8,58,37
2026-09-29,9,88,43
2026-09-29,10,81,53
2026-09-29,11,65,42
2026-09-29,12,67,45
2026-09-29,13,72,41
2026-09-29,14,47,32
2026-09-29,15,42,27
2026-09-29,16,41,21
2026-09-29,17,34,21
2026-09-29,18,28,16
2026-09-29,19,38,19
2026-09-29,20,24,19
2026-09-29,21,46,22
2026-09-29,22,59,12
2026-09-29,23,30,7
2026-09-30,0,6,4
2026-09-30,1,3,3
2026-09-30,2,8,2
2026-09-30,3,2,1
2026-09-30,4,16,7
2026-09-30,5,7,4
2026-09-30,6,11,5
2026-09-30,7,29,16
2026-09-30,8,44,25
2026-09-30,9,71,42
2026-09-30,10,100,51
2026-09-30,11,61,34
2026-09-30,12,70,36
2026-09-30,13,68,36
2026-09-30,14,44,28
2026-09-30,15,63,38
2026-09-30,16,53,27
2026-09-30,17,30,20
2026-09-30,18,33,17
2026-09-30,19,42,20
2026-09-30,20,39,20
2026-09-30,21,24,17
2026-09-30,22,28,13
2026-09-30,23,32,11
2026-10-01,0,5,3
2026-10-01,1,9,4
2026-10-01,2,4,2
2026-10-01,3,10,4
2026-10-01,4,5,1
2026-10-01,5,6,3
2026-10-01,6,17,7
2026-10-01,7,26,15
2026-10-01,8,51,37
2026-10-01,9,74,47
2026-10-01,10,70,38
2026-10-01,11,69,43
2026-10-01,12,62,33
2026-10-01,13,49,28
2026-10-01,14,79,49
2026-10-01,15,49,32
2026-10-01,16,36,23
2026-10-01,17,29,12
2026-10-01,18,27,15
2026-10-01,19,3,2
2026-10-01,20,36,19
2026-10-01,21,10,8
2026-10-01,22,29,17
2026-10-01,23,25,12
2026-10-02,0,12,4
2026-10-02,1,12,5
2026-10-02,2,2,1
2026-10-02,3,2,1
2026-10-02,4,8,1
2026-10-02,5,12,5
2026-10-02,6,12,9
2026-10-02,7,26,16
2026-10-02,8,38,24
2026-10-02,9,72,44
2026-10-02,10,67,37
2026-10-02,11,66,32
2026-10-02,12,69,31
2026-10-02,13,51,27
2026-10-02,14,52,32
2026-10-02,15,74,37
2026-10-02,16,41,24
2026-10-02,17,32,21
2026-10-02,18,34,20
2026-10-02,19,21,8
2026-10-02,20,17,9
2026-10-02,21,26,13
2026-10-02,22,30,7
2026-10-02,23,9,5
2026-10-03,0,8,2
2026-10-03,1,8,5
2026-10-03,2,9,3
2026-10-03,4,6,3
2026-10-03,5,4,2
2026-10-03,6,5,3
2026-10-03,7,13,10
2026-10-03,8,8,6
2026-10-03,9,19,9
2026-10-03,10,46,24
2026-10-03,11,19,12
2026-10-03,12,28,17
2026-10-03,13,13,10
2026-10-03,14,24,13
2026-10-03,15,16,13
2026-10-03,16,31,15
2026-10-03,17,22,14
2026-10-03,18,23,10
2026-10-03,19,21,9
2026-10-03,20,19,8
2026-10-03,21,29,13
2026-10-03,22,6,3
2026-10-03,23,6,4
2026-10-04,0,9,5
2026-10-04,1,10,5
2026-10-04,2,3,1
2026-10-04,3,1,1
2026-10-04,6,4,4
2026-10-04,7,6,3
2026-10-04,8,13,5
2026-10-04,9,23,12
2026-10-04,10,16,11
2026-10-04,11,24,11
2026-10-04,12,27,15
2026-10-04,13,21,13
2026-10-04,14,28,14
2026-10-04,15,20,11
2026-10-04,16,49,17
2026-10-04,17,23,14
2026-10-04,18,35,16
2026-10-04,19,32,15
2026-10-04,20,47,21
2026-10-04,21,39,15
2026-10-04,22,17,6
2026-10-04,23,6,5
2026-10-05,0,13,3
2026-10-05,1,9,4
2026-10-05,2,1,1
2026-10-05,3,4,2
2026-10-05,4,6,2
2026-10-05,5,4,3
2026-10-05,6,5,3
2026-10-05,7,30,13
2026-10-05,8,38,21
2026-10-05,9,80,46
2026-10-05,10,84,38
2026-10-05,11,64,40
2026-10-05,12,37,23
2026-10-05,13,70,44
2026-10-05,14,108,44
2026-10-05,15,67,29
2026-10-05,16,63,23
2026-10-05,17,41,23
2026-10-05,18,37,18
2026-10-05,19,22,9
2026-10-05,20,31,18
2026-10-05,21,27,13
2026-10-05,22,11,7
2026-10-05,23,7,4
2026-10-06,0,11,3
2026-10-06,1,2,2
2026-10-06,2,1,1
2026-10-06,3,3,2
2026-10-06,4,2,2
2026-10-06,5,9,6
2026-10-06,6,14,10
2026-10-06,7,35,16
2026-10-06,8,71,44
2026-10-06,9,70,58
2026-10-06,10,110,73
2026-10-06,11,173,132
2026-10-06,12,74,47
2026-10-06,13,160,90
2026-10-06,14,208,121
2026-10-06,15,216,129
2026-10-06,16,184,108
2026-10-06,17,190,103
2026-10-06,18,183,98
2026-10-06,19,103,56
2026-10-06,20,174,82
2026-10-06,21,113,71
2026-10-06,22,74,43
2026-10-06,23,33,17
2026-10-07,0,61,23
2026-10-07,1,6,3
2026-10-07,2,4,2
2026-10-07,3,14,6
2026-10-07,4,18,6
2026-10-07,5,13,8
2026-10-07,6,59,29
2026-10-07,7,97,56
2026-10-07,8,170,103
2026-10-07,9,149,97
2026-10-07,10,168,99
2026-10-07,11,162,97
2026-10-07,12,150,78
2026-10-07,13,151,70
2026-10-07,14,98,69
2026-10-07,15,93,58
2026-10-07,16,93,54
2026-10-07,17,75,45
2026-10-07,18,68,34
2026-10-07,19,96,43
2026-10-07,20,85,46
2026-10-07,21,80,37
2026-10-07,22,40,21
2026-10-07,23,10,7
